<?xml version="1.0" encoding="utf-8"?>
<COLLADA version="1.4.1" xmlns="http://www.collada.org/2005/11/COLLADASchema">
  <asset>
    <contributor>
      <authoring_tool>ABB RobotStudio</authoring_tool>
    </contributor>
    <created>2026-02-28T18:47:58Z</created>
    <modified>2026-02-28T18:47:58Z</modified>
    <unit meter="1" name="meter" />
    <up_axis>Z_UP</up_axis>
  </asset>
  <library_effects>
    <effect id="ID1">
      <profile_COMMON>
        <technique sid="COMMON">
          <phong>
            <emission>
              <color>0 0 0 1</color>
            </emission>
            <ambient>
              <color>0.827451 0.827451 0.827451 1</color>
            </ambient>
            <diffuse>
              <color>0.827451 0.827451 0.827451 1</color>
            </diffuse>
            <specular>
              <color>0.7490196 0.7490196 0.7490196 1</color>
            </specular>
          </phong>
        </technique>
      </profile_COMMON>
    </effect>
  </library_effects>
  <library_materials>
    <material id="ID2">
      <instance_effect url="#ID1" />
    </material>
  </library_materials>
  <library_geometries>
    <geometry id="ID3">
      <mesh>
        <source id="ID4">
          <float_array id="ID5" count="78">-0.078 0.02825 0.008 -0.079625 0.0278146 0.008 -0.0808146 0.026625 0.008 -0.08125 0.025 0.008 -0.0808146 0.023375 0.008 -0.079625 0.0221854 0.008 -0.078 0.02175 0.008 -0.076375 0.0221854 0.008 -0.0751854 0.023375 0.008 -0.07475 0.025 0.008 -0.0751854 0.026625 0.008 -0.076375 0.0278146 0.008 -0.078 0.02825 0.0027 -0.076375 0.0278146 0.0027 -0.0751854 0.026625 0.0027 -0.07475 0.025 0.0027 -0.0751854 0.023375 0.0027 -0.076375 0.0221854 0.0027 -0.078 0.02175 0.0027 -0.079625 0.0221854 0.0027 -0.0808146 0.023375 0.0027 -0.08125 0.025 0.0027 -0.0808146 0.026625 0.0027 -0.079625 0.0278146 0.0027 -0.078 0.02825 0.0027 -0.078 0.02825 0.008</float_array>
          <technique_common>
            <accessor count="26" source="#ID5" stride="3">
              <param name="X" type="float" />
              <param name="Y" type="float" />
              <param name="Z" type="float" />
            </accessor>
          </technique_common>
        </source>
        <source id="ID6">
          <float_array id="ID7" count="78">0 -1 0 0.5 -0.8660254 0 0.8660254 -0.5 0 1 0 0 0.8660254 0.5 0 0.5 0.8660254 0 0 1 0 -0.5 0.8660254 0 -0.8660254 0.5 0 -1 0 0 -0.8660254 -0.5 0 -0.5 -0.8660254 0 0 -1 0 -0.5 -0.8660254 0 -0.8660254 -0.5 0 -1 0 0 -0.8660254 0.5 0 -0.5 0.8660254 0 0 1 0 0.5 0.8660254 0 0.8660254 0.5 0 1 0 0 0.8660254 -0.5 0 0.5 -0.8660254 0 0 -1 0 0 -1 0</float_array>
          <technique_common>
            <accessor count="26" source="#ID7" stride="3">
              <param name="X" type="float" />
              <param name="Y" type="float" />
              <param name="Z" type="float" />
            </accessor>
          </technique_common>
        </source>
        <source id="ID8">
          <float_array id="ID9" count="52">1 0 1 0.0833334 1 0.1666667 1 0.25 1 0.3333333 1 0.4166667 1 0.5 1 0.5833334 1 0.6666667 1 0.75 1 0.8333333 1 0.9166666 0 1 0 0.9166666 0 0.8333333 0 0.75 0 0.6666667 0 0.5833334 0 0.5 0 0.4166667 0 0.3333333 0 0.25 0 0.1666667 0 0.0833334 0 0 1 1</float_array>
          <technique_common>
            <accessor count="26" source="#ID9" stride="2">
              <param name="S" type="float" />
              <param name="T" type="float" />
            </accessor>
          </technique_common>
        </source>
        <vertices id="ID10">
          <input semantic="POSITION" source="#ID4" />
        </vertices>
        <triangles count="24" material="ID11">
          <input semantic="VERTEX" source="#ID10" offset="0" />
          <input semantic="NORMAL" source="#ID6" offset="1" />
          <input semantic="TEXCOORD" source="#ID8" offset="2" set="0" />
          <p>1 1 1 24 24 24 0 0 0 1 1 1 23 23 23 24 24 24 1 1 1 2 2 2 23 23 23 23 23 23 2 2 2 22 22 22 22 22 22 2 2 2 3 3 3 21 21 21 3 3 3 4 4 4 20 20 20 4 4 4 5 5 5 19 19 19 5 5 5 6 6 6 18 18 18 6 6 6 7 7 7 17 17 17 7 7 7 8 8 8 16 16 16 8 8 8 9 9 9 15 15 15 9 9 9 10 10 10 14 14 14 10 10 10 11 11 11 13 13 13 11 11 11 25 25 25 12 12 12 13 13 13 25 25 25 13 13 13 14 14 14 11 11 11 14 14 14 15 15 15 10 10 10 15 15 15 16 16 16 9 9 9 16 16 16 17 17 17 8 8 8 17 17 17 18 18 18 7 7 7 18 18 18 19 19 19 6 6 6 19 19 19 20 20 20 5 5 5 20 20 20 21 21 21 4 4 4 21 21 21 22 22 22 3 3 3</p>
        </triangles>
      </mesh>
    </geometry>
    <geometry id="ID12">
      <mesh>
        <source id="ID13">
          <float_array id="ID14" count="78">-0.078 0.04925 0.0145 -0.079625 0.0488146 0.0145 -0.0808146 0.047625 0.0145 -0.08125 0.046 0.0145 -0.0808146 0.044375 0.0145 -0.079625 0.0431854 0.0145 -0.078 0.04275 0.0145 -0.076375 0.0431854 0.0145 -0.0751854 0.044375 0.0145 -0.07475 0.046 0.0145 -0.0751854 0.047625 0.0145 -0.076375 0.0488146 0.0145 -0.078 0.04925 0.0027 -0.076375 0.0488146 0.0027 -0.0751854 0.047625 0.0027 -0.07475 0.046 0.0027 -0.0751854 0.044375 0.0027 -0.076375 0.0431854 0.0027 -0.078 0.04275 0.0027 -0.079625 0.0431854 0.0027 -0.0808146 0.044375 0.0027 -0.08125 0.046 0.0027 -0.0808146 0.047625 0.0027 -0.079625 0.0488146 0.0027 -0.078 0.04925 0.0027 -0.078 0.04925 0.0145</float_array>
          <technique_common>
            <accessor count="26" source="#ID14" stride="3">
              <param name="X" type="float" />
              <param name="Y" type="float" />
              <param name="Z" type="float" />
            </accessor>
          </technique_common>
        </source>
        <source id="ID15">
          <float_array id="ID16" count="78">0 -1 0 0.5 -0.8660254 0 0.8660254 -0.5 0 1 0 0 0.8660254 0.5 0 0.5 0.8660254 0 0 1 0 -0.5 0.8660254 0 -0.8660254 0.5 0 -1 0 0 -0.8660254 -0.5 0 -0.5 -0.8660254 0 0 -1 0 -0.5 -0.8660254 0 -0.8660254 -0.5 0 -1 0 0 -0.8660254 0.5 0 -0.5 0.8660254 0 0 1 0 0.5 0.8660254 0 0.8660254 0.5 0 1 0 0 0.8660254 -0.5 0 0.5 -0.8660254 0 0 -1 0 0 -1 0</float_array>
          <technique_common>
            <accessor count="26" source="#ID16" stride="3">
              <param name="X" type="float" />
              <param name="Y" type="float" />
              <param name="Z" type="float" />
            </accessor>
          </technique_common>
        </source>
        <source id="ID17">
          <float_array id="ID18" count="52">1 0 1 0.0833334 1 0.1666667 1 0.25 1 0.3333333 1 0.4166667 1 0.5 1 0.5833334 1 0.6666667 1 0.75 1 0.8333333 1 0.9166666 0 1 0 0.9166666 0 0.8333333 0 0.75 0 0.6666667 0 0.5833334 0 0.5 0 0.4166667 0 0.3333333 0 0.25 0 0.1666667 0 0.0833334 0 0 1 1</float_array>
          <technique_common>
            <accessor count="26" source="#ID18" stride="2">
              <param name="S" type="float" />
              <param name="T" type="float" />
            </accessor>
          </technique_common>
        </source>
        <vertices id="ID19">
          <input semantic="POSITION" source="#ID13" />
        </vertices>
        <triangles count="24" material="ID20">
          <input semantic="VERTEX" source="#ID19" offset="0" />
          <input semantic="NORMAL" source="#ID15" offset="1" />
          <input semantic="TEXCOORD" source="#ID17" offset="2" set="0" />
          <p>1 1 1 24 24 24 0 0 0 1 1 1 23 23 23 24 24 24 1 1 1 2 2 2 23 23 23 23 23 23 2 2 2 22 22 22 22 22 22 2 2 2 3 3 3 21 21 21 3 3 3 4 4 4 20 20 20 4 4 4 5 5 5 19 19 19 5 5 5 6 6 6 18 18 18 6 6 6 7 7 7 17 17 17 7 7 7 8 8 8 16 16 16 8 8 8 9 9 9 15 15 15 9 9 9 10 10 10 14 14 14 10 10 10 11 11 11 13 13 13 11 11 11 25 25 25 12 12 12 13 13 13 25 25 25 13 13 13 14 14 14 11 11 11 14 14 14 15 15 15 10 10 10 15 15 15 16 16 16 9 9 9 16 16 16 17 17 17 8 8 8 17 17 17 18 18 18 7 7 7 18 18 18 19 19 19 6 6 6 19 19 19 20 20 20 5 5 5 20 20 20 21 21 21 4 4 4 21 21 21 22 22 22 3 3 3</p>
        </triangles>
      </mesh>
    </geometry>
    <geometry id="ID21">
      <mesh>
        <source id="ID22">
          <float_array id="ID23" count="12">-0.085 0.046 0.0027 -0.085 0.025 0.0027 -0.085 0.025 -0.0043 -0.085 0.046 -0.0043</float_array>
          <technique_common>
            <accessor count="4" source="#ID23" stride="3">
              <param name="X" type="float" />
              <param name="Y" type="float" />
              <param name="Z" type="float" />
            </accessor>
          </technique_common>
        </source>
        <source id="ID24">
          <float_array id="ID25" count="12">1 0 0 1 0 0 1 0 0 1 0 0</float_array>
          <technique_common>
            <accessor count="4" source="#ID25" stride="3">
              <param name="X" type="float" />
              <param name="Y" type="float" />
              <param name="Z" type="float" />
            </accessor>
          </technique_common>
        </source>
        <source id="ID26">
          <float_array id="ID27" count="8">1 0 0 0 0 1 1 1</float_array>
          <technique_common>
            <accessor count="4" source="#ID27" stride="2">
              <param name="S" type="float" />
              <param name="T" type="float" />
            </accessor>
          </technique_common>
        </source>
        <vertices id="ID28">
          <input semantic="POSITION" source="#ID22" />
        </vertices>
        <triangles count="2" material="ID29">
          <input semantic="VERTEX" source="#ID28" offset="0" />
          <input semantic="NORMAL" source="#ID24" offset="1" />
          <input semantic="TEXCOORD" source="#ID26" offset="2" set="0" />
          <p>0 0 0 1 1 1 3 3 3 3 3 3 1 1 1 2 2 2</p>
        </triangles>
      </mesh>
    </geometry>
    <geometry id="ID30">
      <mesh>
        <source id="ID31">
          <float_array id="ID32" count="42">-0.071 0.025 -0.0043 -0.0719378 0.0215 -0.0043 -0.0745 0.0189378 -0.0043 -0.078 0.018 -0.0043 -0.0815 0.0189378 -0.0043 -0.0840622 0.0215 -0.0043 -0.085 0.025 -0.0043 -0.085 0.025 0.0027 -0.0840622 0.0215 0.0027 -0.0815 0.0189378 0.0027 -0.078 0.018 0.0027 -0.0745 0.0189378 0.0027 -0.0719378 0.0215 0.0027 -0.071 0.025 0.0027</float_array>
          <technique_common>
            <accessor count="14" source="#ID32" stride="3">
              <param name="X" type="float" />
              <param name="Y" type="float" />
              <param name="Z" type="float" />
            </accessor>
          </technique_common>
        </source>
        <source id="ID33">
          <float_array id="ID34" count="42">-1 0 0 -0.8660254 0.5 0 -0.5 0.8660254 0 0 1 0 0.5 0.8660254 0 0.8660254 0.5 0 1 0 0 1 0 0 0.8660254 0.5 0 0.5 0.8660254 0 0 1 0 -0.5 0.8660254 0 -0.8660254 0.5 0 -1 0 0</float_array>
          <technique_common>
            <accessor count="14" source="#ID34" stride="3">
              <param name="X" type="float" />
              <param name="Y" type="float" />
              <param name="Z" type="float" />
            </accessor>
          </technique_common>
        </source>
        <source id="ID35">
          <float_array id="ID36" count="28">0 1 0 0.8333333 0 0.6666667 0 0.5 0 0.3333333 0 0.1666667 0 0 1 0 1 0.1666667 1 0.3333333 1 0.5 1 0.6666667 1 0.8333333 1 1</float_array>
          <technique_common>
            <accessor count="14" source="#ID36" stride="2">
              <param name="S" type="float" />
              <param name="T" type="float" />
            </accessor>
          </technique_common>
        </source>
        <vertices id="ID37">
          <input semantic="POSITION" source="#ID31" />
        </vertices>
        <triangles count="12" material="ID38">
          <input semantic="VERTEX" source="#ID37" offset="0" />
          <input semantic="NORMAL" source="#ID33" offset="1" />
          <input semantic="TEXCOORD" source="#ID35" offset="2" set="0" />
          <p>0 0 0 1 1 1 13 13 13 13 13 13 1 1 1 12 12 12 12 12 12 1 1 1 2 2 2 11 11 11 2 2 2 3 3 3 10 10 10 3 3 3 4 4 4 9 9 9 4 4 4 5 5 5 8 8 8 5 5 5 6 6 6 7 7 7 8 8 8 6 6 6 8 8 8 9 9 9 5 5 5 9 9 9 10 10 10 4 4 4 10 10 10 11 11 11 3 3 3 11 11 11 12 12 12 2 2 2</p>
        </triangles>
      </mesh>
    </geometry>
    <geometry id="ID39">
      <mesh>
        <source id="ID40">
          <float_array id="ID41" count="12">-0.071 0.025 0.0027 -0.071 0.046 0.0027 -0.071 0.046 -0.0043 -0.071 0.025 -0.0043</float_array>
          <technique_common>
            <accessor count="4" source="#ID41" stride="3">
              <param name="X" type="float" />
              <param name="Y" type="float" />
              <param name="Z" type="float" />
            </accessor>
          </technique_common>
        </source>
        <source id="ID42">
          <float_array id="ID43" count="12">-1 0 0 -1 0 0 -1 0 0 -1 0 0</float_array>
          <technique_common>
            <accessor count="4" source="#ID43" stride="3">
              <param name="X" type="float" />
              <param name="Y" type="float" />
              <param name="Z" type="float" />
            </accessor>
          </technique_common>
        </source>
        <source id="ID44">
          <float_array id="ID45" count="8">1 0 0 0 0 1 1 1</float_array>
          <technique_common>
            <accessor count="4" source="#ID45" stride="2">
              <param name="S" type="float" />
              <param name="T" type="float" />
            </accessor>
          </technique_common>
        </source>
        <vertices id="ID46">
          <input semantic="POSITION" source="#ID40" />
        </vertices>
        <triangles count="2" material="ID47">
          <input semantic="VERTEX" source="#ID46" offset="0" />
          <input semantic="NORMAL" source="#ID42" offset="1" />
          <input semantic="TEXCOORD" source="#ID44" offset="2" set="0" />
          <p>0 0 0 1 1 1 3 3 3 3 3 3 1 1 1 2 2 2</p>
        </triangles>
      </mesh>
    </geometry>
    <geometry id="ID48">
      <mesh>
        <source id="ID49">
          <float_array id="ID50" count="48">-0.085 0.046 -0.0043 -0.0840622 0.0495 -0.0043 -0.0815 0.0520622 -0.0043 -0.078 0.053 -0.0043 -0.0745 0.0520622 -0.0043 -0.0719378 0.0495 -0.0043 -0.071 0.046 -0.0043 -0.071 0.046 0.0027 -0.0719378 0.0495 0.0027 -0.0745 0.0520622 0.0027 -0.078 0.053 0.0027 -0.0815 0.0520622 0.0027 -0.0840622 0.0495 0.0027 -0.085 0.046 0.0027 -0.078 0.053 -0.0043 -0.078 0.053 0.0027</float_array>
          <technique_common>
            <accessor count="16" source="#ID50" stride="3">
              <param name="X" type="float" />
              <param name="Y" type="float" />
              <param name="Z" type="float" />
            </accessor>
          </technique_common>
        </source>
        <source id="ID51">
          <float_array id="ID52" count="48">1 0 0 0.8660254 -0.5 0 0.5 -0.8660254 0 0 -1 0 -0.5 -0.8660254 0 -0.8660254 -0.5 0 -1 0 0 -1 0 0 -0.8660254 -0.5 0 -0.5 -0.8660254 0 0 -1 0 0.5 -0.8660254 0 0.8660254 -0.5 0 1 0 0 0 -1 0 0 -1 0</float_array>
          <technique_common>
            <accessor count="16" source="#ID52" stride="3">
              <param name="X" type="float" />
              <param name="Y" type="float" />
              <param name="Z" type="float" />
            </accessor>
          </technique_common>
        </source>
        <source id="ID53">
          <float_array id="ID54" count="32">0 0.25 0 0.1666667 0 0.0833334 0 1 0 0.9166666 0 0.8333333 0 0.75 1 0.75 1 0.8333333 1 0.9166666 1 0 1 0.0833334 1 0.1666667 1 0.25 0 0 1 1</float_array>
          <technique_common>
            <accessor count="16" source="#ID54" stride="2">
              <param name="S" type="float" />
              <param name="T" type="float" />
            </accessor>
          </technique_common>
        </source>
        <vertices id="ID55">
          <input semantic="POSITION" source="#ID49" />
        </vertices>
        <triangles count="12" material="ID56">
          <input semantic="VERTEX" source="#ID55" offset="0" />
          <input semantic="NORMAL" source="#ID51" offset="1" />
          <input semantic="TEXCOORD" source="#ID53" offset="2" set="0" />
          <p>0 0 0 1 1 1 13 13 13 13 13 13 1 1 1 12 12 12 12 12 12 1 1 1 2 2 2 11 11 11 2 2 2 14 14 14 15 15 15 3 3 3 4 4 4 9 9 9 4 4 4 5 5 5 8 8 8 5 5 5 6 6 6 7 7 7 8 8 8 6 6 6 8 8 8 9 9 9 5 5 5 9 9 9 15 15 15 4 4 4 10 10 10 11 11 11 14 14 14 11 11 11 12 12 12 2 2 2</p>
        </triangles>
      </mesh>
    </geometry>
    <geometry id="ID57">
      <mesh>
        <source id="ID58">
          <float_array id="ID59" count="78">-0.078 -0.02825 0.008 -0.076375 -0.0278146 0.008 -0.0751854 -0.026625 0.008 -0.07475 -0.025 0.008 -0.0751854 -0.023375 0.008 -0.076375 -0.0221854 0.008 -0.078 -0.02175 0.008 -0.079625 -0.0221854 0.008 -0.0808146 -0.023375 0.008 -0.08125 -0.025 0.008 -0.0808146 -0.026625 0.008 -0.079625 -0.0278146 0.008 -0.078 -0.02825 0.0027 -0.079625 -0.0278146 0.0027 -0.0808146 -0.026625 0.0027 -0.08125 -0.025 0.0027 -0.0808146 -0.023375 0.0027 -0.079625 -0.0221854 0.0027 -0.078 -0.02175 0.0027 -0.076375 -0.0221854 0.0027 -0.0751854 -0.023375 0.0027 -0.07475 -0.025 0.0027 -0.0751854 -0.026625 0.0027 -0.076375 -0.0278146 0.0027 -0.078 -0.02825 0.008 -0.078 -0.02825 0.0027</float_array>
          <technique_common>
            <accessor count="26" source="#ID59" stride="3">
              <param name="X" type="float" />
              <param name="Y" type="float" />
              <param name="Z" type="float" />
            </accessor>
          </technique_common>
        </source>
        <source id="ID60">
          <float_array id="ID61" count="78">0 1 0 -0.5 0.8660254 0 -0.8660254 0.5 0 -1 0 0 -0.8660254 -0.5 0 -0.5 -0.8660254 0 0 -1 0 0.5 -0.8660254 0 0.8660254 -0.5 0 1 0 0 0.8660254 0.5 0 0.5 0.8660254 0 0 1 0 0.5 0.8660254 0 0.8660254 0.5 0 1 0 0 0.8660254 -0.5 0 0.5 -0.8660254 0 0 -1 0 -0.5 -0.8660254 0 -0.8660254 -0.5 0 -1 0 0 -0.8660254 0.5 0 -0.5 0.8660254 0 0 1 0 0 1 0</float_array>
          <technique_common>
            <accessor count="26" source="#ID61" stride="3">
              <param name="X" type="float" />
              <param name="Y" type="float" />
              <param name="Z" type="float" />
            </accessor>
          </technique_common>
        </source>
        <source id="ID62">
          <float_array id="ID63" count="52">1 1 1 0.9166666 1 0.8333333 1 0.75 1 0.6666667 1 0.5833334 1 0.5 1 0.4166667 1 0.3333333 1 0.25 1 0.1666667 1 0.0833334 0 0 0 0.0833334 0 0.1666667 0 0.25 0 0.3333333 0 0.4166667 0 0.5 0 0.5833334 0 0.6666667 0 0.75 0 0.8333333 0 0.9166666 1 0 0 1</float_array>
          <technique_common>
            <accessor count="26" source="#ID63" stride="2">
              <param name="S" type="float" />
              <param name="T" type="float" />
            </accessor>
          </technique_common>
        </source>
        <vertices id="ID64">
          <input semantic="POSITION" source="#ID58" />
        </vertices>
        <triangles count="24" material="ID65">
          <input semantic="VERTEX" source="#ID64" offset="0" />
          <input semantic="NORMAL" source="#ID60" offset="1" />
          <input semantic="TEXCOORD" source="#ID62" offset="2" set="0" />
          <p>1 1 1 25 25 25 0 0 0 1 1 1 23 23 23 25 25 25 1 1 1 2 2 2 23 23 23 23 23 23 2 2 2 22 22 22 22 22 22 2 2 2 3 3 3 21 21 21 3 3 3 4 4 4 20 20 20 4 4 4 5 5 5 19 19 19 5 5 5 6 6 6 18 18 18 6 6 6 7 7 7 17 17 17 7 7 7 8 8 8 16 16 16 8 8 8 9 9 9 15 15 15 9 9 9 10 10 10 14 14 14 10 10 10 11 11 11 13 13 13 11 11 11 24 24 24 12 12 12 13 13 13 24 24 24 13 13 13 14 14 14 11 11 11 14 14 14 15 15 15 10 10 10 15 15 15 16 16 16 9 9 9 16 16 16 17 17 17 8 8 8 17 17 17 18 18 18 7 7 7 18 18 18 19 19 19 6 6 6 19 19 19 20 20 20 5 5 5 20 20 20 21 21 21 4 4 4 21 21 21 22 22 22 3 3 3</p>
        </triangles>
      </mesh>
    </geometry>
    <geometry id="ID66">
      <mesh>
        <source id="ID67">
          <float_array id="ID68" count="78">-0.078 -0.04925 0.0145 -0.076375 -0.0488146 0.0145 -0.0751854 -0.047625 0.0145 -0.07475 -0.046 0.0145 -0.0751854 -0.044375 0.0145 -0.076375 -0.0431854 0.0145 -0.078 -0.04275 0.0145 -0.079625 -0.0431854 0.0145 -0.0808146 -0.044375 0.0145 -0.08125 -0.046 0.0145 -0.0808146 -0.047625 0.0145 -0.079625 -0.0488146 0.0145 -0.078 -0.04925 0.0027 -0.079625 -0.0488146 0.0027 -0.0808146 -0.047625 0.0027 -0.08125 -0.046 0.0027 -0.0808146 -0.044375 0.0027 -0.079625 -0.0431854 0.0027 -0.078 -0.04275 0.0027 -0.076375 -0.0431854 0.0027 -0.0751854 -0.044375 0.0027 -0.07475 -0.046 0.0027 -0.0751854 -0.047625 0.0027 -0.076375 -0.0488146 0.0027 -0.078 -0.04925 0.0145 -0.078 -0.04925 0.0027</float_array>
          <technique_common>
            <accessor count="26" source="#ID68" stride="3">
              <param name="X" type="float" />
              <param name="Y" type="float" />
              <param name="Z" type="float" />
            </accessor>
          </technique_common>
        </source>
        <source id="ID69">
          <float_array id="ID70" count="78">0 1 0 -0.5 0.8660254 0 -0.8660254 0.5 0 -1 0 0 -0.8660254 -0.5 0 -0.5 -0.8660254 0 0 -1 0 0.5 -0.8660254 0 0.8660254 -0.5 0 1 0 0 0.8660254 0.5 0 0.5 0.8660254 0 0 1 0 0.5 0.8660254 0 0.8660254 0.5 0 1 0 0 0.8660254 -0.5 0 0.5 -0.8660254 0 0 -1 0 -0.5 -0.8660254 0 -0.8660254 -0.5 0 -1 0 0 -0.8660254 0.5 0 -0.5 0.8660254 0 0 1 0 0 1 0</float_array>
          <technique_common>
            <accessor count="26" source="#ID70" stride="3">
              <param name="X" type="float" />
              <param name="Y" type="float" />
              <param name="Z" type="float" />
            </accessor>
          </technique_common>
        </source>
        <source id="ID71">
          <float_array id="ID72" count="52">1 1 1 0.9166666 1 0.8333333 1 0.75 1 0.6666667 1 0.5833334 1 0.5 1 0.4166667 1 0.3333333 1 0.25 1 0.1666667 1 0.0833334 0 0 0 0.0833334 0 0.1666667 0 0.25 0 0.3333333 0 0.4166667 0 0.5 0 0.5833334 0 0.6666667 0 0.75 0 0.8333333 0 0.9166666 1 0 0 1</float_array>
          <technique_common>
            <accessor count="26" source="#ID72" stride="2">
              <param name="S" type="float" />
              <param name="T" type="float" />
            </accessor>
          </technique_common>
        </source>
        <vertices id="ID73">
          <input semantic="POSITION" source="#ID67" />
        </vertices>
        <triangles count="24" material="ID74">
          <input semantic="VERTEX" source="#ID73" offset="0" />
          <input semantic="NORMAL" source="#ID69" offset="1" />
          <input semantic="TEXCOORD" source="#ID71" offset="2" set="0" />
          <p>1 1 1 25 25 25 0 0 0 1 1 1 23 23 23 25 25 25 1 1 1 2 2 2 23 23 23 23 23 23 2 2 2 22 22 22 22 22 22 2 2 2 3 3 3 21 21 21 3 3 3 4 4 4 20 20 20 4 4 4 5 5 5 19 19 19 5 5 5 6 6 6 18 18 18 6 6 6 7 7 7 17 17 17 7 7 7 8 8 8 16 16 16 8 8 8 9 9 9 15 15 15 9 9 9 10 10 10 14 14 14 10 10 10 11 11 11 13 13 13 11 11 11 24 24 24 12 12 12 13 13 13 24 24 24 13 13 13 14 14 14 11 11 11 14 14 14 15 15 15 10 10 10 15 15 15 16 16 16 9 9 9 16 16 16 17 17 17 8 8 8 17 17 17 18 18 18 7 7 7 18 18 18 19 19 19 6 6 6 19 19 19 20 20 20 5 5 5 20 20 20 21 21 21 4 4 4 21 21 21 22 22 22 3 3 3</p>
        </triangles>
      </mesh>
    </geometry>
    <geometry id="ID75">
      <mesh>
        <source id="ID76">
          <float_array id="ID77" count="12">-0.085 -0.025 0.0027 -0.085 -0.046 0.0027 -0.085 -0.046 -0.0043 -0.085 -0.025 -0.0043</float_array>
          <technique_common>
            <accessor count="4" source="#ID77" stride="3">
              <param name="X" type="float" />
              <param name="Y" type="float" />
              <param name="Z" type="float" />
            </accessor>
          </technique_common>
        </source>
        <source id="ID78">
          <float_array id="ID79" count="12">1 0 0 1 0 0 1 0 0 1 0 0</float_array>
          <technique_common>
            <accessor count="4" source="#ID79" stride="3">
              <param name="X" type="float" />
              <param name="Y" type="float" />
              <param name="Z" type="float" />
            </accessor>
          </technique_common>
        </source>
        <source id="ID80">
          <float_array id="ID81" count="8">0 0 1 0 1 1 0 1</float_array>
          <technique_common>
            <accessor count="4" source="#ID81" stride="2">
              <param name="S" type="float" />
              <param name="T" type="float" />
            </accessor>
          </technique_common>
        </source>
        <vertices id="ID82">
          <input semantic="POSITION" source="#ID76" />
        </vertices>
        <triangles count="2" material="ID83">
          <input semantic="VERTEX" source="#ID82" offset="0" />
          <input semantic="NORMAL" source="#ID78" offset="1" />
          <input semantic="TEXCOORD" source="#ID80" offset="2" set="0" />
          <p>0 0 0 1 1 1 3 3 3 3 3 3 1 1 1 2 2 2</p>
        </triangles>
      </mesh>
    </geometry>
    <geometry id="ID84">
      <mesh>
        <source id="ID85">
          <float_array id="ID86" count="42">-0.085 -0.025 -0.0043 -0.0840622 -0.0215 -0.0043 -0.0815 -0.0189378 -0.0043 -0.078 -0.018 -0.0043 -0.0745 -0.0189378 -0.0043 -0.0719378 -0.0215 -0.0043 -0.071 -0.025 -0.0043 -0.071 -0.025 0.0027 -0.0719378 -0.0215 0.0027 -0.0745 -0.0189378 0.0027 -0.078 -0.018 0.0027 -0.0815 -0.0189378 0.0027 -0.0840622 -0.0215 0.0027 -0.085 -0.025 0.0027</float_array>
          <technique_common>
            <accessor count="14" source="#ID86" stride="3">
              <param name="X" type="float" />
              <param name="Y" type="float" />
              <param name="Z" type="float" />
            </accessor>
          </technique_common>
        </source>
        <source id="ID87">
          <float_array id="ID88" count="42">1 0 0 0.8660254 -0.5 0 0.5 -0.8660254 0 0 -1 0 -0.5 -0.8660254 0 -0.8660254 -0.5 0 -1 0 0 -1 0 0 -0.8660254 -0.5 0 -0.5 -0.8660254 0 0 -1 0 0.5 -0.8660254 0 0.8660254 -0.5 0 1 0 0</float_array>
          <technique_common>
            <accessor count="14" source="#ID88" stride="3">
              <param name="X" type="float" />
              <param name="Y" type="float" />
              <param name="Z" type="float" />
            </accessor>
          </technique_common>
        </source>
        <source id="ID89">
          <float_array id="ID90" count="28">0 0 0 0.1666667 0 0.3333333 0 0.5 0 0.6666667 0 0.8333333 0 1 1 1 1 0.8333333 1 0.6666667 1 0.5 1 0.3333333 1 0.1666667 1 0</float_array>
          <technique_common>
            <accessor count="14" source="#ID90" stride="2">
              <param name="S" type="float" />
              <param name="T" type="float" />
            </accessor>
          </technique_common>
        </source>
        <vertices id="ID91">
          <input semantic="POSITION" source="#ID85" />
        </vertices>
        <triangles count="12" material="ID92">
          <input semantic="VERTEX" source="#ID91" offset="0" />
          <input semantic="NORMAL" source="#ID87" offset="1" />
          <input semantic="TEXCOORD" source="#ID89" offset="2" set="0" />
          <p>0 0 0 1 1 1 13 13 13 13 13 13 1 1 1 12 12 12 12 12 12 1 1 1 2 2 2 11 11 11 2 2 2 3 3 3 10 10 10 3 3 3 4 4 4 9 9 9 4 4 4 5 5 5 8 8 8 5 5 5 6 6 6 7 7 7 8 8 8 6 6 6 8 8 8 9 9 9 5 5 5 9 9 9 10 10 10 4 4 4 10 10 10 11 11 11 3 3 3 11 11 11 12 12 12 2 2 2</p>
        </triangles>
      </mesh>
    </geometry>
    <geometry id="ID93">
      <mesh>
        <source id="ID94">
          <float_array id="ID95" count="12">-0.071 -0.046 0.0027 -0.071 -0.025 0.0027 -0.071 -0.025 -0.0043 -0.071 -0.046 -0.0043</float_array>
          <technique_common>
            <accessor count="4" source="#ID95" stride="3">
              <param name="X" type="float" />
              <param name="Y" type="float" />
              <param name="Z" type="float" />
            </accessor>
          </technique_common>
        </source>
        <source id="ID96">
          <float_array id="ID97" count="12">-1 0 0 -1 0 0 -1 0 0 -1 0 0</float_array>
          <technique_common>
            <accessor count="4" source="#ID97" stride="3">
              <param name="X" type="float" />
              <param name="Y" type="float" />
              <param name="Z" type="float" />
            </accessor>
          </technique_common>
        </source>
        <source id="ID98">
          <float_array id="ID99" count="8">0 0 1 0 1 1 0 1</float_array>
          <technique_common>
            <accessor count="4" source="#ID99" stride="2">
              <param name="S" type="float" />
              <param name="T" type="float" />
            </accessor>
          </technique_common>
        </source>
        <vertices id="ID100">
          <input semantic="POSITION" source="#ID94" />
        </vertices>
        <triangles count="2" material="ID101">
          <input semantic="VERTEX" source="#ID100" offset="0" />
          <input semantic="NORMAL" source="#ID96" offset="1" />
          <input semantic="TEXCOORD" source="#ID98" offset="2" set="0" />
          <p>0 0 0 1 1 1 3 3 3 3 3 3 1 1 1 2 2 2</p>
        </triangles>
      </mesh>
    </geometry>
    <geometry id="ID102">
      <mesh>
        <source id="ID103">
          <float_array id="ID104" count="48">-0.071 -0.046 -0.0043 -0.0719378 -0.0495 -0.0043 -0.0745 -0.0520622 -0.0043 -0.078 -0.053 -0.0043 -0.0815 -0.0520622 -0.0043 -0.0840622 -0.0495 -0.0043 -0.085 -0.046 -0.0043 -0.085 -0.046 0.0027 -0.0840622 -0.0495 0.0027 -0.0815 -0.0520622 0.0027 -0.078 -0.053 0.0027 -0.0745 -0.0520622 0.0027 -0.0719378 -0.0495 0.0027 -0.071 -0.046 0.0027 -0.078 -0.053 0.0027 -0.078 -0.053 -0.0043</float_array>
          <technique_common>
            <accessor count="16" source="#ID104" stride="3">
              <param name="X" type="float" />
              <param name="Y" type="float" />
              <param name="Z" type="float" />
            </accessor>
          </technique_common>
        </source>
        <source id="ID105">
          <float_array id="ID106" count="48">-1 0 0 -0.8660254 0.5 0 -0.5 0.8660254 0 0 1 0 0.5 0.8660254 0 0.8660254 0.5 0 1 0 0 1 0 0 0.8660254 0.5 0 0.5 0.8660254 0 0 1 0 -0.5 0.8660254 0 -0.8660254 0.5 0 -1 0 0 0 1 0 0 1 0</float_array>
          <technique_common>
            <accessor count="16" source="#ID106" stride="3">
              <param name="X" type="float" />
              <param name="Y" type="float" />
              <param name="Z" type="float" />
            </accessor>
          </technique_common>
        </source>
        <source id="ID107">
          <float_array id="ID108" count="32">0 0.75 0 0.8333333 0 0.9166666 0 0 0 0.0833334 0 0.1666667 0 0.25 1 0.25 1 0.1666667 1 0.0833334 1 1 1 0.9166666 1 0.8333333 1 0.75 1 0 0 1</float_array>
          <technique_common>
            <accessor count="16" source="#ID108" stride="2">
              <param name="S" type="float" />
              <param name="T" type="float" />
            </accessor>
          </technique_common>
        </source>
        <vertices id="ID109">
          <input semantic="POSITION" source="#ID103" />
        </vertices>
        <triangles count="12" material="ID110">
          <input semantic="VERTEX" source="#ID109" offset="0" />
          <input semantic="NORMAL" source="#ID105" offset="1" />
          <input semantic="TEXCOORD" source="#ID107" offset="2" set="0" />
          <p>0 0 0 1 1 1 13 13 13 13 13 13 1 1 1 12 12 12 12 12 12 1 1 1 2 2 2 11 11 11 2 2 2 15 15 15 14 14 14 3 3 3 4 4 4 9 9 9 4 4 4 5 5 5 8 8 8 5 5 5 6 6 6 7 7 7 8 8 8 6 6 6 8 8 8 9 9 9 5 5 5 9 9 9 14 14 14 4 4 4 10 10 10 11 11 11 15 15 15 11 11 11 12 12 12 2 2 2</p>
        </triangles>
      </mesh>
    </geometry>
    <geometry id="ID111">
      <mesh>
        <source id="ID112">
          <float_array id="ID113" count="24">-0.0516192 0.0240912 0.008 -0.0528751 0.0244327 0.008 -0.0541751 0.0244953 0.008 -0.0554579 0.0242761 0.008 -0.0554579 0.0242761 0.0145 -0.0541751 0.0244953 0.0145 -0.0528751 0.0244327 0.0145 -0.0516192 0.0240912 0.0145</float_array>
          <technique_common>
            <accessor count="8" source="#ID113" stride="3">
              <param name="X" type="float" />
              <param name="Y" type="float" />
              <param name="Z" type="float" />
            </accessor>
          </technique_common>
        </source>
        <source id="ID114">
          <float_array id="ID115" count="24">0.3654757 0.9308209 0 0.156163 0.9877313 0 -0.0604972 0.9981683 0 -0.2743109 0.9616411 0 -0.2743109 0.9616411 0 -0.0604972 0.9981683 0 0.156163 0.9877313 0 0.3654757 0.9308209 0</float_array>
          <technique_common>
            <accessor count="8" source="#ID115" stride="3">
              <param name="X" type="float" />
              <param name="Y" type="float" />
              <param name="Z" type="float" />
            </accessor>
          </technique_common>
        </source>
        <source id="ID116">
          <float_array id="ID117" count="16">1 0 1 0.3333333 1 0.6666666 1 1 0 1 0 0.6666666 0 0.3333333 0 0</float_array>
          <technique_common>
            <accessor count="8" source="#ID117" stride="2">
              <param name="S" type="float" />
              <param name="T" type="float" />
            </accessor>
          </technique_common>
        </source>
        <vertices id="ID118">
          <input semantic="POSITION" source="#ID112" />
        </vertices>
        <triangles count="6" material="ID119">
          <input semantic="VERTEX" source="#ID118" offset="0" />
          <input semantic="NORMAL" source="#ID114" offset="1" />
          <input semantic="TEXCOORD" source="#ID116" offset="2" set="0" />
          <p>7 7 7 0 0 0 6 6 6 6 6 6 0 0 0 1 1 1 2 2 2 6 6 6 1 1 1 2 2 2 5 5 5 6 6 6 2 2 2 4 4 4 5 5 5 2 2 2 3 3 3 4 4 4</p>
        </triangles>
      </mesh>
    </geometry>
    <geometry id="ID120">
      <mesh>
        <source id="ID121">
          <float_array id="ID122" count="12">-0.0554579 0.0242761 0.008 -0.0908229 0.0141882 0.008 -0.0908229 0.0141882 0.0145 -0.0554579 0.0242761 0.0145</float_array>
          <technique_common>
            <accessor count="4" source="#ID122" stride="3">
              <param name="X" type="float" />
              <param name="Y" type="float" />
              <param name="Z" type="float" />
            </accessor>
          </technique_common>
        </source>
        <source id="ID123">
          <float_array id="ID124" count="12">-0.2743109 0.9616411 0 -0.2743109 0.9616411 0 -0.2743109 0.9616411 0 -0.2743109 0.9616411 0</float_array>
          <technique_common>
            <accessor count="4" source="#ID124" stride="3">
              <param name="X" type="float" />
              <param name="Y" type="float" />
              <param name="Z" type="float" />
            </accessor>
          </technique_common>
        </source>
        <source id="ID125">
          <float_array id="ID126" count="8">0 0 1 0 1 1 0 1</float_array>
          <technique_common>
            <accessor count="4" source="#ID126" stride="2">
              <param name="S" type="float" />
              <param name="T" type="float" />
            </accessor>
          </technique_common>
        </source>
        <vertices id="ID127">
          <input semantic="POSITION" source="#ID121" />
        </vertices>
        <triangles count="2" material="ID128">
          <input semantic="VERTEX" source="#ID127" offset="0" />
          <input semantic="NORMAL" source="#ID123" offset="1" />
          <input semantic="TEXCOORD" source="#ID125" offset="2" set="0" />
          <p>0 0 0 1 1 1 3 3 3 3 3 3 1 1 1 2 2 2</p>
        </triangles>
      </mesh>
    </geometry>
    <geometry id="ID129">
      <mesh>
        <source id="ID130">
          <float_array id="ID131" count="24">-0.0638645 -0.0401276 0.008 -0.0642389 -0.0400503 0.008 -0.0646066 -0.0399456 0.008 -0.0649656 -0.0398142 0.008 -0.0649656 -0.0398142 0.0145 -0.0646066 -0.0399456 0.0145 -0.0642389 -0.0400503 0.0145 -0.0638645 -0.0401276 0.0145</float_array>
          <technique_common>
            <accessor count="8" source="#ID131" stride="3">
              <param name="X" type="float" />
              <param name="Y" type="float" />
              <param name="Z" type="float" />
            </accessor>
          </technique_common>
        </source>
        <source id="ID132">
          <float_array id="ID133" count="24">0.1662494 0.9860837 0 0.2382486 0.9712042 0 0.3089601 0.951075 0 0.3780015 0.925805 0 0.3780015 0.925805 0 0.3089601 0.951075 0 0.2382486 0.9712042 0 0.1662494 0.9860837 0</float_array>
          <technique_common>
            <accessor count="8" source="#ID133" stride="3">
              <param name="X" type="float" />
              <param name="Y" type="float" />
              <param name="Z" type="float" />
            </accessor>
          </technique_common>
        </source>
        <source id="ID134">
          <float_array id="ID135" count="16">1 1 1 0.6666667 1 0.3333334 1 0 0 0 0 0.3333334 0 0.6666667 0 1</float_array>
          <technique_common>
            <accessor count="8" source="#ID135" stride="2">
              <param name="S" type="float" />
              <param name="T" type="float" />
            </accessor>
          </technique_common>
        </source>
        <vertices id="ID136">
          <input semantic="POSITION" source="#ID130" />
        </vertices>
        <triangles count="6" material="ID137">
          <input semantic="VERTEX" source="#ID136" offset="0" />
          <input semantic="NORMAL" source="#ID132" offset="1" />
          <input semantic="TEXCOORD" source="#ID134" offset="2" set="0" />
          <p>7 7 7 0 0 0 6 6 6 6 6 6 0 0 0 1 1 1 5 5 5 1 1 1 2 2 2 4 4 4 2 2 2 3 3 3 4 4 4 5 5 5 2 2 2 5 5 5 6 6 6 1 1 1</p>
        </triangles>
      </mesh>
    </geometry>
    <geometry id="ID138">
      <mesh>
        <source id="ID139">
          <float_array id="ID140" count="24">-0.0708181 -0.0374247 0.008 -0.0719524 -0.0368119 0.008 -0.0729296 -0.0359711 0.008 -0.0737046 -0.0349408 0.008 -0.0737046 -0.0349408 0.0145 -0.0729296 -0.0359711 0.0145 -0.0719524 -0.0368119 0.0145 -0.0708181 -0.0374247 0.0145</float_array>
          <technique_common>
            <accessor count="8" source="#ID140" stride="3">
              <param name="X" type="float" />
              <param name="Y" type="float" />
              <param name="Z" type="float" />
            </accessor>
          </technique_common>
        </source>
        <source id="ID141">
          <float_array id="ID142" count="24">0.3780015 0.925805 0 0.5670475 0.8236851 0 0.7299147 0.6835383 0 0.859084 0.5118346 0 0.859084 0.5118346 0 0.7299147 0.6835383 0 0.5670475 0.8236851 0 0.3780015 0.925805 0</float_array>
          <technique_common>
            <accessor count="8" source="#ID142" stride="3">
              <param name="X" type="float" />
              <param name="Y" type="float" />
              <param name="Z" type="float" />
            </accessor>
          </technique_common>
        </source>
        <source id="ID143">
          <float_array id="ID144" count="16">0 0 0 0.3333333 0 0.6666667 0 1 1 1 1 0.6666667 1 0.3333333 1 0</float_array>
          <technique_common>
            <accessor count="8" source="#ID144" stride="2">
              <param name="S" type="float" />
              <param name="T" type="float" />
            </accessor>
          </technique_common>
        </source>
        <vertices id="ID145">
          <input semantic="POSITION" source="#ID139" />
        </vertices>
        <triangles count="6" material="ID146">
          <input semantic="VERTEX" source="#ID145" offset="0" />
          <input semantic="NORMAL" source="#ID141" offset="1" />
          <input semantic="TEXCOORD" source="#ID143" offset="2" set="0" />
          <p>7 7 7 0 0 0 6 6 6 6 6 6 0 0 0 1 1 1 2 2 2 6 6 6 1 1 1 2 2 2 5 5 5 6 6 6 2 2 2 4 4 4 5 5 5 2 2 2 3 3 3 4 4 4</p>
        </triangles>
      </mesh>
    </geometry>
    <geometry id="ID147">
      <mesh>
        <source id="ID148">
          <float_array id="ID149" count="36">-0.0737046 -0.0349408 0.0145 -0.0737046 -0.0349408 0.008 -0.0751648 -0.0333816 0.008 -0.0771425 -0.0325741 0.008 -0.078 -0.0325 0.008 -0.0792767 -0.0326657 0.008 -0.0792767 -0.0326657 0.0145 -0.078 -0.0325 0.0145 -0.0771425 -0.0325741 0.0145 -0.0751648 -0.0333816 0.0145 -0.078 -0.0325 0.0145 -0.078 -0.0325 0.008</float_array>
          <technique_common>
            <accessor count="12" source="#ID149" stride="3">
              <param name="X" type="float" />
              <param name="Y" type="float" />
              <param name="Z" type="float" />
            </accessor>
          </technique_common>
        </source>
        <source id="ID150">
          <float_array id="ID151" count="36">0.859084 0.5118346 0 0.859084 0.5118346 0 0.5670475 0.8236851 0 0.1715043 0.9851834 0 0 1 0 -0.2553445 0.9668501 0 -0.2553445 0.9668501 0 0 1 0 0.1715043 0.9851834 0 0.5670475 0.8236851 0 0 1 0 0 1 0</float_array>
          <technique_common>
            <accessor count="12" source="#ID151" stride="3">
              <param name="X" type="float" />
              <param name="Y" type="float" />
              <param name="Z" type="float" />
            </accessor>
          </technique_common>
        </source>
        <source id="ID152">
          <float_array id="ID153" count="24">0 0.835517 1 0.835517 1 0.9040428 1 0.9725686 1 0 1 0.0410945 0 0.0410945 0 1 0 0.9725686 0 0.9040428 0 0 1 1</float_array>
          <technique_common>
            <accessor count="12" source="#ID153" stride="2">
              <param name="S" type="float" />
              <param name="T" type="float" />
            </accessor>
          </technique_common>
        </source>
        <vertices id="ID154">
          <input semantic="POSITION" source="#ID148" />
        </vertices>
        <triangles count="8" material="ID155">
          <input semantic="VERTEX" source="#ID154" offset="0" />
          <input semantic="NORMAL" source="#ID150" offset="1" />
          <input semantic="TEXCOORD" source="#ID152" offset="2" set="0" />
          <p>1 1 1 2 2 2 0 0 0 0 0 0 2 2 2 9 9 9 9 9 9 2 2 2 3 3 3 8 8 8 3 3 3 7 7 7 8 8 8 9 9 9 3 3 3 3 3 3 11 11 11 7 7 7 10 10 10 4 4 4 6 6 6 6 6 6 4 4 4 5 5 5</p>
        </triangles>
      </mesh>
    </geometry>
    <geometry id="ID156">
      <mesh>
        <source id="ID157">
          <float_array id="ID158" count="24">-0.0792767 -0.0326657 0.008 -0.0805513 -0.0328591 0.008 -0.0818378 -0.0327757 0.008 -0.0830768 -0.0324195 0.008 -0.0830768 -0.0324195 0.0145 -0.0818378 -0.0327757 0.0145 -0.0805513 -0.0328591 0.0145 -0.0792767 -0.0326657 0.0145</float_array>
          <technique_common>
            <accessor count="8" source="#ID158" stride="3">
              <param name="X" type="float" />
              <param name="Y" type="float" />
              <param name="Z" type="float" />
            </accessor>
          </technique_common>
        </source>
        <source id="ID159">
          <float_array id="ID160" count="24">-0.2553445 0.9668501 0 -0.0429106 0.9990789 0 0.1715043 0.9851834 0 0.3780015 0.925805 0 0.3780015 0.925805 0 0.1715043 0.9851834 0 -0.0429106 0.9990789 0 -0.2553445 0.9668501 0</float_array>
          <technique_common>
            <accessor count="8" source="#ID160" stride="3">
              <param name="X" type="float" />
              <param name="Y" type="float" />
              <param name="Z" type="float" />
            </accessor>
          </technique_common>
        </source>
        <source id="ID161">
          <float_array id="ID162" count="16">1 1 1 0.6666667 1 0.3333333 1 0 0 0 0 0.3333333 0 0.6666667 0 1</float_array>
          <technique_common>
            <accessor count="8" source="#ID162" stride="2">
              <param name="S" type="float" />
              <param name="T" type="float" />
            </accessor>
          </technique_common>
        </source>
        <vertices id="ID163">
          <input semantic="POSITION" source="#ID157" />
        </vertices>
        <triangles count="6" material="ID164">
          <input semantic="VERTEX" source="#ID163" offset="0" />
          <input semantic="NORMAL" source="#ID159" offset="1" />
          <input semantic="TEXCOORD" source="#ID161" offset="2" set="0" />
          <p>7 7 7 0 0 0 6 6 6 6 6 6 0 0 0 1 1 1 2 2 2 6 6 6 1 1 1 2 2 2 5 5 5 6 6 6 2 2 2 4 4 4 5 5 5 2 2 2 3 3 3 4 4 4</p>
        </triangles>
      </mesh>
    </geometry>
    <geometry id="ID165">
      <mesh>
        <source id="ID166">
          <float_array id="ID167" count="24">-0.0830768 0.0324195 0.008 -0.0818378 0.0327757 0.008 -0.0805513 0.0328591 0.008 -0.0792767 0.0326657 0.008 -0.0792767 0.0326657 0.0145 -0.0805513 0.0328591 0.0145 -0.0818378 0.0327757 0.0145 -0.0830768 0.0324195 0.0145</float_array>
          <technique_common>
            <accessor count="8" source="#ID167" stride="3">
              <param name="X" type="float" />
              <param name="Y" type="float" />
              <param name="Z" type="float" />
            </accessor>
          </technique_common>
        </source>
        <source id="ID168">
          <float_array id="ID169" count="24">0.3780015 -0.925805 0 0.1715043 -0.9851834 0 -0.0429106 -0.9990789 0 -0.2553445 -0.9668501 0 -0.2553445 -0.9668501 0 -0.0429106 -0.9990789 0 0.1715043 -0.9851834 0 0.3780015 -0.925805 0</float_array>
          <technique_common>
            <accessor count="8" source="#ID169" stride="3">
              <param name="X" type="float" />
              <param name="Y" type="float" />
              <param name="Z" type="float" />
            </accessor>
          </technique_common>
        </source>
        <source id="ID170">
          <float_array id="ID171" count="16">0 0 0 0.3333333 0 0.6666667 0 1 1 1 1 0.6666667 1 0.3333333 1 0</float_array>
          <technique_common>
            <accessor count="8" source="#ID171" stride="2">
              <param name="S" type="float" />
              <param name="T" type="float" />
            </accessor>
          </technique_common>
        </source>
        <vertices id="ID172">
          <input semantic="POSITION" source="#ID166" />
        </vertices>
        <triangles count="6" material="ID173">
          <input semantic="VERTEX" source="#ID172" offset="0" />
          <input semantic="NORMAL" source="#ID168" offset="1" />
          <input semantic="TEXCOORD" source="#ID170" offset="2" set="0" />
          <p>7 7 7 0 0 0 6 6 6 6 6 6 0 0 0 1 1 1 2 2 2 6 6 6 1 1 1 2 2 2 5 5 5 6 6 6 2 2 2 4 4 4 5 5 5 2 2 2 3 3 3 4 4 4</p>
        </triangles>
      </mesh>
    </geometry>
    <geometry id="ID174">
      <mesh>
        <source id="ID175">
          <float_array id="ID176" count="24">-0.0792767 0.0326657 0.0145 -0.0792767 0.0326657 0.008 -0.0771425 0.0325741 0.008 -0.0751648 0.0333816 0.008 -0.0737046 0.0349408 0.008 -0.0737046 0.0349408 0.0145 -0.0751648 0.0333816 0.0145 -0.0771425 0.0325741 0.0145</float_array>
          <technique_common>
            <accessor count="8" source="#ID176" stride="3">
              <param name="X" type="float" />
              <param name="Y" type="float" />
              <param name="Z" type="float" />
            </accessor>
          </technique_common>
        </source>
        <source id="ID177">
          <float_array id="ID178" count="24">-0.2553445 -0.9668501 0 -0.2553445 -0.9668501 0 0.1715043 -0.9851834 0 0.5670475 -0.8236851 0 0.859084 -0.5118346 0 0.859084 -0.5118346 0 0.5670475 -0.8236851 0 0.1715043 -0.9851834 0</float_array>
          <technique_common>
            <accessor count="8" source="#ID178" stride="3">
              <param name="X" type="float" />
              <param name="Y" type="float" />
              <param name="Z" type="float" />
            </accessor>
          </technique_common>
        </source>
        <source id="ID179">
          <float_array id="ID180" count="16">0 0 1 0 1 0.3333334 1 0.6666667 1 1 0 1 0 0.6666667 0 0.3333334</float_array>
          <technique_common>
            <accessor count="8" source="#ID180" stride="2">
              <param name="S" type="float" />
              <param name="T" type="float" />
            </accessor>
          </technique_common>
        </source>
        <vertices id="ID181">
          <input semantic="POSITION" source="#ID175" />
        </vertices>
        <triangles count="6" material="ID182">
          <input semantic="VERTEX" source="#ID181" offset="0" />
          <input semantic="NORMAL" source="#ID177" offset="1" />
          <input semantic="TEXCOORD" source="#ID179" offset="2" set="0" />
          <p>1 1 1 2 2 2 0 0 0 0 0 0 2 2 2 7 7 7 7 7 7 2 2 2 3 3 3 6 6 6 3 3 3 4 4 4 5 5 5 6 6 6 4 4 4 6 6 6 7 7 7 3 3 3</p>
        </triangles>
      </mesh>
    </geometry>
    <geometry id="ID183">
      <mesh>
        <source id="ID184">
          <float_array id="ID185" count="24">-0.0737046 0.0349408 0.008 -0.0729296 0.0359711 0.008 -0.0719524 0.0368119 0.008 -0.0708181 0.0374246 0.008 -0.0708181 0.0374246 0.0145 -0.0719524 0.0368119 0.0145 -0.0729296 0.0359711 0.0145 -0.0737046 0.0349408 0.0145</float_array>
          <technique_common>
            <accessor count="8" source="#ID185" stride="3">
              <param name="X" type="float" />
              <param name="Y" type="float" />
              <param name="Z" type="float" />
            </accessor>
          </technique_common>
        </source>
        <source id="ID186">
          <float_array id="ID187" count="24">0.859084 -0.5118346 0 0.7299147 -0.6835383 0 0.5670475 -0.8236851 0 0.3780015 -0.925805 0 0.3780015 -0.925805 0 0.5670475 -0.8236851 0 0.7299147 -0.6835383 0 0.859084 -0.5118346 0</float_array>
          <technique_common>
            <accessor count="8" source="#ID187" stride="3">
              <param name="X" type="float" />
              <param name="Y" type="float" />
              <param name="Z" type="float" />
            </accessor>
          </technique_common>
        </source>
        <source id="ID188">
          <float_array id="ID189" count="16">1 1 1 0.6666667 1 0.3333333 1 0 0 0 0 0.3333333 0 0.6666667 0 1</float_array>
          <technique_common>
            <accessor count="8" source="#ID189" stride="2">
              <param name="S" type="float" />
              <param name="T" type="float" />
            </accessor>
          </technique_common>
        </source>
        <vertices id="ID190">
          <input semantic="POSITION" source="#ID184" />
        </vertices>
        <triangles count="6" material="ID191">
          <input semantic="VERTEX" source="#ID190" offset="0" />
          <input semantic="NORMAL" source="#ID186" offset="1" />
          <input semantic="TEXCOORD" source="#ID188" offset="2" set="0" />
          <p>7 7 7 0 0 0 6 6 6 6 6 6 0 0 0 1 1 1 2 2 2 6 6 6 1 1 1 2 2 2 5 5 5 6 6 6 2 2 2 4 4 4 5 5 5 2 2 2 3 3 3 4 4 4</p>
        </triangles>
      </mesh>
    </geometry>
    <geometry id="ID192">
      <mesh>
        <source id="ID193">
          <float_array id="ID194" count="12">-0.0830768 0.0324195 0.008 -0.0830768 0.0324195 0.0145 -0.088866 0.0300558 0.0145 -0.088866 0.0300558 0.008</float_array>
          <technique_common>
            <accessor count="4" source="#ID194" stride="3">
              <param name="X" type="float" />
              <param name="Y" type="float" />
              <param name="Z" type="float" />
            </accessor>
          </technique_common>
        </source>
        <source id="ID195">
          <float_array id="ID196" count="12">0.3780015 -0.925805 0 0.3780015 -0.925805 0 0.3780015 -0.925805 0 0.3780015 -0.925805 0</float_array>
          <technique_common>
            <accessor count="4" source="#ID196" stride="3">
              <param name="X" type="float" />
              <param name="Y" type="float" />
              <param name="Z" type="float" />
            </accessor>
          </technique_common>
        </source>
        <source id="ID197">
          <float_array id="ID198" count="8">1 0 1 1 0 1 0 0</float_array>
          <technique_common>
            <accessor count="4" source="#ID198" stride="2">
              <param name="S" type="float" />
              <param name="T" type="float" />
            </accessor>
          </technique_common>
        </source>
        <vertices id="ID199">
          <input semantic="POSITION" source="#ID193" />
        </vertices>
        <triangles count="2" material="ID200">
          <input semantic="VERTEX" source="#ID199" offset="0" />
          <input semantic="NORMAL" source="#ID195" offset="1" />
          <input semantic="TEXCOORD" source="#ID197" offset="2" set="0" />
          <p>1 1 1 2 2 2 0 0 0 0 0 0 2 2 2 3 3 3</p>
        </triangles>
      </mesh>
    </geometry>
    <geometry id="ID201">
      <mesh>
        <source id="ID202">
          <float_array id="ID203" count="324">-0.078 0.04925 0.0145 -0.076375 0.0488146 0.0145 -0.0751854 0.047625 0.0145 -0.07475 0.046 0.0145 -0.0751854 0.044375 0.0145 -0.076375 0.0431854 0.0145 -0.078 0.04275 0.0145 -0.079625 0.0431854 0.0145 -0.0808146 0.044375 0.0145 -0.08125 0.046 0.0145 -0.0808146 0.047625 0.0145 -0.079625 0.0488146 0.0145 -0.063 0.048334 0.0145 -0.063833 0.0485572 0.0145 -0.0644428 0.049167 0.0145 -0.064666 0.05 0.0145 -0.0644428 0.050833 0.0145 -0.063833 0.0514428 0.0145 -0.063 0.051666 0.0145 -0.062167 0.0514428 0.0145 -0.0615572 0.050833 0.0145 -0.061334 0.05 0.0145 -0.0615572 0.049167 0.0145 -0.062167 0.0485572 0.0145 -0.013 0.048334 0.0145 -0.013833 0.0485572 0.0145 -0.0144428 0.049167 0.0145 -0.014666 0.05 0.0145 -0.0144428 0.050833 0.0145 -0.013833 0.0514428 0.0145 -0.013 0.051666 0.0145 -0.012167 0.0514428 0.0145 -0.0115572 0.050833 0.0145 -0.011334 0.05 0.0145 -0.0115572 0.049167 0.0145 -0.012167 0.0485572 0.0145 -0.0784991 0.0342885 0.0145 -0.0800379 0.0349683 0.0145 -0.0810307 0.0363265 0.0145 -0.0812115 0.0379991 0.0145 -0.0805317 0.0395379 0.0145 -0.0791735 0.0405307 0.0145 -0.0775009 0.0407115 0.0145 -0.0759621 0.0400317 0.0145 -0.0749693 0.0386735 0.0145 -0.0747885 0.0370009 0.0145 -0.0754683 0.0354621 0.0145 -0.0768265 0.0344693 0.0145 0 0.0378 0.0145 0.0558 0.0378 0.0145 0.0558 0.0488443 0.0145 0.0553881 0.0495789 0.0145 0.0553881 0.0504211 0.0145 0.0558 0.0511557 0.0145 0.0558 0.055 0.0145 -0.078 0.055 0.0145 -0.0837402 0.0538582 0.0145 -0.0886066 0.0506066 0.0145 -0.0918582 0.0457402 0.0145 -0.093 0.04 0.0145 -0.093 0.0328332 0.0145 -0.0926476 0.0314224 0.0145 -0.091673 0.030343 0.0145 -0.0903054 0.0298488 0.0145 -0.088866 0.0300558 0.0145 -0.0830768 0.0324195 0.0145 -0.0818378 0.0327757 0.0145 -0.0805513 0.0328591 0.0145 -0.0792767 0.0326657 0.0145 -0.0771425 0.0325741 0.0145 -0.0751648 0.0333816 0.0145 -0.0737046 0.0349408 0.0145 -0.0729296 0.0359711 0.0145 -0.0719524 0.0368119 0.0145 -0.0708181 0.0374246 0.0145 -0.0649656 0.0398142 0.0145 -0.0646066 0.0399456 0.0145 -0.0642389 0.0400503 0.0145 -0.0638645 0.0401276 0.0145 -0.0541175 0.0417709 0.0145 -0.0533425 0.042013 0.0145 -0.0526608 0.0424541 0.0145 -0.0521223 0.0430618 0.0145 -0.0503286 0.0447515 0.0145 -0.0479772 0.0454883 0.0145 -0.0466794 0.0454356 0.0145 -0.04554 0.0451244 0.0145 -0.0338903 0.0405504 0.0145 -0.0321593 0.0394625 0.0145 -0.0309453 0.0378175 0.0145 -0.0304159 0.0358428 0.0145 -0.0298562 0.0283918 0.0145 -0.0295186 0.0274212 0.0145 -0.0287434 0.0267464 0.0145 -0.0277355 0.0265456 0.0145 -0.026761 0.0268719 0.0145 -0.0265142 0.0270325 0.0145 -0.0262655 0.0271902 0.0145 -0.0260151 0.027345 0.0145 -0.0253744 0.0277583 0.0145 -0.0247555 0.0282037 0.0145 -0.0241601 0.02868 0.0145 -0.0241162 0.0287169 0.0145 -0.0240723 0.0287537 0.0145 -0.0240283 0.0287905 0.0145 -0.0209119 0.0314886 0.0145 -0.0143998 0.0349497 0.0145 -0.0073396 0.0370806 0.0145</float_array>
          <technique_common>
            <accessor count="108" source="#ID203" stride="3">
              <param name="X" type="float" />
              <param name="Y" type="float" />
              <param name="Z" type="float" />
            </accessor>
          </technique_common>
        </source>
        <source id="ID204">
          <float_array id="ID205" count="324">0 0 1 0 0 1 0 0 1 0 0 1 0 0 1 0 0 1 0 0 1 0 0 1 0 0 1 0 0 1 0 0 1 0 0 1 0 0 1 0 0 1 0 0 1 0 0 1 0 0 1 0 0 1 0 0 1 0 0 1 0 0 1 0 0 1 0 0 1 0 0 1 0 0 1 0 0 1 0 0 1 0 0 1 0 0 1 0 0 1 0 0 1 0 0 1 0 0 1 0 0 1 0 0 1 0 0 1 0 0 1 0 0 1 0 0 1 0 0 1 0 0 1 0 0 1 0 0 1 0 0 1 0 0 1 0 0 1 0 0 1 0 0 1 0 0 1 0 0 1 0 0 1 0 0 1 0 0 1 0 0 1 0 0 1 0 0 1 0 0 1 0 0 1 0 0 1 0 0 1 0 0 1 0 0 1 0 0 1 0 0 1 0 0 1 0 0 1 0 0 1 0 0 1 0 0 1 0 0 1 0 0 1 0 0 1 0 0 1 0 0 1 0 0 1 0 0 1 0 0 1 0 0 1 0 0 1 0 0 1 0 0 1 0 0 1 0 0 1 0 0 1 0 0 1 0 0 1 0 0 1 0 0 1 0 0 1 0 0 1 0 0 1 0 0 1 0 0 1 0 0 1 0 0 1 0 0 1 0 0 1 0 0 1 0 0 1 0 0 1 0 0 1 0 0 1 0 0 1 0 0 1 0 0 1 0 0 1 0 0 1 0 0 1</float_array>
          <technique_common>
            <accessor count="108" source="#ID205" stride="3">
              <param name="X" type="float" />
              <param name="Y" type="float" />
              <param name="Z" type="float" />
            </accessor>
          </technique_common>
        </source>
        <source id="ID206">
          <float_array id="ID207" count="216">0.2020779 0.1008065 0.2173802 0.1117271 0.2591868 0.1197217 0.3162958 0.1226478 0.3734048 0.1197217 0.4152114 0.1117271 0.4305137 0.1008065 0.4152114 0.0898857 0.3734048 0.0818912 0.3162958 0.0789651 0.2591868 0.0818912 0.2173802 0.0898857 0.2342698 0.2016129 0.2264256 0.1960148 0.2049948 0.1919167 0.1757199 0.1904167 0.146445 0.1919167 0.1250142 0.1960148 0.11717 0.2016129 0.1250142 0.207211 0.146445 0.2113091 0.1757199 0.2128091 0.2049948 0.2113091 0.2264256 0.207211 0.2342698 0.5376344 0.2264256 0.5320363 0.2049948 0.5279382 0.1757199 0.5264382 0.146445 0.5279382 0.1250142 0.5320363 0.11717 0.5376344 0.1250142 0.5432325 0.146445 0.5473306 0.1757199 0.5488306 0.2049948 0.5473306 0.2264256 0.5432325 0.7278829 0.0974525 0.7039926 0.0871107 0.6562621 0.0804386 0.5974806 0.0792241 0.5433988 0.0837925 0.5085077 0.0929198 0.5021563 0.1041604 0.5260466 0.1145022 0.5737771 0.1211743 0.6325586 0.1223888 0.6866404 0.1178204 0.7215316 0.1086931 0.6044765 0.625 0.6044765 1 0.2163345 1 0.1905186 0.9972318 0.1609211 0.9972318 0.1351053 1 0 1 0 0.1008065 0.0401276 0.0622295 0.1544015 0.0295256 0.3254244 0.0076734 0.5271597 0 0.7790297 0 0.8286124 0.0023686 0.8665447 0.0089179 0.8839141 0.0181089 0.8766392 0.0277823 0.7935693 0.0666882 0.7810486 0.0750147 0.7781185 0.0836604 0.7849144 0.0922264 0.7881359 0.1065694 0.7597575 0.1198605 0.7049592 0.1296735 0.6687531 0.1348819 0.6392012 0.1414492 0.6176678 0.149072 0.5336899 0.1884032 0.5290719 0.1908159 0.5253933 0.193287 0.5226741 0.1958031 0.4649222 0.2613068 0.456414 0.2665153 0.4409134 0.2710967 0.4195559 0.2747155 0.3601741 0.28677 0.3342781 0.3025728 0.3361317 0.3112943 0.3470662 0.3189519 0.5078178 0.3972424 0.5460502 0.4088754 0.6038604 0.4170345 0.6732605 0.4205921 0.9351169 0.4243532 0.969229 0.4266226 0.9929439 0.4318318 1 0.4386054 0.9885341 0.4451547 0.9828891 0.4468131 0.9773465 0.4484842 0.9719073 0.4501676 0.9573802 0.4544734 0.9417276 0.4586324 0.9249902 0.462634 0.9236937 0.4629287 0.9223996 0.4632238 0.9211078 0.4635193 0.8262849 0.4844627 0.7046457 0.528227 0.6297593 0.5756747</float_array>
          <technique_common>
            <accessor count="108" source="#ID207" stride="2">
              <param name="S" type="float" />
              <param name="T" type="float" />
            </accessor>
          </technique_common>
        </source>
        <vertices id="ID208">
          <input semantic="POSITION" source="#ID202" />
        </vertices>
        <triangles count="114" material="ID209">
          <input semantic="VERTEX" source="#ID208" offset="0" />
          <input semantic="NORMAL" source="#ID204" offset="1" />
          <input semantic="TEXCOORD" source="#ID206" offset="2" set="0" />
          <p>11 11 11 0 0 0 55 55 55 56 56 56 11 11 11 55 55 55 56 56 56 10 10 10 11 11 11 56 56 56 57 57 57 10 10 10 10 10 10 57 57 57 9 9 9 9 9 9 57 57 57 58 58 58 8 8 8 58 58 58 59 59 59 40 40 40 59 59 59 39 39 39 40 40 40 8 8 8 59 59 59 40 40 40 7 7 7 8 8 8 40 40 40 41 41 41 7 7 7 7 7 7 41 41 41 6 6 6 6 6 6 41 41 41 42 42 42 5 5 5 42 42 42 43 43 43 4 4 4 43 43 43 44 44 44 74 74 74 44 44 44 73 73 73 74 74 74 4 4 4 44 44 44 74 74 74 75 75 75 4 4 4 4 4 4 75 75 75 3 3 3 3 3 3 75 75 75 14 14 14 15 15 15 3 3 3 14 14 14 15 15 15 2 2 2 3 3 3 15 15 15 16 16 16 2 2 2 2 2 2 16 16 16 1 1 1 1 1 1 16 16 16 55 55 55 0 0 0 1 1 1 55 55 55 4 4 4 5 5 5 43 43 43 5 5 5 6 6 6 42 42 42 8 8 8 9 9 9 58 58 58 23 23 23 12 12 12 78 78 78 79 79 79 23 23 23 78 78 78 79 79 79 22 22 22 23 23 23 79 79 79 82 82 82 22 22 22 79 79 79 80 80 80 82 82 82 82 82 82 80 80 80 81 81 81 14 14 14 75 75 75 13 13 13 13 13 13 75 75 75 76 76 76 77 77 77 13 13 13 76 76 76 77 77 77 78 78 78 13 13 13 13 13 13 78 78 78 12 12 12 16 16 16 17 17 17 55 55 55 55 55 55 17 17 17 18 18 18 30 30 30 18 18 18 19 19 19 29 29 29 19 19 19 85 85 85 86 86 86 29 29 29 85 85 85 86 86 86 28 28 28 29 29 29 86 86 86 87 87 87 28 28 28 28 28 28 87 87 87 27 27 27 27 27 27 87 87 87 88 88 88 26 26 26 88 88 88 89 89 89 106 106 106 89 89 89 105 105 105 106 106 106 26 26 26 89 89 89 106 106 106 25 25 25 26 26 26 106 106 106 24 24 24 25 25 25 106 106 106 107 107 107 24 24 24 24 24 24 107 107 107 35 35 35 35 35 35 107 107 107 34 34 34 34 34 34 107 107 107 48 48 48 33 33 33 48 48 48 32 32 32 33 33 33 34 34 34 48 48 48 85 85 85 19 19 19 84 84 84 84 84 84 19 19 19 20 20 20 83 83 83 20 20 20 21 21 21 82 82 82 21 21 21 22 22 22 82 82 82 83 83 83 21 21 21 26 26 26 27 27 27 88 88 88 29 29 29 30 30 30 19 19 19 31 31 31 54 54 54 30 30 30 31 31 31 32 32 32 54 54 54 54 54 54 32 32 32 48 48 48 52 52 52 48 48 48 51 51 51 52 52 52 54 54 54 48 48 48 52 52 52 53 53 53 54 54 54 66 66 66 67 67 67 37 37 37 38 38 38 66 66 66 37 37 37 38 38 38 65 65 65 66 66 66 38 38 38 39 39 39 65 65 65 65 65 65 39 39 39 59 59 59 60 60 60 65 65 65 59 59 59 60 60 60 64 64 64 65 65 65 60 60 60 61 61 61 64 64 64 64 64 64 61 61 61 62 62 62 63 63 63 64 64 64 62 62 62 44 44 44 45 45 45 73 73 73 73 73 73 45 45 45 72 72 72 72 72 72 45 45 45 71 71 71 71 71 71 45 45 45 46 46 46 70 70 70 46 46 46 47 47 47 69 69 69 47 47 47 36 36 36 68 68 68 36 36 36 37 37 37 67 67 67 68 68 68 37 37 37 48 48 48 49 49 49 51 51 51 51 51 51 49 49 49 50 50 50 54 54 54 55 55 55 30 30 30 30 30 30 55 55 55 18 18 18 68 68 68 69 69 69 36 36 36 69 69 69 70 70 70 47 47 47 70 70 70 71 71 71 46 46 46 83 83 83 84 84 84 20 20 20 89 89 89 90 90 90 105 105 105 105 105 105 90 90 90 104 104 104 104 104 104 90 90 90 103 103 103 103 103 103 90 90 90 102 102 102 102 102 102 90 90 90 101 101 101 101 101 101 90 90 90 91 91 91 100 100 100 91 91 91 99 99 99 100 100 100 101 101 101 91 91 91 92 92 92 95 95 95 91 91 91 92 92 92 93 93 93 95 95 95 95 95 95 93 93 93 94 94 94 95 95 95 96 96 96 91 91 91 91 91 91 96 96 96 97 97 97 98 98 98 91 91 91 97 97 97 98 98 98 99 99 99 91 91 91</p>
        </triangles>
      </mesh>
    </geometry>
    <geometry id="ID210">
      <mesh>
        <source id="ID211">
          <float_array id="ID212" count="306">-0.078 -0.04925 0.0145 -0.079625 -0.0488146 0.0145 -0.0808146 -0.047625 0.0145 -0.08125 -0.046 0.0145 -0.0808146 -0.044375 0.0145 -0.079625 -0.0431854 0.0145 -0.078 -0.04275 0.0145 -0.076375 -0.0431854 0.0145 -0.0751854 -0.044375 0.0145 -0.07475 -0.046 0.0145 -0.0751854 -0.047625 0.0145 -0.076375 -0.0488146 0.0145 0.0503669 -0.031 0.0145 -0.013 -0.031 0.0145 -0.0178269 -0.0305296 0.0145 -0.0224722 -0.0291361 0.0145 -0.026761 -0.0268719 0.0145 -0.0277355 -0.0265456 0.0145 -0.0287434 -0.0267464 0.0145 -0.0295186 -0.0274212 0.0145 -0.0298562 -0.0283918 0.0145 -0.0304159 -0.0358428 0.0145 -0.0309453 -0.0378175 0.0145 -0.0321593 -0.0394625 0.0145 -0.0338903 -0.0405504 0.0145 -0.04554 -0.0451245 0.0145 -0.0479772 -0.0454883 0.0145 -0.0503286 -0.0447515 0.0145 -0.0521223 -0.0430618 0.0145 -0.0526608 -0.0424541 0.0145 -0.0533425 -0.042013 0.0145 -0.0541175 -0.0417709 0.0145 -0.0638645 -0.0401276 0.0145 -0.0642389 -0.0400503 0.0145 -0.0646066 -0.0399456 0.0145 -0.0649656 -0.0398142 0.0145 -0.0708181 -0.0374247 0.0145 -0.0719524 -0.0368119 0.0145 -0.0729296 -0.0359711 0.0145 -0.0737046 -0.0349408 0.0145 -0.0751648 -0.0333816 0.0145 -0.0771425 -0.0325741 0.0145 -0.078 -0.0325 0.0145 -0.0792767 -0.0326657 0.0145 -0.0805513 -0.0328591 0.0145 -0.0818378 -0.0327757 0.0145 -0.0830768 -0.0324195 0.0145 -0.088866 -0.0300558 0.0145 -0.0903054 -0.0298488 0.0145 -0.091673 -0.030343 0.0145 -0.0926476 -0.0314224 0.0145 -0.093 -0.0328332 0.0145 -0.093 -0.04 0.0145 -0.0918582 -0.0457402 0.0145 -0.0886066 -0.0506066 0.0145 -0.0837402 -0.0538582 0.0145 -0.078 -0.055 0.0145 0.0558 -0.055 0.0145 0.0558 -0.0511557 0.0145 0.0553881 -0.0504211 0.0145 0.0553881 -0.0495789 0.0145 0.0558 -0.0488443 0.0145 0.0558 -0.0317503 0.0145 0.0555433 -0.0316815 0.0145 0.0538399 -0.0313038 0.0145 0.0521101 -0.0310761 0.0145 -0.0753958 -0.0355556 0.0145 -0.0747725 -0.0371182 0.0145 -0.075014 -0.0387831 0.0145 -0.0760556 -0.0401042 0.0145 -0.0776182 -0.0407275 0.0145 -0.0792831 -0.040486 0.0145 -0.0806042 -0.0394444 0.0145 -0.0812275 -0.0378818 0.0145 -0.080986 -0.0362169 0.0145 -0.0799444 -0.0348958 0.0145 -0.0783818 -0.0342725 0.0145 -0.0767169 -0.034514 0.0145 -0.013 -0.051666 0.0145 -0.013833 -0.0514428 0.0145 -0.0144428 -0.050833 0.0145 -0.014666 -0.05 0.0145 -0.0144428 -0.049167 0.0145 -0.013833 -0.0485572 0.0145 -0.013 -0.048334 0.0145 -0.012167 -0.0485572 0.0145 -0.0115572 -0.049167 0.0145 -0.011334 -0.05 0.0145 -0.0115572 -0.050833 0.0145 -0.012167 -0.0514428 0.0145 -0.063 -0.051666 0.0145 -0.063833 -0.0514428 0.0145 -0.0644428 -0.050833 0.0145 -0.064666 -0.05 0.0145 -0.0644428 -0.049167 0.0145 -0.063833 -0.0485572 0.0145 -0.063 -0.048334 0.0145 -0.062167 -0.0485572 0.0145 -0.0615572 -0.049167 0.0145 -0.061334 -0.05 0.0145 -0.0615572 -0.050833 0.0145 -0.062167 -0.0514428 0.0145</float_array>
          <technique_common>
            <accessor count="102" source="#ID212" stride="3">
              <param name="X" type="float" />
              <param name="Y" type="float" />
              <param name="Z" type="float" />
            </accessor>
          </technique_common>
        </source>
        <source id="ID213">
          <float_array id="ID214" count="306">0 0 1 0 0 1 0 0 1 0 0 1 0 0 1 0 0 1 0 0 1 0 0 1 0 0 1 0 0 1 0 0 1 0 0 1 0 0 1 0 0 1 0 0 1 0 0 1 0 0 1 0 0 1 0 0 1 0 0 1 0 0 1 0 0 1 0 0 1 0 0 1 0 0 1 0 0 1 0 0 1 0 0 1 0 0 1 0 0 1 0 0 1 0 0 1 0 0 1 0 0 1 0 0 1 0 0 1 0 0 1 0 0 1 0 0 1 0 0 1 0 0 1 0 0 1 0 0 1 0 0 1 0 0 1 0 0 1 0 0 1 0 0 1 0 0 1 0 0 1 0 0 1 0 0 1 0 0 1 0 0 1 0 0 1 0 0 1 0 0 1 0 0 1 0 0 1 0 0 1 0 0 1 0 0 1 0 0 1 0 0 1 0 0 1 0 0 1 0 0 1 0 0 1 0 0 1 0 0 1 0 0 1 0 0 1 0 0 1 0 0 1 0 0 1 0 0 1 0 0 1 0 0 1 0 0 1 0 0 1 0 0 1 0 0 1 0 0 1 0 0 1 0 0 1 0 0 1 0 0 1 0 0 1 0 0 1 0 0 1 0 0 1 0 0 1 0 0 1 0 0 1 0 0 1 0 0 1 0 0 1 0 0 1 0 0 1 0 0 1 0 0 1 0 0 1</float_array>
          <technique_common>
            <accessor count="102" source="#ID214" stride="3">
              <param name="X" type="float" />
              <param name="Y" type="float" />
              <param name="Z" type="float" />
            </accessor>
          </technique_common>
        </source>
        <source id="ID215">
          <float_array id="ID216" count="204">0.7979221 0.1008065 0.7826198 0.0898857 0.7408131 0.0818912 0.6837042 0.0789651 0.6265952 0.0818912 0.5847886 0.0898857 0.5694863 0.1008065 0.5847886 0.1117271 0.6265952 0.1197217 0.6837042 0.1226478 0.7408131 0.1197217 0.7826198 0.1117271 0.1565445 0.9634875 0.1565445 0.5376344 0.1400126 0.5051954 0.0910386 0.4739773 0.0114659 0.4451547 0 0.4386054 0.007056 0.4318318 0.0307711 0.4266226 0.064883 0.4243532 0.3267396 0.4205921 0.3961396 0.4170345 0.4539497 0.4088754 0.4921822 0.3972424 0.6529339 0.3189519 0.665722 0.3025728 0.6398259 0.28677 0.5804441 0.2747155 0.5590867 0.2710967 0.543586 0.2665153 0.5350778 0.2613068 0.4773258 0.1958031 0.4746068 0.193287 0.470928 0.1908159 0.4663101 0.1884032 0.3823324 0.149072 0.3607988 0.1414492 0.3312469 0.1348819 0.2950408 0.1296735 0.2402426 0.1198605 0.211864 0.1065694 0.2092605 0.1008065 0.2150855 0.0922264 0.2218815 0.0836604 0.2189514 0.0750147 0.2064307 0.0666882 0.1233608 0.0277823 0.116086 0.0181089 0.1334553 0.0089179 0.1713878 0.0023686 0.2209701 0 0.4728403 0 0.6745755 0.0076734 0.8455986 0.0295256 0.9598724 0.0622295 1 0.1008065 1 1 0.8648947 1 0.8390788 0.9972318 0.8094814 0.9972318 0.7836655 1 0.1829116 1 0.1804944 0.9982751 0.1672229 0.9868273 0.1592191 0.975202 0.3166457 0.1183077 0.3715614 0.1224966 0.4300727 0.1208737 0.4765016 0.1138738 0.4984073 0.1033725 0.4899206 0.0921836 0.453315 0.0833052 0.3983993 0.0791163 0.3398881 0.0807392 0.2934591 0.0877391 0.2715534 0.0982404 0.2800402 0.1094293 0.88283 0.5376344 0.8749856 0.5320363 0.853555 0.5279382 0.8242801 0.5264382 0.7950051 0.5279382 0.7735745 0.5320363 0.7657302 0.5376344 0.7735745 0.5432325 0.7950051 0.5473306 0.8242801 0.5488306 0.853555 0.5473306 0.8749856 0.5432325 0.88283 0.2016129 0.8749856 0.1960148 0.853555 0.1919167 0.8242801 0.1904167 0.7950051 0.1919167 0.7735745 0.1960148 0.7657302 0.2016129 0.7735745 0.207211 0.7950051 0.2113091 0.8242801 0.2128091 0.853555 0.2113091 0.8749856 0.207211</float_array>
          <technique_common>
            <accessor count="102" source="#ID216" stride="2">
              <param name="S" type="float" />
              <param name="T" type="float" />
            </accessor>
          </technique_common>
        </source>
        <vertices id="ID217">
          <input semantic="POSITION" source="#ID211" />
        </vertices>
        <triangles count="108" material="ID218">
          <input semantic="VERTEX" source="#ID217" offset="0" />
          <input semantic="NORMAL" source="#ID213" offset="1" />
          <input semantic="TEXCOORD" source="#ID215" offset="2" set="0" />
          <p>11 11 11 0 0 0 56 56 56 92 92 92 56 56 56 91 91 91 92 92 92 11 11 11 56 56 56 92 92 92 10 10 10 11 11 11 92 92 92 93 93 93 10 10 10 10 10 10 93 93 93 9 9 9 9 9 9 93 93 93 94 94 94 35 35 35 94 94 94 95 95 95 34 34 34 95 95 95 33 33 33 34 34 34 35 35 35 95 95 95 72 72 72 52 52 52 4 4 4 5 5 5 72 72 72 4 4 4 5 5 5 71 71 71 72 72 72 5 5 5 6 6 6 71 71 71 71 71 71 6 6 6 70 70 70 70 70 70 6 6 6 7 7 7 69 69 69 7 7 7 8 8 8 68 68 68 8 8 8 36 36 36 37 37 37 68 68 68 36 36 36 37 37 37 67 67 67 68 68 68 37 37 37 38 38 38 67 67 67 67 67 67 38 38 38 39 39 39 66 66 66 39 39 39 40 40 40 77 77 77 40 40 40 41 41 41 76 76 76 41 41 41 42 42 42 43 43 43 76 76 76 42 42 42 43 43 43 75 75 75 76 76 76 43 43 43 44 44 44 75 75 75 75 75 75 44 44 44 45 45 45 74 74 74 45 45 45 46 46 46 73 73 73 46 46 46 52 52 52 72 72 72 73 73 73 52 52 52 4 4 4 53 53 53 3 3 3 4 4 4 52 52 52 53 53 53 36 36 36 8 8 8 35 35 35 35 35 35 8 8 8 9 9 9 94 94 94 35 35 35 9 9 9 84 84 84 85 85 85 13 13 13 83 83 83 13 13 13 14 14 14 22 22 22 14 14 14 21 21 21 22 22 22 83 83 83 14 14 14 22 22 22 82 82 82 83 83 83 22 22 22 23 23 23 82 82 82 82 82 82 23 23 23 81 81 81 81 81 81 23 23 23 24 24 24 80 80 80 24 24 24 25 25 25 79 79 79 25 25 25 101 101 101 78 78 78 101 101 101 90 90 90 56 56 56 90 90 90 91 91 91 56 56 56 78 78 78 90 90 90 56 56 56 57 57 57 78 78 78 78 78 78 57 57 57 89 89 89 89 89 89 57 57 57 88 88 88 88 88 88 57 57 57 87 87 87 87 87 87 57 57 57 59 59 59 60 60 60 87 87 87 59 59 59 60 60 60 12 12 12 87 87 87 60 60 60 61 61 61 12 12 12 12 12 12 61 61 61 65 65 65 65 65 65 61 61 61 64 64 64 64 64 64 61 61 61 63 63 63 63 63 63 61 61 61 62 62 62 14 14 14 15 15 15 21 21 21 21 21 21 15 15 15 20 20 20 20 20 20 15 15 15 16 16 16 19 19 19 16 16 16 18 18 18 19 19 19 20 20 20 16 16 16 16 16 16 17 17 17 18 18 18 25 25 25 26 26 26 101 101 101 101 101 101 26 26 26 100 100 100 100 100 100 26 26 26 27 27 27 99 99 99 27 27 27 28 28 28 98 98 98 28 28 28 31 31 31 97 97 97 31 31 31 32 32 32 96 96 96 32 32 32 95 95 95 96 96 96 97 97 97 32 32 32 29 29 29 30 30 30 28 28 28 28 28 28 30 30 30 31 31 31 32 32 32 33 33 33 95 95 95 52 52 52 46 46 46 51 51 51 51 51 51 46 46 46 47 47 47 50 50 50 47 47 47 49 49 49 50 50 50 51 51 51 47 47 47 47 47 47 48 48 48 49 49 49 53 53 53 54 54 54 3 3 3 3 3 3 54 54 54 2 2 2 2 2 2 54 54 54 55 55 55 1 1 1 55 55 55 56 56 56 0 0 0 1 1 1 56 56 56 57 57 57 58 58 58 59 59 59 66 66 66 67 67 67 39 39 39 68 68 68 69 69 69 8 8 8 69 69 69 70 70 70 7 7 7 73 73 73 74 74 74 46 46 46 74 74 74 75 75 75 45 45 45 76 76 76 77 77 77 41 41 41 77 77 77 66 66 66 40 40 40 78 78 78 79 79 79 101 101 101 79 79 79 80 80 80 25 25 25 80 80 80 81 81 81 24 24 24 83 83 83 84 84 84 13 13 13 85 85 85 86 86 86 13 13 13 13 13 13 86 86 86 12 12 12 12 12 12 86 86 86 87 87 87 97 97 97 98 98 98 31 31 31 98 98 98 99 99 99 28 28 28 99 99 99 100 100 100 27 27 27 55 55 55 1 1 1 2 2 2</p>
        </triangles>
      </mesh>
    </geometry>
    <geometry id="ID219">
      <mesh>
        <source id="ID220">
          <float_array id="ID221" count="12">-0.0830768 -0.0324195 0.0145 -0.0830768 -0.0324195 0.008 -0.088866 -0.0300558 0.008 -0.088866 -0.0300558 0.0145</float_array>
          <technique_common>
            <accessor count="4" source="#ID221" stride="3">
              <param name="X" type="float" />
              <param name="Y" type="float" />
              <param name="Z" type="float" />
            </accessor>
          </technique_common>
        </source>
        <source id="ID222">
          <float_array id="ID223" count="12">0.3780015 0.925805 0 0.3780015 0.925805 0 0.3780015 0.925805 0 0.3780015 0.925805 0</float_array>
          <technique_common>
            <accessor count="4" source="#ID223" stride="3">
              <param name="X" type="float" />
              <param name="Y" type="float" />
              <param name="Z" type="float" />
            </accessor>
          </technique_common>
        </source>
        <source id="ID224">
          <float_array id="ID225" count="8">0 1 0 0 1 0 1 1</float_array>
          <technique_common>
            <accessor count="4" source="#ID225" stride="2">
              <param name="S" type="float" />
              <param name="T" type="float" />
            </accessor>
          </technique_common>
        </source>
        <vertices id="ID226">
          <input semantic="POSITION" source="#ID220" />
        </vertices>
        <triangles count="2" material="ID227">
          <input semantic="VERTEX" source="#ID226" offset="0" />
          <input semantic="NORMAL" source="#ID222" offset="1" />
          <input semantic="TEXCOORD" source="#ID224" offset="2" set="0" />
          <p>1 1 1 2 2 2 0 0 0 0 0 0 2 2 2 3 3 3</p>
        </triangles>
      </mesh>
    </geometry>
    <geometry id="ID228">
      <mesh>
        <source id="ID229">
          <float_array id="ID230" count="78">-0.0784991 0.0342885 0.0145 -0.0768265 0.0344693 0.0145 -0.0754683 0.0354621 0.0145 -0.0747885 0.0370009 0.0145 -0.0749693 0.0386735 0.0145 -0.0759621 0.0400317 0.0145 -0.0775009 0.0407115 0.0145 -0.0791735 0.0405307 0.0145 -0.0805317 0.0395379 0.0145 -0.0812115 0.0379991 0.0145 -0.0810307 0.0363265 0.0145 -0.0800379 0.0349683 0.0145 -0.078 0.03425 0.0027 -0.079625 0.0346854 0.0027 -0.0808146 0.035875 0.0027 -0.08125 0.0375 0.0027 -0.0808146 0.039125 0.0027 -0.079625 0.0403146 0.0027 -0.078 0.04075 0.0027 -0.076375 0.0403146 0.0027 -0.0751854 0.039125 0.0027 -0.07475 0.0375 0.0027 -0.0751854 0.035875 0.0027 -0.076375 0.0346854 0.0027 -0.0784991 0.0342885 0.0145 -0.078 0.03425 0.0027</float_array>
          <technique_common>
            <accessor count="26" source="#ID230" stride="3">
              <param name="X" type="float" />
              <param name="Y" type="float" />
              <param name="Z" type="float" />
            </accessor>
          </technique_common>
        </source>
        <source id="ID231">
          <float_array id="ID232" count="78">0.1535571 0.9881397 0 -0.3610855 0.9325327 0 -0.7789756 0.6270543 0 -0.9881397 0.1535571 0 -0.9325327 -0.3610855 0 -0.6270543 -0.7789756 0 -0.1535571 -0.9881397 0 0.3610855 -0.9325327 0 0.7789756 -0.6270543 0 0.9881397 -0.1535571 0 0.9325327 0.3610855 0 0.6270543 0.7789756 0 0 1 0 0.5 0.8660254 0 0.8660254 0.5 0 1 0 0 0.8660254 -0.5 0 0.5 -0.8660254 0 0 -1 0 -0.5 -0.8660254 0 -0.8660254 -0.5 0 -1 0 0 -0.8660254 0.5 0 -0.5 0.8660254 0 0.1535571 0.9881397 0 0 1 0</float_array>
          <technique_common>
            <accessor count="26" source="#ID232" stride="3">
              <param name="X" type="float" />
              <param name="Y" type="float" />
              <param name="Z" type="float" />
            </accessor>
          </technique_common>
        </source>
        <source id="ID233">
          <float_array id="ID234" count="52">1 1 1 0.9186624 1 0.8373249 1 0.7559872 1 0.6746497 1 0.593312 1 0.5119745 1 0.4306369 1 0.3492993 1 0.2679617 1 0.1866241 1 0.1052864 0 0 0 0.0813376 0 0.1626752 0 0.2440128 0 0.3253504 0 0.406688 0 0.4880256 0 0.5693632 0 0.6507008 0 0.7320384 0 0.813376 0 0.8947136 1 0.0239488 0 0.9760512</float_array>
          <technique_common>
            <accessor count="26" source="#ID234" stride="2">
              <param name="S" type="float" />
              <param name="T" type="float" />
            </accessor>
          </technique_common>
        </source>
        <vertices id="ID235">
          <input semantic="POSITION" source="#ID229" />
        </vertices>
        <triangles count="24" material="ID236">
          <input semantic="VERTEX" source="#ID235" offset="0" />
          <input semantic="NORMAL" source="#ID231" offset="1" />
          <input semantic="TEXCOORD" source="#ID233" offset="2" set="0" />
          <p>1 1 1 25 25 25 0 0 0 1 1 1 23 23 23 25 25 25 1 1 1 2 2 2 23 23 23 23 23 23 2 2 2 22 22 22 22 22 22 2 2 2 3 3 3 21 21 21 3 3 3 4 4 4 20 20 20 4 4 4 5 5 5 19 19 19 5 5 5 6 6 6 18 18 18 6 6 6 7 7 7 17 17 17 7 7 7 8 8 8 16 16 16 8 8 8 9 9 9 15 15 15 9 9 9 10 10 10 14 14 14 10 10 10 11 11 11 13 13 13 11 11 11 24 24 24 12 12 12 13 13 13 24 24 24 13 13 13 14 14 14 11 11 11 14 14 14 15 15 15 10 10 10 15 15 15 16 16 16 9 9 9 16 16 16 17 17 17 8 8 8 17 17 17 18 18 18 7 7 7 18 18 18 19 19 19 6 6 6 19 19 19 20 20 20 5 5 5 20 20 20 21 21 21 4 4 4 21 21 21 22 22 22 3 3 3</p>
        </triangles>
      </mesh>
    </geometry>
    <geometry id="ID237">
      <mesh>
        <source id="ID238">
          <float_array id="ID239" count="78">-0.0753958 -0.0355556 0.0145 -0.0767169 -0.034514 0.0145 -0.0783818 -0.0342725 0.0145 -0.0799444 -0.0348958 0.0145 -0.080986 -0.0362169 0.0145 -0.0812275 -0.0378818 0.0145 -0.0806042 -0.0394444 0.0145 -0.0792831 -0.040486 0.0145 -0.0776182 -0.0407275 0.0145 -0.0760556 -0.0401042 0.0145 -0.075014 -0.0387831 0.0145 -0.0747725 -0.0371182 0.0145 -0.078 -0.04075 0.0027 -0.079625 -0.0403146 0.0027 -0.0808146 -0.039125 0.0027 -0.08125 -0.0375 0.0027 -0.0808146 -0.035875 0.0027 -0.079625 -0.0346854 0.0027 -0.078 -0.03425 0.0027 -0.076375 -0.0346854 0.0027 -0.0751854 -0.035875 0.0027 -0.07475 -0.0375 0.0027 -0.0751854 -0.039125 0.0027 -0.076375 -0.0403146 0.0027 -0.079625 -0.0403146 0.0027 -0.0792831 -0.040486 0.0145</float_array>
          <technique_common>
            <accessor count="26" source="#ID239" stride="3">
              <param name="X" type="float" />
              <param name="Y" type="float" />
              <param name="Z" type="float" />
            </accessor>
          </technique_common>
        </source>
        <source id="ID240">
          <float_array id="ID241" count="78">-0.8012853 -0.5982825 0 -0.3947922 -0.9187704 0 0.1174852 -0.9930747 0 0.5982825 -0.8012853 0 0.9187704 -0.3947922 0 0.9930747 0.1174852 0 0.8012853 0.5982825 0 0.3947922 0.9187704 0 -0.1174852 0.9930747 0 -0.5982825 0.8012853 0 -0.9187704 0.3947922 0 -0.9930747 -0.1174852 0 0 1 0 0.5 0.8660254 0 0.8660254 0.5 0 1 0 0 0.8660254 -0.5 0 0.5 -0.8660254 0 0 -1 0 -0.5 -0.8660254 0 -0.8660254 -0.5 0 -1 0 0 -0.8660254 0.5 0 -0.5 0.8660254 0 0.5 0.8660254 0 0.3947922 0.9187704 0</float_array>
          <technique_common>
            <accessor count="26" source="#ID241" stride="3">
              <param name="X" type="float" />
              <param name="Y" type="float" />
              <param name="Z" type="float" />
            </accessor>
          </technique_common>
        </source>
        <source id="ID242">
          <float_array id="ID243" count="52">1 0.5726019 1 0.4908016 1 0.4090013 1 0.327201 1 0.2454008 1 0.1636005 1 0.0818002 1 0.9816031 1 0.8998029 1 0.8180026 1 0.7362024 1 0.6544021 0 0.9181998 0 0.0183968 0 0.1001971 0 0.1819973 0 0.2637976 0 0.3455979 0 0.4273981 0 0.5091984 0 0.5909987 0 0.6727989 0 0.7545992 0 0.8363994 0 1 1 0</float_array>
          <technique_common>
            <accessor count="26" source="#ID243" stride="2">
              <param name="S" type="float" />
              <param name="T" type="float" />
            </accessor>
          </technique_common>
        </source>
        <vertices id="ID244">
          <input semantic="POSITION" source="#ID238" />
        </vertices>
        <triangles count="24" material="ID245">
          <input semantic="VERTEX" source="#ID244" offset="0" />
          <input semantic="NORMAL" source="#ID240" offset="1" />
          <input semantic="TEXCOORD" source="#ID242" offset="2" set="0" />
          <p>1 1 1 19 19 19 0 0 0 1 1 1 18 18 18 19 19 19 1 1 1 2 2 2 18 18 18 18 18 18 2 2 2 17 17 17 17 17 17 2 2 2 3 3 3 16 16 16 3 3 3 4 4 4 15 15 15 4 4 4 5 5 5 14 14 14 5 5 5 6 6 6 13 13 13 6 6 6 25 25 25 12 12 12 7 7 7 8 8 8 23 23 23 8 8 8 9 9 9 22 22 22 9 9 9 10 10 10 21 21 21 10 10 10 11 11 11 20 20 20 11 11 11 0 0 0 19 19 19 20 20 20 0 0 0 12 12 12 24 24 24 7 7 7 13 13 13 14 14 14 6 6 6 14 14 14 15 15 15 5 5 5 15 15 15 16 16 16 4 4 4 16 16 16 17 17 17 3 3 3 20 20 20 21 21 21 11 11 11 21 21 21 22 22 22 10 10 10 22 22 22 23 23 23 9 9 9 23 23 23 12 12 12 8 8 8</p>
        </triangles>
      </mesh>
    </geometry>
    <geometry id="ID246">
      <mesh>
        <source id="ID247">
          <float_array id="ID248" count="12">-0.0708181 0.0374246 0.0145 -0.0708181 0.0374246 0.008 -0.0649656 0.0398142 0.008 -0.0649656 0.0398142 0.0145</float_array>
          <technique_common>
            <accessor count="4" source="#ID248" stride="3">
              <param name="X" type="float" />
              <param name="Y" type="float" />
              <param name="Z" type="float" />
            </accessor>
          </technique_common>
        </source>
        <source id="ID249">
          <float_array id="ID250" count="12">0.3780015 -0.925805 0 0.3780015 -0.925805 0 0.3780015 -0.925805 0 0.3780015 -0.925805 0</float_array>
          <technique_common>
            <accessor count="4" source="#ID250" stride="3">
              <param name="X" type="float" />
              <param name="Y" type="float" />
              <param name="Z" type="float" />
            </accessor>
          </technique_common>
        </source>
        <source id="ID251">
          <float_array id="ID252" count="8">0 1 0 0 1 0 1 1</float_array>
          <technique_common>
            <accessor count="4" source="#ID252" stride="2">
              <param name="S" type="float" />
              <param name="T" type="float" />
            </accessor>
          </technique_common>
        </source>
        <vertices id="ID253">
          <input semantic="POSITION" source="#ID247" />
        </vertices>
        <triangles count="2" material="ID254">
          <input semantic="VERTEX" source="#ID253" offset="0" />
          <input semantic="NORMAL" source="#ID249" offset="1" />
          <input semantic="TEXCOORD" source="#ID251" offset="2" set="0" />
          <p>1 1 1 2 2 2 0 0 0 0 0 0 2 2 2 3 3 3</p>
        </triangles>
      </mesh>
    </geometry>
    <geometry id="ID255">
      <mesh>
        <source id="ID256">
          <float_array id="ID257" count="12">-0.0708181 -0.0374247 0.008 -0.0708181 -0.0374247 0.0145 -0.0649656 -0.0398142 0.0145 -0.0649656 -0.0398142 0.008</float_array>
          <technique_common>
            <accessor count="4" source="#ID257" stride="3">
              <param name="X" type="float" />
              <param name="Y" type="float" />
              <param name="Z" type="float" />
            </accessor>
          </technique_common>
        </source>
        <source id="ID258">
          <float_array id="ID259" count="12">0.3780015 0.925805 0 0.3780015 0.925805 0 0.3780015 0.925805 0 0.3780015 0.925805 0</float_array>
          <technique_common>
            <accessor count="4" source="#ID259" stride="3">
              <param name="X" type="float" />
              <param name="Y" type="float" />
              <param name="Z" type="float" />
            </accessor>
          </technique_common>
        </source>
        <source id="ID260">
          <float_array id="ID261" count="8">1 0 1 1 0 1 0 0</float_array>
          <technique_common>
            <accessor count="4" source="#ID261" stride="2">
              <param name="S" type="float" />
              <param name="T" type="float" />
            </accessor>
          </technique_common>
        </source>
        <vertices id="ID262">
          <input semantic="POSITION" source="#ID256" />
        </vertices>
        <triangles count="2" material="ID263">
          <input semantic="VERTEX" source="#ID262" offset="0" />
          <input semantic="NORMAL" source="#ID258" offset="1" />
          <input semantic="TEXCOORD" source="#ID260" offset="2" set="0" />
          <p>1 1 1 2 2 2 0 0 0 0 0 0 2 2 2 3 3 3</p>
        </triangles>
      </mesh>
    </geometry>
    <geometry id="ID264">
      <mesh>
        <source id="ID265">
          <float_array id="ID266" count="150">-0.078 -0.02825 0.0027 -0.076375 -0.0278146 0.0027 -0.0751854 -0.026625 0.0027 -0.07475 -0.025 0.0027 -0.0751854 -0.023375 0.0027 -0.076375 -0.0221854 0.0027 -0.078 -0.02175 0.0027 -0.079625 -0.0221854 0.0027 -0.0808146 -0.023375 0.0027 -0.08125 -0.025 0.0027 -0.0808146 -0.026625 0.0027 -0.079625 -0.0278146 0.0027 -0.078 -0.04925 0.0027 -0.076375 -0.0488146 0.0027 -0.0751854 -0.047625 0.0027 -0.07475 -0.046 0.0027 -0.0751854 -0.044375 0.0027 -0.076375 -0.0431854 0.0027 -0.078 -0.04275 0.0027 -0.079625 -0.0431854 0.0027 -0.0808146 -0.044375 0.0027 -0.08125 -0.046 0.0027 -0.0808146 -0.047625 0.0027 -0.079625 -0.0488146 0.0027 -0.085 -0.046 0.0027 -0.085 -0.025 0.0027 -0.0840622 -0.0215 0.0027 -0.0815 -0.0189378 0.0027 -0.078 -0.018 0.0027 -0.0745 -0.0189378 0.0027 -0.0719378 -0.0215 0.0027 -0.071 -0.025 0.0027 -0.071 -0.046 0.0027 -0.0719378 -0.0495 0.0027 -0.0745 -0.0520622 0.0027 -0.078 -0.053 0.0027 -0.0815 -0.0520622 0.0027 -0.0840622 -0.0495 0.0027 -0.078 -0.04075 0.0027 -0.076375 -0.0403146 0.0027 -0.0751854 -0.039125 0.0027 -0.07475 -0.0375 0.0027 -0.0751854 -0.035875 0.0027 -0.076375 -0.0346854 0.0027 -0.078 -0.03425 0.0027 -0.079625 -0.0346854 0.0027 -0.0808146 -0.035875 0.0027 -0.08125 -0.0375 0.0027 -0.0808146 -0.039125 0.0027 -0.079625 -0.0403146 0.0027</float_array>
          <technique_common>
            <accessor count="50" source="#ID266" stride="3">
              <param name="X" type="float" />
              <param name="Y" type="float" />
              <param name="Z" type="float" />
            </accessor>
          </technique_common>
        </source>
        <source id="ID267">
          <float_array id="ID268" count="150">0 0 -1 0 0 -1 0 0 -1 0 0 -1 0 0 -1 0 0 -1 0 0 -1 0 0 -1 0 0 -1 0 0 -1 0 0 -1 0 0 -1 0 0 -1 0 0 -1 0 0 -1 0 0 -1 0 0 -1 0 0 -1 0 0 -1 0 0 -1 0 0 -1 0 0 -1 0 0 -1 0 0 -1 0 0 -1 0 0 -1 0 0 -1 0 0 -1 0 0 -1 0 0 -1 0 0 -1 0 0 -1 0 0 -1 0 0 -1 0 0 -1 0 0 -1 0 0 -1 0 0 -1 0 0 -1 0 0 -1 0 0 -1 0 0 -1 0 0 -1 0 0 -1 0 0 -1 0 0 -1 0 0 -1 0 0 -1 0 0 -1 0 0 -1</float_array>
          <technique_common>
            <accessor count="50" source="#ID268" stride="3">
              <param name="X" type="float" />
              <param name="Y" type="float" />
              <param name="Z" type="float" />
            </accessor>
          </technique_common>
        </source>
        <source id="ID269">
          <float_array id="ID270" count="100">0.7071428 0.5 0.7195834 0.3839286 0.7535714 0.2989584 0.8 0.2678571 0.8464286 0.2989584 0.8804166 0.3839286 0.8928571 0.5 0.8804166 0.6160714 0.8464286 0.7010416 0.8 0.7321429 0.7535714 0.7010416 0.7195834 0.6160714 0.1071429 0.5 0.1195833 0.3839286 0.1535714 0.2989584 0.2 0.2678571 0.2464286 0.2989584 0.2804166 0.3839286 0.2928571 0.5 0.2804166 0.6160714 0.2464286 0.7010416 0.2 0.7321429 0.1535714 0.7010416 0.1195833 0.6160714 0.2 1 0.8 1 0.9 0.9330127 0.973205 0.75 1 0.5 0.973205 0.25 0.9 0.0669873 0.8 0 0.2 0 0.1 0.0669873 0.0267949 0.25 0 0.5 0.0267949 0.75 0.1 0.9330127 0.35 0.5 0.3624405 0.3839286 0.3964286 0.2989584 0.4428571 0.2678571 0.4892857 0.2989584 0.5232738 0.3839286 0.5357143 0.5 0.5232738 0.6160714 0.4892857 0.7010416 0.4428571 0.7321429 0.3964286 0.7010416 0.3624405 0.6160714</float_array>
          <technique_common>
            <accessor count="50" source="#ID270" stride="2">
              <param name="S" type="float" />
              <param name="T" type="float" />
            </accessor>
          </technique_common>
        </source>
        <vertices id="ID271">
          <input semantic="POSITION" source="#ID265" />
        </vertices>
        <triangles count="54" material="ID272">
          <input semantic="VERTEX" source="#ID271" offset="0" />
          <input semantic="NORMAL" source="#ID267" offset="1" />
          <input semantic="TEXCOORD" source="#ID269" offset="2" set="0" />
          <p>7 7 7 27 27 27 6 6 6 7 7 7 8 8 8 27 27 27 27 27 27 8 8 8 26 26 26 26 26 26 8 8 8 25 25 25 25 25 25 8 8 8 9 9 9 10 10 10 25 25 25 9 9 9 10 10 10 46 46 46 25 25 25 10 10 10 45 45 45 46 46 46 10 10 10 11 11 11 45 45 45 45 45 45 11 11 11 44 44 44 44 44 44 11 11 11 0 0 0 43 43 43 0 0 0 1 1 1 42 42 42 1 1 1 2 2 2 31 31 31 2 2 2 3 3 3 30 30 30 3 3 3 4 4 4 29 29 29 4 4 4 5 5 5 28 28 28 5 5 5 6 6 6 27 27 27 28 28 28 6 6 6 23 23 23 12 12 12 35 35 35 36 36 36 23 23 23 35 35 35 36 36 36 22 22 22 23 23 23 36 36 36 37 37 37 22 22 22 22 22 22 37 37 37 24 24 24 21 21 21 24 24 24 20 20 20 21 21 21 22 22 22 24 24 24 39 39 39 40 40 40 16 16 16 17 17 17 39 39 39 16 16 16 17 17 17 38 38 38 39 39 39 17 17 17 18 18 18 38 38 38 38 38 38 18 18 18 49 49 49 49 49 49 18 18 18 19 19 19 48 48 48 19 19 19 20 20 20 24 24 24 48 48 48 20 20 20 24 24 24 47 47 47 48 48 48 24 24 24 25 25 25 47 47 47 47 47 47 25 25 25 46 46 46 16 16 16 32 32 32 15 15 15 16 16 16 40 40 40 32 32 32 32 32 32 40 40 40 41 41 41 31 31 31 41 41 41 42 42 42 2 2 2 31 31 31 42 42 42 28 28 28 29 29 29 5 5 5 29 29 29 30 30 30 4 4 4 30 30 30 31 31 31 3 3 3 31 31 31 32 32 32 41 41 41 32 32 32 33 33 33 15 15 15 15 15 15 33 33 33 14 14 14 14 14 14 33 33 33 34 34 34 13 13 13 34 34 34 35 35 35 12 12 12 13 13 13 35 35 35 42 42 42 43 43 43 1 1 1 43 43 43 44 44 44 0 0 0 48 48 48 49 49 49 19 19 19 34 34 34 13 13 13 14 14 14</p>
        </triangles>
      </mesh>
    </geometry>
    <geometry id="ID273">
      <mesh>
        <source id="ID274">
          <float_array id="ID275" count="150">-0.078 0.02825 0.0027 -0.079625 0.0278146 0.0027 -0.0808146 0.026625 0.0027 -0.08125 0.025 0.0027 -0.0808146 0.023375 0.0027 -0.079625 0.0221854 0.0027 -0.078 0.02175 0.0027 -0.076375 0.0221854 0.0027 -0.0751854 0.023375 0.0027 -0.07475 0.025 0.0027 -0.0751854 0.026625 0.0027 -0.076375 0.0278146 0.0027 -0.078 0.04925 0.0027 -0.079625 0.0488146 0.0027 -0.0808146 0.047625 0.0027 -0.08125 0.046 0.0027 -0.0808146 0.044375 0.0027 -0.079625 0.0431854 0.0027 -0.078 0.04275 0.0027 -0.076375 0.0431854 0.0027 -0.0751854 0.044375 0.0027 -0.07475 0.046 0.0027 -0.0751854 0.047625 0.0027 -0.076375 0.0488146 0.0027 -0.085 0.025 0.0027 -0.085 0.046 0.0027 -0.0840622 0.0495 0.0027 -0.0815 0.0520622 0.0027 -0.078 0.053 0.0027 -0.0745 0.0520622 0.0027 -0.0719378 0.0495 0.0027 -0.071 0.046 0.0027 -0.071 0.025 0.0027 -0.0719378 0.0215 0.0027 -0.0745 0.0189378 0.0027 -0.078 0.018 0.0027 -0.0815 0.0189378 0.0027 -0.0840622 0.0215 0.0027 -0.078 0.03425 0.0027 -0.076375 0.0346854 0.0027 -0.0751854 0.035875 0.0027 -0.07475 0.0375 0.0027 -0.0751854 0.039125 0.0027 -0.076375 0.0403146 0.0027 -0.078 0.04075 0.0027 -0.079625 0.0403146 0.0027 -0.0808146 0.039125 0.0027 -0.08125 0.0375 0.0027 -0.0808146 0.035875 0.0027 -0.079625 0.0346854 0.0027</float_array>
          <technique_common>
            <accessor count="50" source="#ID275" stride="3">
              <param name="X" type="float" />
              <param name="Y" type="float" />
              <param name="Z" type="float" />
            </accessor>
          </technique_common>
        </source>
        <source id="ID276">
          <float_array id="ID277" count="150">0 0 -1 0 0 -1 0 0 -1 0 0 -1 0 0 -1 0 0 -1 0 0 -1 0 0 -1 0 0 -1 0 0 -1 0 0 -1 0 0 -1 0 0 -1 0 0 -1 0 0 -1 0 0 -1 0 0 -1 0 0 -1 0 0 -1 0 0 -1 0 0 -1 0 0 -1 0 0 -1 0 0 -1 0 0 -1 0 0 -1 0 0 -1 0 0 -1 0 0 -1 0 0 -1 0 0 -1 0 0 -1 0 0 -1 0 0 -1 0 0 -1 0 0 -1 0 0 -1 0 0 -1 0 0 -1 0 0 -1 0 0 -1 0 0 -1 0 0 -1 0 0 -1 0 0 -1 0 0 -1 0 0 -1 0 0 -1 0 0 -1 0 0 -1</float_array>
          <technique_common>
            <accessor count="50" source="#ID277" stride="3">
              <param name="X" type="float" />
              <param name="Y" type="float" />
              <param name="Z" type="float" />
            </accessor>
          </technique_common>
        </source>
        <source id="ID278">
          <float_array id="ID279" count="100">0.2928572 0.5 0.2804167 0.6160714 0.2464286 0.7010416 0.2 0.7321429 0.1535714 0.7010416 0.1195834 0.6160714 0.1071429 0.5 0.1195834 0.3839286 0.1535714 0.2989584 0.2 0.2678571 0.2464286 0.2989584 0.2804167 0.3839286 0.8928571 0.5 0.8804167 0.6160714 0.8464286 0.7010416 0.8000001 0.7321429 0.7535715 0.7010416 0.7195834 0.6160714 0.7071428 0.5 0.7195834 0.3839286 0.7535715 0.2989584 0.8000001 0.2678571 0.8464286 0.2989584 0.8804167 0.3839286 0.2 1 0.8000001 1 0.9 0.9330127 0.9732051 0.75 1 0.5 0.9732051 0.25 0.9 0.0669873 0.8000001 0 0.2 0 0.1 0.0669873 0.0267949 0.25 0 0.5 0.0267949 0.75 0.1 0.9330127 0.4642857 0.5 0.4767262 0.3839286 0.5107143 0.2989584 0.5571429 0.2678571 0.6035714 0.2989584 0.6375595 0.3839286 0.65 0.5 0.6375595 0.6160714 0.6035714 0.7010416 0.5571429 0.7321429 0.5107143 0.7010416 0.4767262 0.6160714</float_array>
          <technique_common>
            <accessor count="50" source="#ID279" stride="2">
              <param name="S" type="float" />
              <param name="T" type="float" />
            </accessor>
          </technique_common>
        </source>
        <vertices id="ID280">
          <input semantic="POSITION" source="#ID274" />
        </vertices>
        <triangles count="54" material="ID281">
          <input semantic="VERTEX" source="#ID280" offset="0" />
          <input semantic="NORMAL" source="#ID276" offset="1" />
          <input semantic="TEXCOORD" source="#ID278" offset="2" set="0" />
          <p>3 3 3 24 24 24 2 2 2 3 3 3 4 4 4 24 24 24 24 24 24 4 4 4 37 37 37 37 37 37 4 4 4 36 36 36 36 36 36 4 4 4 5 5 5 35 35 35 5 5 5 6 6 6 7 7 7 35 35 35 6 6 6 7 7 7 34 34 34 35 35 35 7 7 7 8 8 8 34 34 34 34 34 34 8 8 8 33 33 33 33 33 33 8 8 8 9 9 9 32 32 32 9 9 9 10 10 10 40 40 40 10 10 10 39 39 39 40 40 40 32 32 32 10 10 10 40 40 40 41 41 41 32 32 32 32 32 32 41 41 41 31 31 31 31 31 31 41 41 41 42 42 42 20 20 20 42 42 42 19 19 19 20 20 20 31 31 31 42 42 42 20 20 20 21 21 21 31 31 31 31 31 31 21 21 21 30 30 30 30 30 30 21 21 21 22 22 22 29 29 29 22 22 22 23 23 23 28 28 28 23 23 23 12 12 12 27 27 27 12 12 12 13 13 13 14 14 14 27 27 27 13 13 13 14 14 14 26 26 26 27 27 27 14 14 14 25 25 25 26 26 26 14 14 14 15 15 15 25 25 25 25 25 25 15 15 15 16 16 16 46 46 46 16 16 16 45 45 45 46 46 46 25 25 25 16 16 16 46 46 46 47 47 47 25 25 25 25 25 25 47 47 47 24 24 24 24 24 24 47 47 47 48 48 48 2 2 2 48 48 48 1 1 1 2 2 2 24 24 24 48 48 48 10 10 10 11 11 11 39 39 39 39 39 39 11 11 11 38 38 38 38 38 38 11 11 11 0 0 0 49 49 49 0 0 0 1 1 1 48 48 48 49 49 49 1 1 1 16 16 16 17 17 17 45 45 45 45 45 45 17 17 17 44 44 44 44 44 44 17 17 17 18 18 18 43 43 43 18 18 18 19 19 19 42 42 42 43 43 43 19 19 19 27 27 27 28 28 28 12 12 12 28 28 28 29 29 29 23 23 23 29 29 29 30 30 30 22 22 22 32 32 32 33 33 33 9 9 9 35 35 35 36 36 36 5 5 5 43 43 43 44 44 44 18 18 18 49 49 49 38 38 38 0 0 0</p>
        </triangles>
      </mesh>
    </geometry>
    <geometry id="ID282">
      <mesh>
        <source id="ID283">
          <float_array id="ID284" count="42">-0.0541175 0.0417709 0.008 -0.0534783 0.0419534 0.008 -0.0528949 0.0422722 0.008 -0.0523961 0.0427116 0.008 -0.0523961 0.0427116 0.0075 -0.0522991 0.0428237 0.0075 -0.0522078 0.0429406 0.0075 -0.0521223 0.0430618 0.0075 -0.0521223 0.0430618 0.0089978 -0.0521223 0.0430618 0.0106277 -0.0521223 0.0430618 0.0145 -0.0526608 0.0424541 0.0145 -0.0533425 0.042013 0.0145 -0.0541175 0.0417709 0.0145</float_array>
          <technique_common>
            <accessor count="14" source="#ID284" stride="3">
              <param name="X" type="float" />
              <param name="Y" type="float" />
              <param name="Z" type="float" />
            </accessor>
          </technique_common>
        </source>
        <source id="ID285">
          <float_array id="ID286" count="42">0.1662494 -0.9860837 0 0.3793285 -0.9252621 0 0.5737818 -0.8190082 0 0.7400613 -0.6725394 0 0.7400613 -0.6725394 0 0.7723932 -0.6351446 0 0.8028377 -0.5961977 0 0.8313202 -0.5557939 0 0.8313202 -0.5557939 0 0.8313202 -0.5557939 0 0.8313202 -0.5557939 0 0.6518293 -0.7583657 0 0.4245905 -0.9053855 0 0.1662494 -0.9860837 0</float_array>
          <technique_common>
            <accessor count="14" source="#ID286" stride="3">
              <param name="X" type="float" />
              <param name="Y" type="float" />
              <param name="Z" type="float" />
            </accessor>
          </technique_common>
        </source>
        <source id="ID287">
          <float_array id="ID288" count="28">0.9285714 0 0.9285714 0.2726312 0.9285714 0.5452625 0.9285714 0.8178937 1 0.8178937 1 0.8785958 1 0.939298 1 1 0.7860346 1 0.5531812 1 0 1 0 0.6666667 0 0.3333333 0 0</float_array>
          <technique_common>
            <accessor count="14" source="#ID288" stride="2">
              <param name="S" type="float" />
              <param name="T" type="float" />
            </accessor>
          </technique_common>
        </source>
        <vertices id="ID289">
          <input semantic="POSITION" source="#ID283" />
        </vertices>
        <triangles count="12" material="ID290">
          <input semantic="VERTEX" source="#ID289" offset="0" />
          <input semantic="NORMAL" source="#ID285" offset="1" />
          <input semantic="TEXCOORD" source="#ID287" offset="2" set="0" />
          <p>0 0 0 1 1 1 13 13 13 13 13 13 1 1 1 12 12 12 12 12 12 1 1 1 2 2 2 11 11 11 2 2 2 3 3 3 9 9 9 3 3 3 5 5 5 8 8 8 5 5 5 6 6 6 7 7 7 8 8 8 6 6 6 3 3 3 4 4 4 5 5 5 8 8 8 9 9 9 5 5 5 10 10 10 11 11 11 9 9 9 9 9 9 11 11 11 3 3 3 11 11 11 12 12 12 2 2 2</p>
        </triangles>
      </mesh>
    </geometry>
    <geometry id="ID291">
      <mesh>
        <source id="ID292">
          <float_array id="ID293" count="9">-0.001114 -0.0441 0.0005 0 -0.0421701 0.0005 0.001114 -0.0441 0.0005</float_array>
          <technique_common>
            <accessor count="3" source="#ID293" stride="3">
              <param name="X" type="float" />
              <param name="Y" type="float" />
              <param name="Z" type="float" />
            </accessor>
          </technique_common>
        </source>
        <source id="ID294">
          <float_array id="ID295" count="9">0 0 -1 0 0 -1 0 0 -1</float_array>
          <technique_common>
            <accessor count="3" source="#ID295" stride="3">
              <param name="X" type="float" />
              <param name="Y" type="float" />
              <param name="Z" type="float" />
            </accessor>
          </technique_common>
        </source>
        <source id="ID296">
          <float_array id="ID297" count="6">1 0 0 0.5 1 1</float_array>
          <technique_common>
            <accessor count="3" source="#ID297" stride="2">
              <param name="S" type="float" />
              <param name="T" type="float" />
            </accessor>
          </technique_common>
        </source>
        <vertices id="ID298">
          <input semantic="POSITION" source="#ID292" />
        </vertices>
        <triangles count="1" material="ID299">
          <input semantic="VERTEX" source="#ID298" offset="0" />
          <input semantic="NORMAL" source="#ID294" offset="1" />
          <input semantic="TEXCOORD" source="#ID296" offset="2" set="0" />
          <p>0 0 0 1 1 1 2 2 2</p>
        </triangles>
      </mesh>
    </geometry>
    <geometry id="ID300">
      <mesh>
        <source id="ID301">
          <float_array id="ID302" count="9">0.039886 -0.0482 0.0005 0.041 -0.0462701 0.0005 0.042114 -0.0482 0.0005</float_array>
          <technique_common>
            <accessor count="3" source="#ID302" stride="3">
              <param name="X" type="float" />
              <param name="Y" type="float" />
              <param name="Z" type="float" />
            </accessor>
          </technique_common>
        </source>
        <source id="ID303">
          <float_array id="ID304" count="9">0 0 -1 0 0 -1 0 0 -1</float_array>
          <technique_common>
            <accessor count="3" source="#ID304" stride="3">
              <param name="X" type="float" />
              <param name="Y" type="float" />
              <param name="Z" type="float" />
            </accessor>
          </technique_common>
        </source>
        <source id="ID305">
          <float_array id="ID306" count="6">1 0 0 0.5 1 1</float_array>
          <technique_common>
            <accessor count="3" source="#ID306" stride="2">
              <param name="S" type="float" />
              <param name="T" type="float" />
            </accessor>
          </technique_common>
        </source>
        <vertices id="ID307">
          <input semantic="POSITION" source="#ID301" />
        </vertices>
        <triangles count="1" material="ID308">
          <input semantic="VERTEX" source="#ID307" offset="0" />
          <input semantic="NORMAL" source="#ID303" offset="1" />
          <input semantic="TEXCOORD" source="#ID305" offset="2" set="0" />
          <p>0 0 0 1 1 1 2 2 2</p>
        </triangles>
      </mesh>
    </geometry>
    <geometry id="ID309">
      <mesh>
        <source id="ID310">
          <float_array id="ID311" count="12">0.001114 -0.0441 0.0005 0 -0.0421701 0.0005 0 -0.0421701 0.001 0.001114 -0.0441 0.001</float_array>
          <technique_common>
            <accessor count="4" source="#ID311" stride="3">
              <param name="X" type="float" />
              <param name="Y" type="float" />
              <param name="Z" type="float" />
            </accessor>
          </technique_common>
        </source>
        <source id="ID312">
          <float_array id="ID313" count="12">0.8660594 0.499941 0 0.8660594 0.499941 0 0.8660594 0.499941 0 0.8660594 0.499941 0</float_array>
          <technique_common>
            <accessor count="4" source="#ID313" stride="3">
              <param name="X" type="float" />
              <param name="Y" type="float" />
              <param name="Z" type="float" />
            </accessor>
          </technique_common>
        </source>
        <source id="ID314">
          <float_array id="ID315" count="8">0 0 1 0 1 1 0 1</float_array>
          <technique_common>
            <accessor count="4" source="#ID315" stride="2">
              <param name="S" type="float" />
              <param name="T" type="float" />
            </accessor>
          </technique_common>
        </source>
        <vertices id="ID316">
          <input semantic="POSITION" source="#ID310" />
        </vertices>
        <triangles count="2" material="ID317">
          <input semantic="VERTEX" source="#ID316" offset="0" />
          <input semantic="NORMAL" source="#ID312" offset="1" />
          <input semantic="TEXCOORD" source="#ID314" offset="2" set="0" />
          <p>0 0 0 1 1 1 3 3 3 3 3 3 1 1 1 2 2 2</p>
        </triangles>
      </mesh>
    </geometry>
    <geometry id="ID318">
      <mesh>
        <source id="ID319">
          <float_array id="ID320" count="12">-0.001114 -0.0441 0.0005 0.001114 -0.0441 0.0005 0.001114 -0.0441 0.001 -0.001114 -0.0441 0.001</float_array>
          <technique_common>
            <accessor count="4" source="#ID320" stride="3">
              <param name="X" type="float" />
              <param name="Y" type="float" />
              <param name="Z" type="float" />
            </accessor>
          </technique_common>
        </source>
        <source id="ID321">
          <float_array id="ID322" count="12">0 -1 0 0 -1 0 0 -1 0 0 -1 0</float_array>
          <technique_common>
            <accessor count="4" source="#ID322" stride="3">
              <param name="X" type="float" />
              <param name="Y" type="float" />
              <param name="Z" type="float" />
            </accessor>
          </technique_common>
        </source>
        <source id="ID323">
          <float_array id="ID324" count="8">1 0 1 1 0 1 0 0</float_array>
          <technique_common>
            <accessor count="4" source="#ID324" stride="2">
              <param name="S" type="float" />
              <param name="T" type="float" />
            </accessor>
          </technique_common>
        </source>
        <vertices id="ID325">
          <input semantic="POSITION" source="#ID319" />
        </vertices>
        <triangles count="2" material="ID326">
          <input semantic="VERTEX" source="#ID325" offset="0" />
          <input semantic="NORMAL" source="#ID321" offset="1" />
          <input semantic="TEXCOORD" source="#ID323" offset="2" set="0" />
          <p>1 1 1 2 2 2 0 0 0 0 0 0 2 2 2 3 3 3</p>
        </triangles>
      </mesh>
    </geometry>
    <geometry id="ID327">
      <mesh>
        <source id="ID328">
          <float_array id="ID329" count="12">0 -0.0421701 0.0005 -0.001114 -0.0441 0.0005 -0.001114 -0.0441 0.001 0 -0.0421701 0.001</float_array>
          <technique_common>
            <accessor count="4" source="#ID329" stride="3">
              <param name="X" type="float" />
              <param name="Y" type="float" />
              <param name="Z" type="float" />
            </accessor>
          </technique_common>
        </source>
        <source id="ID330">
          <float_array id="ID331" count="12">-0.8660594 0.499941 0 -0.8660594 0.499941 0 -0.8660594 0.499941 0 -0.8660594 0.499941 0</float_array>
          <technique_common>
            <accessor count="4" source="#ID331" stride="3">
              <param name="X" type="float" />
              <param name="Y" type="float" />
              <param name="Z" type="float" />
            </accessor>
          </technique_common>
        </source>
        <source id="ID332">
          <float_array id="ID333" count="8">0 0 1 0 1 1 0 1</float_array>
          <technique_common>
            <accessor count="4" source="#ID333" stride="2">
              <param name="S" type="float" />
              <param name="T" type="float" />
            </accessor>
          </technique_common>
        </source>
        <vertices id="ID334">
          <input semantic="POSITION" source="#ID328" />
        </vertices>
        <triangles count="2" material="ID335">
          <input semantic="VERTEX" source="#ID334" offset="0" />
          <input semantic="NORMAL" source="#ID330" offset="1" />
          <input semantic="TEXCOORD" source="#ID332" offset="2" set="0" />
          <p>0 0 0 1 1 1 3 3 3 3 3 3 1 1 1 2 2 2</p>
        </triangles>
      </mesh>
    </geometry>
    <geometry id="ID336">
      <mesh>
        <source id="ID337">
          <float_array id="ID338" count="12">0.042114 -0.0482 0.0005 0.041 -0.0462701 0.0005 0.041 -0.0462701 0.001 0.042114 -0.0482 0.001</float_array>
          <technique_common>
            <accessor count="4" source="#ID338" stride="3">
              <param name="X" type="float" />
              <param name="Y" type="float" />
              <param name="Z" type="float" />
            </accessor>
          </technique_common>
        </source>
        <source id="ID339">
          <float_array id="ID340" count="12">0.8660594 0.499941 0 0.8660594 0.499941 0 0.8660594 0.499941 0 0.8660594 0.499941 0</float_array>
          <technique_common>
            <accessor count="4" source="#ID340" stride="3">
              <param name="X" type="float" />
              <param name="Y" type="float" />
              <param name="Z" type="float" />
            </accessor>
          </technique_common>
        </source>
        <source id="ID341">
          <float_array id="ID342" count="8">0 0 1 0 1 1 0 1</float_array>
          <technique_common>
            <accessor count="4" source="#ID342" stride="2">
              <param name="S" type="float" />
              <param name="T" type="float" />
            </accessor>
          </technique_common>
        </source>
        <vertices id="ID343">
          <input semantic="POSITION" source="#ID337" />
        </vertices>
        <triangles count="2" material="ID344">
          <input semantic="VERTEX" source="#ID343" offset="0" />
          <input semantic="NORMAL" source="#ID339" offset="1" />
          <input semantic="TEXCOORD" source="#ID341" offset="2" set="0" />
          <p>0 0 0 1 1 1 3 3 3 3 3 3 1 1 1 2 2 2</p>
        </triangles>
      </mesh>
    </geometry>
    <geometry id="ID345">
      <mesh>
        <source id="ID346">
          <float_array id="ID347" count="12">0.039886 -0.0482 0.0005 0.042114 -0.0482 0.0005 0.042114 -0.0482 0.001 0.039886 -0.0482 0.001</float_array>
          <technique_common>
            <accessor count="4" source="#ID347" stride="3">
              <param name="X" type="float" />
              <param name="Y" type="float" />
              <param name="Z" type="float" />
            </accessor>
          </technique_common>
        </source>
        <source id="ID348">
          <float_array id="ID349" count="12">0 -1 0 0 -1 0 0 -1 0 0 -1 0</float_array>
          <technique_common>
            <accessor count="4" source="#ID349" stride="3">
              <param name="X" type="float" />
              <param name="Y" type="float" />
              <param name="Z" type="float" />
            </accessor>
          </technique_common>
        </source>
        <source id="ID350">
          <float_array id="ID351" count="8">1 0 1 1 0 1 0 0</float_array>
          <technique_common>
            <accessor count="4" source="#ID351" stride="2">
              <param name="S" type="float" />
              <param name="T" type="float" />
            </accessor>
          </technique_common>
        </source>
        <vertices id="ID352">
          <input semantic="POSITION" source="#ID346" />
        </vertices>
        <triangles count="2" material="ID353">
          <input semantic="VERTEX" source="#ID352" offset="0" />
          <input semantic="NORMAL" source="#ID348" offset="1" />
          <input semantic="TEXCOORD" source="#ID350" offset="2" set="0" />
          <p>1 1 1 2 2 2 0 0 0 0 0 0 2 2 2 3 3 3</p>
        </triangles>
      </mesh>
    </geometry>
    <geometry id="ID354">
      <mesh>
        <source id="ID355">
          <float_array id="ID356" count="12">0.041 -0.0462701 0.0005 0.039886 -0.0482 0.0005 0.039886 -0.0482 0.001 0.041 -0.0462701 0.001</float_array>
          <technique_common>
            <accessor count="4" source="#ID356" stride="3">
              <param name="X" type="float" />
              <param name="Y" type="float" />
              <param name="Z" type="float" />
            </accessor>
          </technique_common>
        </source>
        <source id="ID357">
          <float_array id="ID358" count="12">-0.8660594 0.499941 0 -0.8660594 0.499941 0 -0.8660594 0.499941 0 -0.8660594 0.499941 0</float_array>
          <technique_common>
            <accessor count="4" source="#ID358" stride="3">
              <param name="X" type="float" />
              <param name="Y" type="float" />
              <param name="Z" type="float" />
            </accessor>
          </technique_common>
        </source>
        <source id="ID359">
          <float_array id="ID360" count="8">0 0 1 0 1 1 0 1</float_array>
          <technique_common>
            <accessor count="4" source="#ID360" stride="2">
              <param name="S" type="float" />
              <param name="T" type="float" />
            </accessor>
          </technique_common>
        </source>
        <vertices id="ID361">
          <input semantic="POSITION" source="#ID355" />
        </vertices>
        <triangles count="2" material="ID362">
          <input semantic="VERTEX" source="#ID361" offset="0" />
          <input semantic="NORMAL" source="#ID357" offset="1" />
          <input semantic="TEXCOORD" source="#ID359" offset="2" set="0" />
          <p>0 0 0 1 1 1 3 3 3 3 3 3 1 1 1 2 2 2</p>
        </triangles>
      </mesh>
    </geometry>
    <geometry id="ID363">
      <mesh>
        <source id="ID364">
          <float_array id="ID365" count="66">-0.0022398 -0.04445 0.001 -0.0002598 -0.04102 0.001 -0.0002121 -0.0409579 0.001 -0.00015 -0.0409102 0.001 -0.0000777 -0.0408802 0.001 0 -0.04087 0.001 0.0000777 -0.0408802 0.001 0.00015 -0.0409102 0.001 0.0002121 -0.0409579 0.001 0.0002598 -0.04102 0.001 0.0022398 -0.04445 0.001 0.00228 -0.0446 0.001 0.0022398 -0.04475 0.001 0.00213 -0.0448598 0.001 0.00198 -0.0449 0.001 -0.00198 -0.0449 0.001 -0.00213 -0.0448598 0.001 -0.0022398 -0.04475 0.001 -0.00228 -0.0446 0.001 0 -0.0421701 0.001 -0.001114 -0.0441 0.001 0.001114 -0.0441 0.001</float_array>
          <technique_common>
            <accessor count="22" source="#ID365" stride="3">
              <param name="X" type="float" />
              <param name="Y" type="float" />
              <param name="Z" type="float" />
            </accessor>
          </technique_common>
        </source>
        <source id="ID366">
          <float_array id="ID367" count="66">0 0 -1 0 0 -1 0 0 -1 0 0 -1 0 0 -1 0 0 -1 0 0 -1 0 0 -1 0 0 -1 0 0 -1 0 0 -1 0 0 -1 0 0 -1 0 0 -1 0 0 -1 0 0 -1 0 0 -1 0 0 -1 0 0 -1 0 0 -1 0 0 -1 0 0 -1</float_array>
          <technique_common>
            <accessor count="22" source="#ID367" stride="3">
              <param name="X" type="float" />
              <param name="Y" type="float" />
              <param name="Z" type="float" />
            </accessor>
          </technique_common>
        </source>
        <source id="ID368">
          <float_array id="ID369" count="44">0.8883418 0.0088119 0.0372252 0.4430224 0.0218062 0.4534774 0.0099746 0.4671033 0.0025369 0.4829714 0 0.5 0.0025369 0.5170286 0.0099746 0.5328967 0.0218062 0.5465226 0.0372252 0.5569776 0.8883418 0.9911881 0.9255621 1 0.9627813 0.9911848 0.9900273 0.9671043 1 0.9342106 1 0.0657895 0.9900273 0.0328957 0.9627813 0.0088152 0.9255621 0 0.3226099 0.5 0.8014888 0.2556924 0.8014888 0.7443076</float_array>
          <technique_common>
            <accessor count="22" source="#ID369" stride="2">
              <param name="S" type="float" />
              <param name="T" type="float" />
            </accessor>
          </technique_common>
        </source>
        <vertices id="ID370">
          <input semantic="POSITION" source="#ID364" />
        </vertices>
        <triangles count="22" material="ID371">
          <input semantic="VERTEX" source="#ID370" offset="0" />
          <input semantic="NORMAL" source="#ID366" offset="1" />
          <input semantic="TEXCOORD" source="#ID368" offset="2" set="0" />
          <p>2 2 2 9 9 9 1 1 1 2 2 2 3 3 3 9 9 9 9 9 9 3 3 3 4 4 4 5 5 5 9 9 9 4 4 4 5 5 5 6 6 6 9 9 9 9 9 9 6 6 6 7 7 7 8 8 8 9 9 9 7 7 7 1 1 1 9 9 9 19 19 19 0 0 0 19 19 19 20 20 20 15 15 15 20 20 20 14 14 14 15 15 15 0 0 0 20 20 20 15 15 15 17 17 17 0 0 0 15 15 15 16 16 16 17 17 17 11 11 11 12 12 12 10 10 10 10 10 10 12 12 12 13 13 13 14 14 14 10 10 10 13 13 13 14 14 14 21 21 21 10 10 10 14 14 14 20 20 20 21 21 21 17 17 17 18 18 18 0 0 0 21 21 21 19 19 19 10 10 10 10 10 10 19 19 19 9 9 9 1 1 1 19 19 19 0 0 0</p>
        </triangles>
      </mesh>
    </geometry>
    <geometry id="ID372">
      <mesh>
        <source id="ID373">
          <float_array id="ID374" count="66">0.0387602 -0.04855 0.001 0.0407402 -0.04512 0.001 0.0407879 -0.0450579 0.001 0.04085 -0.0450102 0.001 0.0409223 -0.0449802 0.001 0.041 -0.04497 0.001 0.0410777 -0.0449802 0.001 0.04115 -0.0450102 0.001 0.0412121 -0.0450579 0.001 0.0412598 -0.04512 0.001 0.0432398 -0.04855 0.001 0.04328 -0.0487 0.001 0.0432398 -0.04885 0.001 0.04313 -0.0489598 0.001 0.04298 -0.049 0.001 0.03902 -0.049 0.001 0.03887 -0.0489598 0.001 0.0387602 -0.04885 0.001 0.03872 -0.0487 0.001 0.041 -0.0462701 0.001 0.039886 -0.0482 0.001 0.042114 -0.0482 0.001</float_array>
          <technique_common>
            <accessor count="22" source="#ID374" stride="3">
              <param name="X" type="float" />
              <param name="Y" type="float" />
              <param name="Z" type="float" />
            </accessor>
          </technique_common>
        </source>
        <source id="ID375">
          <float_array id="ID376" count="66">0 0 -1 0 0 -1 0 0 -1 0 0 -1 0 0 -1 0 0 -1 0 0 -1 0 0 -1 0 0 -1 0 0 -1 0 0 -1 0 0 -1 0 0 -1 0 0 -1 0 0 -1 0 0 -1 0 0 -1 0 0 -1 0 0 -1 0 0 -1 0 0 -1 0 0 -1</float_array>
          <technique_common>
            <accessor count="22" source="#ID376" stride="3">
              <param name="X" type="float" />
              <param name="Y" type="float" />
              <param name="Z" type="float" />
            </accessor>
          </technique_common>
        </source>
        <source id="ID377">
          <float_array id="ID378" count="44">0.8883418 0.0088119 0.0372252 0.4430224 0.0218062 0.4534774 0.0099746 0.4671033 0.0025369 0.4829714 0 0.5 0.0025369 0.5170286 0.0099746 0.5328967 0.0218062 0.5465226 0.0372252 0.5569776 0.8883418 0.9911881 0.9255621 1 0.9627813 0.9911848 0.9900273 0.9671043 1 0.9342106 1 0.0657895 0.9900273 0.0328957 0.9627813 0.0088152 0.9255621 0 0.3226099 0.5 0.8014888 0.2556924 0.8014888 0.7443076</float_array>
          <technique_common>
            <accessor count="22" source="#ID378" stride="2">
              <param name="S" type="float" />
              <param name="T" type="float" />
            </accessor>
          </technique_common>
        </source>
        <vertices id="ID379">
          <input semantic="POSITION" source="#ID373" />
        </vertices>
        <triangles count="22" material="ID380">
          <input semantic="VERTEX" source="#ID379" offset="0" />
          <input semantic="NORMAL" source="#ID375" offset="1" />
          <input semantic="TEXCOORD" source="#ID377" offset="2" set="0" />
          <p>2 2 2 9 9 9 1 1 1 2 2 2 3 3 3 9 9 9 9 9 9 3 3 3 4 4 4 5 5 5 9 9 9 4 4 4 5 5 5 6 6 6 9 9 9 9 9 9 6 6 6 7 7 7 8 8 8 9 9 9 7 7 7 1 1 1 9 9 9 19 19 19 0 0 0 19 19 19 20 20 20 15 15 15 20 20 20 14 14 14 15 15 15 0 0 0 20 20 20 15 15 15 17 17 17 0 0 0 15 15 15 16 16 16 17 17 17 11 11 11 12 12 12 10 10 10 10 10 10 12 12 12 13 13 13 14 14 14 10 10 10 13 13 13 14 14 14 21 21 21 10 10 10 14 14 14 20 20 20 21 21 21 17 17 17 18 18 18 0 0 0 21 21 21 19 19 19 10 10 10 10 10 10 19 19 19 9 9 9 1 1 1 19 19 19 0 0 0</p>
        </triangles>
      </mesh>
    </geometry>
    <geometry id="ID381">
      <mesh>
        <source id="ID382">
          <float_array id="ID383" count="9">0 0.0421701 0.0005 -0.001114 0.0441 0.0005 0.001114 0.0441 0.0005</float_array>
          <technique_common>
            <accessor count="3" source="#ID383" stride="3">
              <param name="X" type="float" />
              <param name="Y" type="float" />
              <param name="Z" type="float" />
            </accessor>
          </technique_common>
        </source>
        <source id="ID384">
          <float_array id="ID385" count="9">0 0 -1 0 0 -1 0 0 -1</float_array>
          <technique_common>
            <accessor count="3" source="#ID385" stride="3">
              <param name="X" type="float" />
              <param name="Y" type="float" />
              <param name="Z" type="float" />
            </accessor>
          </technique_common>
        </source>
        <source id="ID386">
          <float_array id="ID387" count="6">1 0.5 0 0 0 1</float_array>
          <technique_common>
            <accessor count="3" source="#ID387" stride="2">
              <param name="S" type="float" />
              <param name="T" type="float" />
            </accessor>
          </technique_common>
        </source>
        <vertices id="ID388">
          <input semantic="POSITION" source="#ID382" />
        </vertices>
        <triangles count="1" material="ID389">
          <input semantic="VERTEX" source="#ID388" offset="0" />
          <input semantic="NORMAL" source="#ID384" offset="1" />
          <input semantic="TEXCOORD" source="#ID386" offset="2" set="0" />
          <p>0 0 0 1 1 1 2 2 2</p>
        </triangles>
      </mesh>
    </geometry>
    <geometry id="ID390">
      <mesh>
        <source id="ID391">
          <float_array id="ID392" count="9">0.041 0.0457701 0.0005 0.039886 0.0477 0.0005 0.042114 0.0477 0.0005</float_array>
          <technique_common>
            <accessor count="3" source="#ID392" stride="3">
              <param name="X" type="float" />
              <param name="Y" type="float" />
              <param name="Z" type="float" />
            </accessor>
          </technique_common>
        </source>
        <source id="ID393">
          <float_array id="ID394" count="9">0 0 -1 0 0 -1 0 0 -1</float_array>
          <technique_common>
            <accessor count="3" source="#ID394" stride="3">
              <param name="X" type="float" />
              <param name="Y" type="float" />
              <param name="Z" type="float" />
            </accessor>
          </technique_common>
        </source>
        <source id="ID395">
          <float_array id="ID396" count="6">1 0.5 0 0 0 1</float_array>
          <technique_common>
            <accessor count="3" source="#ID396" stride="2">
              <param name="S" type="float" />
              <param name="T" type="float" />
            </accessor>
          </technique_common>
        </source>
        <vertices id="ID397">
          <input semantic="POSITION" source="#ID391" />
        </vertices>
        <triangles count="1" material="ID398">
          <input semantic="VERTEX" source="#ID397" offset="0" />
          <input semantic="NORMAL" source="#ID393" offset="1" />
          <input semantic="TEXCOORD" source="#ID395" offset="2" set="0" />
          <p>0 0 0 1 1 1 2 2 2</p>
        </triangles>
      </mesh>
    </geometry>
    <geometry id="ID399">
      <mesh>
        <source id="ID400">
          <float_array id="ID401" count="12">0.0022398 -0.04445 0.0005 0.0022398 -0.04445 0.001 0.0002598 -0.04102 0.001 0.0002598 -0.04102 0.0005</float_array>
          <technique_common>
            <accessor count="4" source="#ID401" stride="3">
              <param name="X" type="float" />
              <param name="Y" type="float" />
              <param name="Z" type="float" />
            </accessor>
          </technique_common>
        </source>
        <source id="ID402">
          <float_array id="ID403" count="12">-0.8660594 -0.499941 0 -0.8660594 -0.499941 0 -0.8660594 -0.499941 0 -0.8660594 -0.499941 0</float_array>
          <technique_common>
            <accessor count="4" source="#ID403" stride="3">
              <param name="X" type="float" />
              <param name="Y" type="float" />
              <param name="Z" type="float" />
            </accessor>
          </technique_common>
        </source>
        <source id="ID404">
          <float_array id="ID405" count="8">0 0 0 1 1 1 1 0</float_array>
          <technique_common>
            <accessor count="4" source="#ID405" stride="2">
              <param name="S" type="float" />
              <param name="T" type="float" />
            </accessor>
          </technique_common>
        </source>
        <vertices id="ID406">
          <input semantic="POSITION" source="#ID400" />
        </vertices>
        <triangles count="2" material="ID407">
          <input semantic="VERTEX" source="#ID406" offset="0" />
          <input semantic="NORMAL" source="#ID402" offset="1" />
          <input semantic="TEXCOORD" source="#ID404" offset="2" set="0" />
          <p>1 1 1 2 2 2 0 0 0 0 0 0 2 2 2 3 3 3</p>
        </triangles>
      </mesh>
    </geometry>
    <geometry id="ID408">
      <mesh>
        <source id="ID409">
          <float_array id="ID410" count="30">0.00198 -0.0449 0.0005 0.00198 -0.0449 0.001 0.00213 -0.0448598 0.001 0.0022398 -0.04475 0.001 0.00228 -0.0446 0.001 0.0022398 -0.04445 0.001 0.0022398 -0.04445 0.0005 0.00228 -0.0446 0.0005 0.0022398 -0.04475 0.0005 0.00213 -0.0448598 0.0005</float_array>
          <technique_common>
            <accessor count="10" source="#ID410" stride="3">
              <param name="X" type="float" />
              <param name="Y" type="float" />
              <param name="Z" type="float" />
            </accessor>
          </technique_common>
        </source>
        <source id="ID411">
          <float_array id="ID412" count="30">0 1 0 0 1 0 -0.4999852 0.8660339 0 -0.8660084 0.5000295 0 -1 0.0000511 0 -0.8660594 -0.499941 0 -0.8660594 -0.499941 0 -1 0.0000511 0 -0.8660084 0.5000295 0 -0.4999852 0.8660339 0</float_array>
          <technique_common>
            <accessor count="10" source="#ID412" stride="3">
              <param name="X" type="float" />
              <param name="Y" type="float" />
              <param name="Z" type="float" />
            </accessor>
          </technique_common>
        </source>
        <source id="ID413">
          <float_array id="ID414" count="20">0 1 1 1 1 0.75 1 0.5 1 0.2499999 1 0 0 0 0 0.2499999 0 0.5 0 0.75</float_array>
          <technique_common>
            <accessor count="10" source="#ID414" stride="2">
              <param name="S" type="float" />
              <param name="T" type="float" />
            </accessor>
          </technique_common>
        </source>
        <vertices id="ID415">
          <input semantic="POSITION" source="#ID409" />
        </vertices>
        <triangles count="8" material="ID416">
          <input semantic="VERTEX" source="#ID415" offset="0" />
          <input semantic="NORMAL" source="#ID411" offset="1" />
          <input semantic="TEXCOORD" source="#ID413" offset="2" set="0" />
          <p>1 1 1 2 2 2 0 0 0 0 0 0 2 2 2 9 9 9 9 9 9 2 2 2 3 3 3 8 8 8 3 3 3 4 4 4 7 7 7 4 4 4 5 5 5 6 6 6 7 7 7 5 5 5 7 7 7 8 8 8 4 4 4 8 8 8 9 9 9 3 3 3</p>
        </triangles>
      </mesh>
    </geometry>
    <geometry id="ID417">
      <mesh>
        <source id="ID418">
          <float_array id="ID419" count="12">-0.00198 -0.0449 0.0005 -0.00198 -0.0449 0.001 0.00198 -0.0449 0.001 0.00198 -0.0449 0.0005</float_array>
          <technique_common>
            <accessor count="4" source="#ID419" stride="3">
              <param name="X" type="float" />
              <param name="Y" type="float" />
              <param name="Z" type="float" />
            </accessor>
          </technique_common>
        </source>
        <source id="ID420">
          <float_array id="ID421" count="12">0 1 0 0 1 0 0 1 0 0 1 0</float_array>
          <technique_common>
            <accessor count="4" source="#ID421" stride="3">
              <param name="X" type="float" />
              <param name="Y" type="float" />
              <param name="Z" type="float" />
            </accessor>
          </technique_common>
        </source>
        <source id="ID422">
          <float_array id="ID423" count="8">1 0 0 0 0 1 1 1</float_array>
          <technique_common>
            <accessor count="4" source="#ID423" stride="2">
              <param name="S" type="float" />
              <param name="T" type="float" />
            </accessor>
          </technique_common>
        </source>
        <vertices id="ID424">
          <input semantic="POSITION" source="#ID418" />
        </vertices>
        <triangles count="2" material="ID425">
          <input semantic="VERTEX" source="#ID424" offset="0" />
          <input semantic="NORMAL" source="#ID420" offset="1" />
          <input semantic="TEXCOORD" source="#ID422" offset="2" set="0" />
          <p>0 0 0 1 1 1 3 3 3 3 3 3 1 1 1 2 2 2</p>
        </triangles>
      </mesh>
    </geometry>
    <geometry id="ID426">
      <mesh>
        <source id="ID427">
          <float_array id="ID428" count="30">-0.0022398 -0.04445 0.0005 -0.0022398 -0.04445 0.001 -0.00228 -0.0446 0.001 -0.0022398 -0.04475 0.001 -0.00213 -0.0448598 0.001 -0.00198 -0.0449 0.001 -0.00198 -0.0449 0.0005 -0.00213 -0.0448598 0.0005 -0.0022398 -0.04475 0.0005 -0.00228 -0.0446 0.0005</float_array>
          <technique_common>
            <accessor count="10" source="#ID428" stride="3">
              <param name="X" type="float" />
              <param name="Y" type="float" />
              <param name="Z" type="float" />
            </accessor>
          </technique_common>
        </source>
        <source id="ID429">
          <float_array id="ID430" count="30">0.8660594 -0.499941 0 0.8660594 -0.499941 0 1 0.0000511 0 0.8660084 0.5000295 0 0.4999852 0.8660339 0 0 1 0 0 1 0 0.4999852 0.8660339 0 0.8660084 0.5000295 0 1 0.0000511 0</float_array>
          <technique_common>
            <accessor count="10" source="#ID430" stride="3">
              <param name="X" type="float" />
              <param name="Y" type="float" />
              <param name="Z" type="float" />
            </accessor>
          </technique_common>
        </source>
        <source id="ID431">
          <float_array id="ID432" count="20">0 1 1 1 1 0.7500001 1 0.4999999 1 0.25 1 0 0 0 0 0.25 0 0.4999999 0 0.7500001</float_array>
          <technique_common>
            <accessor count="10" source="#ID432" stride="2">
              <param name="S" type="float" />
              <param name="T" type="float" />
            </accessor>
          </technique_common>
        </source>
        <vertices id="ID433">
          <input semantic="POSITION" source="#ID427" />
        </vertices>
        <triangles count="8" material="ID434">
          <input semantic="VERTEX" source="#ID433" offset="0" />
          <input semantic="NORMAL" source="#ID429" offset="1" />
          <input semantic="TEXCOORD" source="#ID431" offset="2" set="0" />
          <p>1 1 1 2 2 2 0 0 0 0 0 0 2 2 2 9 9 9 9 9 9 2 2 2 3 3 3 8 8 8 3 3 3 4 4 4 7 7 7 4 4 4 5 5 5 6 6 6 7 7 7 5 5 5 7 7 7 8 8 8 4 4 4 8 8 8 9 9 9 3 3 3</p>
        </triangles>
      </mesh>
    </geometry>
    <geometry id="ID435">
      <mesh>
        <source id="ID436">
          <float_array id="ID437" count="12">-0.0002598 -0.04102 0.0005 -0.0002598 -0.04102 0.001 -0.0022398 -0.04445 0.001 -0.0022398 -0.04445 0.0005</float_array>
          <technique_common>
            <accessor count="4" source="#ID437" stride="3">
              <param name="X" type="float" />
              <param name="Y" type="float" />
              <param name="Z" type="float" />
            </accessor>
          </technique_common>
        </source>
        <source id="ID438">
          <float_array id="ID439" count="12">0.8660594 -0.499941 0 0.8660594 -0.499941 0 0.8660594 -0.499941 0 0.8660594 -0.499941 0</float_array>
          <technique_common>
            <accessor count="4" source="#ID439" stride="3">
              <param name="X" type="float" />
              <param name="Y" type="float" />
              <param name="Z" type="float" />
            </accessor>
          </technique_common>
        </source>
        <source id="ID440">
          <float_array id="ID441" count="8">0 0 0 1 1 1 1 0</float_array>
          <technique_common>
            <accessor count="4" source="#ID441" stride="2">
              <param name="S" type="float" />
              <param name="T" type="float" />
            </accessor>
          </technique_common>
        </source>
        <vertices id="ID442">
          <input semantic="POSITION" source="#ID436" />
        </vertices>
        <triangles count="2" material="ID443">
          <input semantic="VERTEX" source="#ID442" offset="0" />
          <input semantic="NORMAL" source="#ID438" offset="1" />
          <input semantic="TEXCOORD" source="#ID440" offset="2" set="0" />
          <p>1 1 1 2 2 2 0 0 0 0 0 0 2 2 2 3 3 3</p>
        </triangles>
      </mesh>
    </geometry>
    <geometry id="ID444">
      <mesh>
        <source id="ID445">
          <float_array id="ID446" count="54">0.0002598 -0.04102 0.0005 0.0002598 -0.04102 0.001 0.0002121 -0.0409579 0.001 0.00015 -0.0409102 0.001 0.0000777 -0.0408802 0.001 0 -0.04087 0.001 -0.0000777 -0.0408802 0.001 -0.00015 -0.0409102 0.001 -0.0002121 -0.0409579 0.001 -0.0002598 -0.04102 0.001 -0.0002598 -0.04102 0.0005 -0.0002121 -0.0409579 0.0005 -0.00015 -0.0409102 0.0005 -0.0000777 -0.0408802 0.0005 0 -0.04087 0.0005 0.0000777 -0.0408802 0.0005 0.00015 -0.0409102 0.0005 0.0002121 -0.0409579 0.0005</float_array>
          <technique_common>
            <accessor count="18" source="#ID446" stride="3">
              <param name="X" type="float" />
              <param name="Y" type="float" />
              <param name="Z" type="float" />
            </accessor>
          </technique_common>
        </source>
        <source id="ID447">
          <float_array id="ID448" count="54">-0.8660594 -0.499941 0 -0.8660594 -0.499941 0 -0.7071429 -0.7070706 0 -0.5000295 -0.8660084 0 -0.2588355 -0.9659214 0 0 -1 0 0.2588355 -0.9659214 0 0.5000295 -0.8660084 0 0.7071429 -0.7070706 0 0.8660594 -0.499941 0 0.8660594 -0.499941 0 0.7071429 -0.7070706 0 0.5000295 -0.8660084 0 0.2588355 -0.9659214 0 0 -1 0 -0.2588355 -0.9659214 0 -0.5000295 -0.8660084 0 -0.7071429 -0.7070706 0</float_array>
          <technique_common>
            <accessor count="18" source="#ID448" stride="3">
              <param name="X" type="float" />
              <param name="Y" type="float" />
              <param name="Z" type="float" />
            </accessor>
          </technique_common>
        </source>
        <source id="ID449">
          <float_array id="ID450" count="36">0 1 1 1 1 0.875 1 0.75 1 0.625 1 0.5 1 0.375 1 0.25 1 0.125 1 0 0 0 0 0.125 0 0.25 0 0.375 0 0.5 0 0.625 0 0.75 0 0.875</float_array>
          <technique_common>
            <accessor count="18" source="#ID450" stride="2">
              <param name="S" type="float" />
              <param name="T" type="float" />
            </accessor>
          </technique_common>
        </source>
        <vertices id="ID451">
          <input semantic="POSITION" source="#ID445" />
        </vertices>
        <triangles count="16" material="ID452">
          <input semantic="VERTEX" source="#ID451" offset="0" />
          <input semantic="NORMAL" source="#ID447" offset="1" />
          <input semantic="TEXCOORD" source="#ID449" offset="2" set="0" />
          <p>0 0 0 1 1 1 17 17 17 17 17 17 1 1 1 2 2 2 3 3 3 17 17 17 2 2 2 3 3 3 16 16 16 17 17 17 3 3 3 4 4 4 16 16 16 16 16 16 4 4 4 15 15 15 15 15 15 4 4 4 14 14 14 14 14 14 4 4 4 5 5 5 13 13 13 5 5 5 6 6 6 7 7 7 13 13 13 6 6 6 7 7 7 12 12 12 13 13 13 7 7 7 8 8 8 12 12 12 12 12 12 8 8 8 11 11 11 11 11 11 8 8 8 10 10 10 10 10 10 8 8 8 9 9 9 13 13 13 14 14 14 5 5 5</p>
        </triangles>
      </mesh>
    </geometry>
    <geometry id="ID453">
      <mesh>
        <source id="ID454">
          <float_array id="ID455" count="12">0.0432398 -0.04855 0.0005 0.0432398 -0.04855 0.001 0.0412598 -0.04512 0.001 0.0412598 -0.04512 0.0005</float_array>
          <technique_common>
            <accessor count="4" source="#ID455" stride="3">
              <param name="X" type="float" />
              <param name="Y" type="float" />
              <param name="Z" type="float" />
            </accessor>
          </technique_common>
        </source>
        <source id="ID456">
          <float_array id="ID457" count="12">-0.8660594 -0.499941 0 -0.8660594 -0.499941 0 -0.8660594 -0.499941 0 -0.8660594 -0.499941 0</float_array>
          <technique_common>
            <accessor count="4" source="#ID457" stride="3">
              <param name="X" type="float" />
              <param name="Y" type="float" />
              <param name="Z" type="float" />
            </accessor>
          </technique_common>
        </source>
        <source id="ID458">
          <float_array id="ID459" count="8">0 0 0 1 1 1 1 0</float_array>
          <technique_common>
            <accessor count="4" source="#ID459" stride="2">
              <param name="S" type="float" />
              <param name="T" type="float" />
            </accessor>
          </technique_common>
        </source>
        <vertices id="ID460">
          <input semantic="POSITION" source="#ID454" />
        </vertices>
        <triangles count="2" material="ID461">
          <input semantic="VERTEX" source="#ID460" offset="0" />
          <input semantic="NORMAL" source="#ID456" offset="1" />
          <input semantic="TEXCOORD" source="#ID458" offset="2" set="0" />
          <p>1 1 1 2 2 2 0 0 0 0 0 0 2 2 2 3 3 3</p>
        </triangles>
      </mesh>
    </geometry>
    <geometry id="ID462">
      <mesh>
        <source id="ID463">
          <float_array id="ID464" count="30">0.04298 -0.049 0.0005 0.04298 -0.049 0.001 0.04313 -0.0489598 0.001 0.0432398 -0.04885 0.001 0.04328 -0.0487 0.001 0.0432398 -0.04855 0.001 0.0432398 -0.04855 0.0005 0.04328 -0.0487 0.0005 0.0432398 -0.04885 0.0005 0.04313 -0.0489598 0.0005</float_array>
          <technique_common>
            <accessor count="10" source="#ID464" stride="3">
              <param name="X" type="float" />
              <param name="Y" type="float" />
              <param name="Z" type="float" />
            </accessor>
          </technique_common>
        </source>
        <source id="ID465">
          <float_array id="ID466" count="30">0 1 0 0 1 0 -0.4999852 0.8660339 0 -0.8660084 0.5000295 0 -1 0.0000511 0 -0.8660594 -0.499941 0 -0.8660594 -0.499941 0 -1 0.0000511 0 -0.8660084 0.5000295 0 -0.4999852 0.8660339 0</float_array>
          <technique_common>
            <accessor count="10" source="#ID466" stride="3">
              <param name="X" type="float" />
              <param name="Y" type="float" />
              <param name="Z" type="float" />
            </accessor>
          </technique_common>
        </source>
        <source id="ID467">
          <float_array id="ID468" count="20">0 1 1 1 1 0.75 1 0.5 1 0.2499999 1 0 0 0 0 0.2499999 0 0.5 0 0.75</float_array>
          <technique_common>
            <accessor count="10" source="#ID468" stride="2">
              <param name="S" type="float" />
              <param name="T" type="float" />
            </accessor>
          </technique_common>
        </source>
        <vertices id="ID469">
          <input semantic="POSITION" source="#ID463" />
        </vertices>
        <triangles count="8" material="ID470">
          <input semantic="VERTEX" source="#ID469" offset="0" />
          <input semantic="NORMAL" source="#ID465" offset="1" />
          <input semantic="TEXCOORD" source="#ID467" offset="2" set="0" />
          <p>1 1 1 2 2 2 0 0 0 0 0 0 2 2 2 9 9 9 9 9 9 2 2 2 3 3 3 8 8 8 3 3 3 4 4 4 7 7 7 4 4 4 5 5 5 6 6 6 7 7 7 5 5 5 7 7 7 8 8 8 4 4 4 8 8 8 9 9 9 3 3 3</p>
        </triangles>
      </mesh>
    </geometry>
    <geometry id="ID471">
      <mesh>
        <source id="ID472">
          <float_array id="ID473" count="12">0.03902 -0.049 0.0005 0.03902 -0.049 0.001 0.04298 -0.049 0.001 0.04298 -0.049 0.0005</float_array>
          <technique_common>
            <accessor count="4" source="#ID473" stride="3">
              <param name="X" type="float" />
              <param name="Y" type="float" />
              <param name="Z" type="float" />
            </accessor>
          </technique_common>
        </source>
        <source id="ID474">
          <float_array id="ID475" count="12">0 1 0 0 1 0 0 1 0 0 1 0</float_array>
          <technique_common>
            <accessor count="4" source="#ID475" stride="3">
              <param name="X" type="float" />
              <param name="Y" type="float" />
              <param name="Z" type="float" />
            </accessor>
          </technique_common>
        </source>
        <source id="ID476">
          <float_array id="ID477" count="8">1 0 0 0 0 1 1 1</float_array>
          <technique_common>
            <accessor count="4" source="#ID477" stride="2">
              <param name="S" type="float" />
              <param name="T" type="float" />
            </accessor>
          </technique_common>
        </source>
        <vertices id="ID478">
          <input semantic="POSITION" source="#ID472" />
        </vertices>
        <triangles count="2" material="ID479">
          <input semantic="VERTEX" source="#ID478" offset="0" />
          <input semantic="NORMAL" source="#ID474" offset="1" />
          <input semantic="TEXCOORD" source="#ID476" offset="2" set="0" />
          <p>0 0 0 1 1 1 3 3 3 3 3 3 1 1 1 2 2 2</p>
        </triangles>
      </mesh>
    </geometry>
    <geometry id="ID480">
      <mesh>
        <source id="ID481">
          <float_array id="ID482" count="30">0.0387602 -0.04855 0.0005 0.0387602 -0.04855 0.001 0.03872 -0.0487 0.001 0.0387602 -0.04885 0.001 0.03887 -0.0489598 0.001 0.03902 -0.049 0.001 0.03902 -0.049 0.0005 0.03887 -0.0489598 0.0005 0.0387602 -0.04885 0.0005 0.03872 -0.0487 0.0005</float_array>
          <technique_common>
            <accessor count="10" source="#ID482" stride="3">
              <param name="X" type="float" />
              <param name="Y" type="float" />
              <param name="Z" type="float" />
            </accessor>
          </technique_common>
        </source>
        <source id="ID483">
          <float_array id="ID484" count="30">0.8660594 -0.499941 0 0.8660594 -0.499941 0 1 0.0000511 0 0.8660084 0.5000295 0 0.4999852 0.8660339 0 0 1 0 0 1 0 0.4999852 0.8660339 0 0.8660084 0.5000295 0 1 0.0000511 0</float_array>
          <technique_common>
            <accessor count="10" source="#ID484" stride="3">
              <param name="X" type="float" />
              <param name="Y" type="float" />
              <param name="Z" type="float" />
            </accessor>
          </technique_common>
        </source>
        <source id="ID485">
          <float_array id="ID486" count="20">0 1 1 1 1 0.7500001 1 0.4999999 1 0.25 1 0 0 0 0 0.25 0 0.4999999 0 0.7500001</float_array>
          <technique_common>
            <accessor count="10" source="#ID486" stride="2">
              <param name="S" type="float" />
              <param name="T" type="float" />
            </accessor>
          </technique_common>
        </source>
        <vertices id="ID487">
          <input semantic="POSITION" source="#ID481" />
        </vertices>
        <triangles count="8" material="ID488">
          <input semantic="VERTEX" source="#ID487" offset="0" />
          <input semantic="NORMAL" source="#ID483" offset="1" />
          <input semantic="TEXCOORD" source="#ID485" offset="2" set="0" />
          <p>1 1 1 2 2 2 0 0 0 0 0 0 2 2 2 9 9 9 9 9 9 2 2 2 3 3 3 8 8 8 3 3 3 4 4 4 7 7 7 4 4 4 5 5 5 6 6 6 7 7 7 5 5 5 7 7 7 8 8 8 4 4 4 8 8 8 9 9 9 3 3 3</p>
        </triangles>
      </mesh>
    </geometry>
    <geometry id="ID489">
      <mesh>
        <source id="ID490">
          <float_array id="ID491" count="12">0.0407402 -0.04512 0.0005 0.0407402 -0.04512 0.001 0.0387602 -0.04855 0.001 0.0387602 -0.04855 0.0005</float_array>
          <technique_common>
            <accessor count="4" source="#ID491" stride="3">
              <param name="X" type="float" />
              <param name="Y" type="float" />
              <param name="Z" type="float" />
            </accessor>
          </technique_common>
        </source>
        <source id="ID492">
          <float_array id="ID493" count="12">0.8660594 -0.499941 0 0.8660594 -0.499941 0 0.8660594 -0.499941 0 0.8660594 -0.499941 0</float_array>
          <technique_common>
            <accessor count="4" source="#ID493" stride="3">
              <param name="X" type="float" />
              <param name="Y" type="float" />
              <param name="Z" type="float" />
            </accessor>
          </technique_common>
        </source>
        <source id="ID494">
          <float_array id="ID495" count="8">0 0 0 1 1 1 1 0</float_array>
          <technique_common>
            <accessor count="4" source="#ID495" stride="2">
              <param name="S" type="float" />
              <param name="T" type="float" />
            </accessor>
          </technique_common>
        </source>
        <vertices id="ID496">
          <input semantic="POSITION" source="#ID490" />
        </vertices>
        <triangles count="2" material="ID497">
          <input semantic="VERTEX" source="#ID496" offset="0" />
          <input semantic="NORMAL" source="#ID492" offset="1" />
          <input semantic="TEXCOORD" source="#ID494" offset="2" set="0" />
          <p>1 1 1 2 2 2 0 0 0 0 0 0 2 2 2 3 3 3</p>
        </triangles>
      </mesh>
    </geometry>
    <geometry id="ID498">
      <mesh>
        <source id="ID499">
          <float_array id="ID500" count="54">0.0412598 -0.04512 0.0005 0.0412598 -0.04512 0.001 0.0412121 -0.0450579 0.001 0.04115 -0.0450102 0.001 0.0410777 -0.0449802 0.001 0.041 -0.04497 0.001 0.0409223 -0.0449802 0.001 0.04085 -0.0450102 0.001 0.0407879 -0.0450579 0.001 0.0407402 -0.04512 0.001 0.0407402 -0.04512 0.0005 0.0407879 -0.0450579 0.0005 0.04085 -0.0450102 0.0005 0.0409223 -0.0449802 0.0005 0.041 -0.04497 0.0005 0.0410777 -0.0449802 0.0005 0.04115 -0.0450102 0.0005 0.0412121 -0.0450579 0.0005</float_array>
          <technique_common>
            <accessor count="18" source="#ID500" stride="3">
              <param name="X" type="float" />
              <param name="Y" type="float" />
              <param name="Z" type="float" />
            </accessor>
          </technique_common>
        </source>
        <source id="ID501">
          <float_array id="ID502" count="54">-0.8660594 -0.499941 0 -0.8660594 -0.499941 0 -0.7071429 -0.7070706 0 -0.5000295 -0.8660084 0 -0.2588355 -0.9659214 0 0 -1 0 0.2588355 -0.9659214 0 0.5000295 -0.8660084 0 0.7071429 -0.7070706 0 0.8660594 -0.499941 0 0.8660594 -0.499941 0 0.7071429 -0.7070706 0 0.5000295 -0.8660084 0 0.2588355 -0.9659214 0 0 -1 0 -0.2588355 -0.9659214 0 -0.5000295 -0.8660084 0 -0.7071429 -0.7070706 0</float_array>
          <technique_common>
            <accessor count="18" source="#ID502" stride="3">
              <param name="X" type="float" />
              <param name="Y" type="float" />
              <param name="Z" type="float" />
            </accessor>
          </technique_common>
        </source>
        <source id="ID503">
          <float_array id="ID504" count="36">0 1 1 1 1 0.875 1 0.75 1 0.625 1 0.5 1 0.375 1 0.25 1 0.125 1 0 0 0 0 0.125 0 0.25 0 0.375 0 0.5 0 0.625 0 0.75 0 0.875</float_array>
          <technique_common>
            <accessor count="18" source="#ID504" stride="2">
              <param name="S" type="float" />
              <param name="T" type="float" />
            </accessor>
          </technique_common>
        </source>
        <vertices id="ID505">
          <input semantic="POSITION" source="#ID499" />
        </vertices>
        <triangles count="16" material="ID506">
          <input semantic="VERTEX" source="#ID505" offset="0" />
          <input semantic="NORMAL" source="#ID501" offset="1" />
          <input semantic="TEXCOORD" source="#ID503" offset="2" set="0" />
          <p>0 0 0 1 1 1 17 17 17 17 17 17 1 1 1 2 2 2 3 3 3 17 17 17 2 2 2 3 3 3 16 16 16 17 17 17 3 3 3 4 4 4 16 16 16 16 16 16 4 4 4 15 15 15 15 15 15 4 4 4 14 14 14 14 14 14 4 4 4 5 5 5 13 13 13 5 5 5 6 6 6 7 7 7 13 13 13 6 6 6 7 7 7 12 12 12 13 13 13 7 7 7 8 8 8 12 12 12 12 12 12 8 8 8 11 11 11 11 11 11 8 8 8 10 10 10 10 10 10 8 8 8 9 9 9 13 13 13 14 14 14 5 5 5</p>
        </triangles>
      </mesh>
    </geometry>
    <geometry id="ID507">
      <mesh>
        <source id="ID508">
          <float_array id="ID509" count="12">0.0719 -0.0486224 0.0098438 0.0719 -0.0486224 0.0005 0.0718033 -0.0482574 0.0005 0.0718033 -0.0482574 0.0098387</float_array>
          <technique_common>
            <accessor count="4" source="#ID509" stride="3">
              <param name="X" type="float" />
              <param name="Y" type="float" />
              <param name="Z" type="float" />
            </accessor>
          </technique_common>
        </source>
        <source id="ID510">
          <float_array id="ID511" count="12">0.9666666 0.2560382 0 0.9666666 0.2560382 0 0.9666666 0.2560382 0 0.9666666 0.2560382 0</float_array>
          <technique_common>
            <accessor count="4" source="#ID511" stride="3">
              <param name="X" type="float" />
              <param name="Y" type="float" />
              <param name="Z" type="float" />
            </accessor>
          </technique_common>
        </source>
        <source id="ID512">
          <float_array id="ID513" count="8">1 0 1 1 0 1 0 0.0005422</float_array>
          <technique_common>
            <accessor count="4" source="#ID513" stride="2">
              <param name="S" type="float" />
              <param name="T" type="float" />
            </accessor>
          </technique_common>
        </source>
        <vertices id="ID514">
          <input semantic="POSITION" source="#ID508" />
        </vertices>
        <triangles count="2" material="ID515">
          <input semantic="VERTEX" source="#ID514" offset="0" />
          <input semantic="NORMAL" source="#ID510" offset="1" />
          <input semantic="TEXCOORD" source="#ID512" offset="2" set="0" />
          <p>0 0 0 1 1 1 3 3 3 3 3 3 1 1 1 2 2 2</p>
        </triangles>
      </mesh>
    </geometry>
    <geometry id="ID516">
      <mesh>
        <source id="ID517">
          <float_array id="ID518" count="24">0.0718033 -0.0482574 0.0005 0.0712251 -0.0471401 0.0005 0.0702281 -0.0463728 0.0005 0.069 -0.0461 0.0005 0.069 -0.0461 0.0096918 0.0702281 -0.0463728 0.0097561 0.0712251 -0.0471401 0.0098084 0.0718033 -0.0482574 0.0098387</float_array>
          <technique_common>
            <accessor count="8" source="#ID518" stride="3">
              <param name="X" type="float" />
              <param name="Y" type="float" />
              <param name="Z" type="float" />
            </accessor>
          </technique_common>
        </source>
        <source id="ID519">
          <float_array id="ID520" count="24">0.9666666 0.2560382 0 0.7672763 0.6413167 0 0.4234875 0.905902 0 0 1 0 0 1 0 0.4234875 0.905902 0 0.7672763 0.6413167 0 0.9666666 0.2560382 0</float_array>
          <technique_common>
            <accessor count="8" source="#ID520" stride="3">
              <param name="X" type="float" />
              <param name="Y" type="float" />
              <param name="Z" type="float" />
            </accessor>
          </technique_common>
        </source>
        <source id="ID521">
          <float_array id="ID522" count="16">0 1 0 0.6666667 0 0.3333334 0 0 0.9842681 0 0.9911601 0.3333334 0.9967551 0.6666667 1 1</float_array>
          <technique_common>
            <accessor count="8" source="#ID522" stride="2">
              <param name="S" type="float" />
              <param name="T" type="float" />
            </accessor>
          </technique_common>
        </source>
        <vertices id="ID523">
          <input semantic="POSITION" source="#ID517" />
        </vertices>
        <triangles count="6" material="ID524">
          <input semantic="VERTEX" source="#ID523" offset="0" />
          <input semantic="NORMAL" source="#ID519" offset="1" />
          <input semantic="TEXCOORD" source="#ID521" offset="2" set="0" />
          <p>0 0 0 1 1 1 7 7 7 7 7 7 1 1 1 6 6 6 6 6 6 1 1 1 2 2 2 5 5 5 2 2 2 3 3 3 4 4 4 5 5 5 3 3 3 5 5 5 6 6 6 2 2 2</p>
        </triangles>
      </mesh>
    </geometry>
    <geometry id="ID525">
      <mesh>
        <source id="ID526">
          <float_array id="ID527" count="12">0.069 -0.0461 0.0005 0.0641451 -0.0461 0.0005 0.0641451 -0.0461 0.0094373 0.069 -0.0461 0.0096918</float_array>
          <technique_common>
            <accessor count="4" source="#ID527" stride="3">
              <param name="X" type="float" />
              <param name="Y" type="float" />
              <param name="Z" type="float" />
            </accessor>
          </technique_common>
        </source>
        <source id="ID528">
          <float_array id="ID529" count="12">0 1 0 0 1 0 0 1 0 0 1 0</float_array>
          <technique_common>
            <accessor count="4" source="#ID529" stride="3">
              <param name="X" type="float" />
              <param name="Y" type="float" />
              <param name="Z" type="float" />
            </accessor>
          </technique_common>
        </source>
        <source id="ID530">
          <float_array id="ID531" count="8">1 1 0 1 0 0.0276809 1 0</float_array>
          <technique_common>
            <accessor count="4" source="#ID531" stride="2">
              <param name="S" type="float" />
              <param name="T" type="float" />
            </accessor>
          </technique_common>
        </source>
        <vertices id="ID532">
          <input semantic="POSITION" source="#ID526" />
        </vertices>
        <triangles count="2" material="ID533">
          <input semantic="VERTEX" source="#ID532" offset="0" />
          <input semantic="NORMAL" source="#ID528" offset="1" />
          <input semantic="TEXCOORD" source="#ID530" offset="2" set="0" />
          <p>1 1 1 2 2 2 0 0 0 0 0 0 2 2 2 3 3 3</p>
        </triangles>
      </mesh>
    </geometry>
    <geometry id="ID534">
      <mesh>
        <source id="ID535">
          <float_array id="ID536" count="24">0.0641451 -0.0461 0.0005 0.0625697 -0.0460587 0.0005 0.0609987 -0.0459351 0.0005 0.0594364 -0.0457294 0.0005 0.0594364 -0.0457294 0.0091906 0.0609987 -0.0459351 0.0092725 0.0625697 -0.0460587 0.0093548 0.0641451 -0.0461 0.0094373</float_array>
          <technique_common>
            <accessor count="8" source="#ID536" stride="3">
              <param name="X" type="float" />
              <param name="Y" type="float" />
              <param name="Z" type="float" />
            </accessor>
          </technique_common>
        </source>
        <source id="ID537">
          <float_array id="ID538" count="24">0 1 0 0.052336 0.9986295 0 0.1045285 0.9945219 0 0.1564345 0.9876884 0 0.1564345 0.9876884 0 0.1045285 0.9945219 0 0.052336 0.9986295 0 0 1 0</float_array>
          <technique_common>
            <accessor count="8" source="#ID538" stride="3">
              <param name="X" type="float" />
              <param name="Y" type="float" />
              <param name="Z" type="float" />
            </accessor>
          </technique_common>
        </source>
        <source id="ID539">
          <float_array id="ID540" count="16">0 0 0 0.3333333 0 0.6666667 0 1 0.9723886 1 0.9815503 0.6666667 0.9907625 0.3333333 1 0</float_array>
          <technique_common>
            <accessor count="8" source="#ID540" stride="2">
              <param name="S" type="float" />
              <param name="T" type="float" />
            </accessor>
          </technique_common>
        </source>
        <vertices id="ID541">
          <input semantic="POSITION" source="#ID535" />
        </vertices>
        <triangles count="6" material="ID542">
          <input semantic="VERTEX" source="#ID541" offset="0" />
          <input semantic="NORMAL" source="#ID537" offset="1" />
          <input semantic="TEXCOORD" source="#ID539" offset="2" set="0" />
          <p>7 7 7 0 0 0 6 6 6 6 6 6 0 0 0 1 1 1 5 5 5 1 1 1 2 2 2 4 4 4 2 2 2 3 3 3 4 4 4 5 5 5 2 2 2 5 5 5 6 6 6 1 1 1</p>
        </triangles>
      </mesh>
    </geometry>
    <geometry id="ID543">
      <mesh>
        <source id="ID544">
          <float_array id="ID545" count="15">0.0594364 -0.0457294 0.0005 0.047539 -0.043845 0.0005 0.047539 -0.043845 0.009 0.0558 -0.0451534 0.009 0.0594364 -0.0457294 0.0091906</float_array>
          <technique_common>
            <accessor count="5" source="#ID545" stride="3">
              <param name="X" type="float" />
              <param name="Y" type="float" />
              <param name="Z" type="float" />
            </accessor>
          </technique_common>
        </source>
        <source id="ID546">
          <float_array id="ID547" count="15">0.1564345 0.9876884 0 0.1564345 0.9876884 0 0.1564345 0.9876884 0 0.1564345 0.9876884 0 0.1564345 0.9876884 0</float_array>
          <technique_common>
            <accessor count="5" source="#ID547" stride="3">
              <param name="X" type="float" />
              <param name="Y" type="float" />
              <param name="Z" type="float" />
            </accessor>
          </technique_common>
        </source>
        <source id="ID548">
          <float_array id="ID549" count="10">1 1 0 1 0 0.0219288 0.6943546 0.0219288 1 0</float_array>
          <technique_common>
            <accessor count="5" source="#ID549" stride="2">
              <param name="S" type="float" />
              <param name="T" type="float" />
            </accessor>
          </technique_common>
        </source>
        <vertices id="ID550">
          <input semantic="POSITION" source="#ID544" />
        </vertices>
        <triangles count="3" material="ID551">
          <input semantic="VERTEX" source="#ID550" offset="0" />
          <input semantic="NORMAL" source="#ID546" offset="1" />
          <input semantic="TEXCOORD" source="#ID548" offset="2" set="0" />
          <p>4 4 4 0 0 0 3 3 3 3 3 3 0 0 0 1 1 1 2 2 2 3 3 3 1 1 1</p>
        </triangles>
      </mesh>
    </geometry>
    <geometry id="ID552">
      <mesh>
        <source id="ID553">
          <float_array id="ID554" count="24">0.047539 -0.043845 0.0005 0.0465061 -0.043709 0.0005 0.0454675 -0.0436273 0.0005 0.044426 -0.0436 0.0005 0.044426 -0.0436 0.009 0.0454675 -0.0436273 0.009 0.0465061 -0.043709 0.009 0.047539 -0.043845 0.009</float_array>
          <technique_common>
            <accessor count="8" source="#ID554" stride="3">
              <param name="X" type="float" />
              <param name="Y" type="float" />
              <param name="Z" type="float" />
            </accessor>
          </technique_common>
        </source>
        <source id="ID555">
          <float_array id="ID556" count="24">0.1564345 0.9876884 0 0.1045285 0.9945219 0 0.052336 0.9986295 0 0 1 0 0 1 0 0.052336 0.9986295 0 0.1045285 0.9945219 0 0.1564345 0.9876884 0</float_array>
          <technique_common>
            <accessor count="8" source="#ID556" stride="3">
              <param name="X" type="float" />
              <param name="Y" type="float" />
              <param name="Z" type="float" />
            </accessor>
          </technique_common>
        </source>
        <source id="ID557">
          <float_array id="ID558" count="16">0 1 0 0.6666667 0 0.3333333 0 0 1 0 1 0.3333333 1 0.6666667 1 1</float_array>
          <technique_common>
            <accessor count="8" source="#ID558" stride="2">
              <param name="S" type="float" />
              <param name="T" type="float" />
            </accessor>
          </technique_common>
        </source>
        <vertices id="ID559">
          <input semantic="POSITION" source="#ID553" />
        </vertices>
        <triangles count="6" material="ID560">
          <input semantic="VERTEX" source="#ID559" offset="0" />
          <input semantic="NORMAL" source="#ID555" offset="1" />
          <input semantic="TEXCOORD" source="#ID557" offset="2" set="0" />
          <p>7 7 7 0 0 0 6 6 6 6 6 6 0 0 0 1 1 1 5 5 5 1 1 1 2 2 2 4 4 4 2 2 2 3 3 3 4 4 4 5 5 5 2 2 2 5 5 5 6 6 6 1 1 1</p>
        </triangles>
      </mesh>
    </geometry>
    <geometry id="ID561">
      <mesh>
        <source id="ID562">
          <float_array id="ID563" count="12">0.044426 -0.0436 0.0005 0.037574 -0.0436 0.0005 0.037574 -0.0436 0.009 0.044426 -0.0436 0.009</float_array>
          <technique_common>
            <accessor count="4" source="#ID563" stride="3">
              <param name="X" type="float" />
              <param name="Y" type="float" />
              <param name="Z" type="float" />
            </accessor>
          </technique_common>
        </source>
        <source id="ID564">
          <float_array id="ID565" count="12">0 1 0 0 1 0 0 1 0 0 1 0</float_array>
          <technique_common>
            <accessor count="4" source="#ID565" stride="3">
              <param name="X" type="float" />
              <param name="Y" type="float" />
              <param name="Z" type="float" />
            </accessor>
          </technique_common>
        </source>
        <source id="ID566">
          <float_array id="ID567" count="8">1 1 0 1 0 0 1 0</float_array>
          <technique_common>
            <accessor count="4" source="#ID567" stride="2">
              <param name="S" type="float" />
              <param name="T" type="float" />
            </accessor>
          </technique_common>
        </source>
        <vertices id="ID568">
          <input semantic="POSITION" source="#ID562" />
        </vertices>
        <triangles count="2" material="ID569">
          <input semantic="VERTEX" source="#ID568" offset="0" />
          <input semantic="NORMAL" source="#ID564" offset="1" />
          <input semantic="TEXCOORD" source="#ID566" offset="2" set="0" />
          <p>0 0 0 1 1 1 3 3 3 3 3 3 1 1 1 2 2 2</p>
        </triangles>
      </mesh>
    </geometry>
    <geometry id="ID570">
      <mesh>
        <source id="ID571">
          <float_array id="ID572" count="24">0.037574 -0.0436 0.0005 0.0365221 -0.0435725 0.0005 0.035473 -0.0434899 0.0005 0.0344297 -0.0433526 0.0005 0.0344297 -0.0433526 0.009 0.035473 -0.0434899 0.009 0.0365221 -0.0435725 0.009 0.037574 -0.0436 0.009</float_array>
          <technique_common>
            <accessor count="8" source="#ID572" stride="3">
              <param name="X" type="float" />
              <param name="Y" type="float" />
              <param name="Z" type="float" />
            </accessor>
          </technique_common>
        </source>
        <source id="ID573">
          <float_array id="ID574" count="24">0 1 0 0.052336 0.9986295 0 0.1045285 0.9945219 0 0.1564345 0.9876884 0 0.1564345 0.9876884 0 0.1045285 0.9945219 0 0.052336 0.9986295 0 0 1 0</float_array>
          <technique_common>
            <accessor count="8" source="#ID574" stride="3">
              <param name="X" type="float" />
              <param name="Y" type="float" />
              <param name="Z" type="float" />
            </accessor>
          </technique_common>
        </source>
        <source id="ID575">
          <float_array id="ID576" count="16">0 0 0 0.3333333 0 0.6666667 0 1 1 1 1 0.6666667 1 0.3333333 1 0</float_array>
          <technique_common>
            <accessor count="8" source="#ID576" stride="2">
              <param name="S" type="float" />
              <param name="T" type="float" />
            </accessor>
          </technique_common>
        </source>
        <vertices id="ID577">
          <input semantic="POSITION" source="#ID571" />
        </vertices>
        <triangles count="6" material="ID578">
          <input semantic="VERTEX" source="#ID577" offset="0" />
          <input semantic="NORMAL" source="#ID573" offset="1" />
          <input semantic="TEXCOORD" source="#ID575" offset="2" set="0" />
          <p>7 7 7 0 0 0 6 6 6 6 6 6 0 0 0 1 1 1 5 5 5 1 1 1 2 2 2 4 4 4 2 2 2 3 3 3 4 4 4 5 5 5 2 2 2 5 5 5 6 6 6 1 1 1</p>
        </triangles>
      </mesh>
    </geometry>
    <geometry id="ID579">
      <mesh>
        <source id="ID580">
          <float_array id="ID581" count="12">0.0344297 -0.0433526 0.0005 0.0149553 -0.0402681 0.0005 0.0149553 -0.0402681 0.009 0.0344297 -0.0433526 0.009</float_array>
          <technique_common>
            <accessor count="4" source="#ID581" stride="3">
              <param name="X" type="float" />
              <param name="Y" type="float" />
              <param name="Z" type="float" />
            </accessor>
          </technique_common>
        </source>
        <source id="ID582">
          <float_array id="ID583" count="12">0.1564345 0.9876884 0 0.1564345 0.9876884 0 0.1564345 0.9876884 0 0.1564345 0.9876884 0</float_array>
          <technique_common>
            <accessor count="4" source="#ID583" stride="3">
              <param name="X" type="float" />
              <param name="Y" type="float" />
              <param name="Z" type="float" />
            </accessor>
          </technique_common>
        </source>
        <source id="ID584">
          <float_array id="ID585" count="8">1 1 0 1 0 0 1 0</float_array>
          <technique_common>
            <accessor count="4" source="#ID585" stride="2">
              <param name="S" type="float" />
              <param name="T" type="float" />
            </accessor>
          </technique_common>
        </source>
        <vertices id="ID586">
          <input semantic="POSITION" source="#ID580" />
        </vertices>
        <triangles count="2" material="ID587">
          <input semantic="VERTEX" source="#ID586" offset="0" />
          <input semantic="NORMAL" source="#ID582" offset="1" />
          <input semantic="TEXCOORD" source="#ID584" offset="2" set="0" />
          <p>0 0 0 1 1 1 3 3 3 3 3 3 1 1 1 2 2 2</p>
        </triangles>
      </mesh>
    </geometry>
    <geometry id="ID588">
      <mesh>
        <source id="ID589">
          <float_array id="ID590" count="24">0.0149553 -0.0402681 0.0005 0.0134034 -0.0400638 0.0005 0.0118428 -0.039941 0.0005 0.0102779 -0.0399 0.0005 0.0102779 -0.0399 0.009 0.0118428 -0.039941 0.009 0.0134034 -0.0400638 0.009 0.0149553 -0.0402681 0.009</float_array>
          <technique_common>
            <accessor count="8" source="#ID590" stride="3">
              <param name="X" type="float" />
              <param name="Y" type="float" />
              <param name="Z" type="float" />
            </accessor>
          </technique_common>
        </source>
        <source id="ID591">
          <float_array id="ID592" count="24">0.1564345 0.9876884 0 0.1045285 0.9945219 0 0.052336 0.9986295 0 0 1 0 0 1 0 0.052336 0.9986295 0 0.1045285 0.9945219 0 0.1564345 0.9876884 0</float_array>
          <technique_common>
            <accessor count="8" source="#ID592" stride="3">
              <param name="X" type="float" />
              <param name="Y" type="float" />
              <param name="Z" type="float" />
            </accessor>
          </technique_common>
        </source>
        <source id="ID593">
          <float_array id="ID594" count="16">0 1 0 0.6666667 0 0.3333333 0 0 1 0 1 0.3333333 1 0.6666667 1 1</float_array>
          <technique_common>
            <accessor count="8" source="#ID594" stride="2">
              <param name="S" type="float" />
              <param name="T" type="float" />
            </accessor>
          </technique_common>
        </source>
        <vertices id="ID595">
          <input semantic="POSITION" source="#ID589" />
        </vertices>
        <triangles count="6" material="ID596">
          <input semantic="VERTEX" source="#ID595" offset="0" />
          <input semantic="NORMAL" source="#ID591" offset="1" />
          <input semantic="TEXCOORD" source="#ID593" offset="2" set="0" />
          <p>7 7 7 0 0 0 6 6 6 6 6 6 0 0 0 1 1 1 5 5 5 1 1 1 2 2 2 4 4 4 2 2 2 3 3 3 4 4 4 5 5 5 2 2 2 5 5 5 6 6 6 1 1 1</p>
        </triangles>
      </mesh>
    </geometry>
    <geometry id="ID597">
      <mesh>
        <source id="ID598">
          <float_array id="ID599" count="12">0.0102779 -0.0399 0.0005 0.004 -0.0399 0.0005 0.004 -0.0399 0.009 0.0102779 -0.0399 0.009</float_array>
          <technique_common>
            <accessor count="4" source="#ID599" stride="3">
              <param name="X" type="float" />
              <param name="Y" type="float" />
              <param name="Z" type="float" />
            </accessor>
          </technique_common>
        </source>
        <source id="ID600">
          <float_array id="ID601" count="12">0 1 0 0 1 0 0 1 0 0 1 0</float_array>
          <technique_common>
            <accessor count="4" source="#ID601" stride="3">
              <param name="X" type="float" />
              <param name="Y" type="float" />
              <param name="Z" type="float" />
            </accessor>
          </technique_common>
        </source>
        <source id="ID602">
          <float_array id="ID603" count="8">1 1 0 1 0 0 1 0</float_array>
          <technique_common>
            <accessor count="4" source="#ID603" stride="2">
              <param name="S" type="float" />
              <param name="T" type="float" />
            </accessor>
          </technique_common>
        </source>
        <vertices id="ID604">
          <input semantic="POSITION" source="#ID598" />
        </vertices>
        <triangles count="2" material="ID605">
          <input semantic="VERTEX" source="#ID604" offset="0" />
          <input semantic="NORMAL" source="#ID600" offset="1" />
          <input semantic="TEXCOORD" source="#ID602" offset="2" set="0" />
          <p>0 0 0 1 1 1 3 3 3 3 3 3 1 1 1 2 2 2</p>
        </triangles>
      </mesh>
    </geometry>
    <geometry id="ID606">
      <mesh>
        <source id="ID607">
          <float_array id="ID608" count="24">0.004 -0.0399 0.0005 0.0013353 -0.0400778 0.0005 -0.0013353 -0.0400778 0.0005 -0.004 -0.0399 0.0005 -0.004 -0.0399 0.009 -0.0013353 -0.0400778 0.009 0.0013353 -0.0400778 0.009 0.004 -0.0399 0.009</float_array>
          <technique_common>
            <accessor count="8" source="#ID608" stride="3">
              <param name="X" type="float" />
              <param name="Y" type="float" />
              <param name="Z" type="float" />
            </accessor>
          </technique_common>
        </source>
        <source id="ID609">
          <float_array id="ID610" count="24">-0.0997506 0.9950125 0 -0.0332994 0.9994454 0 0.0332994 0.9994454 0 0.0997506 0.9950125 0 0.0997506 0.9950125 0 0.0332994 0.9994454 0 -0.0332994 0.9994454 0 -0.0997506 0.9950125 0</float_array>
          <technique_common>
            <accessor count="8" source="#ID610" stride="3">
              <param name="X" type="float" />
              <param name="Y" type="float" />
              <param name="Z" type="float" />
            </accessor>
          </technique_common>
        </source>
        <source id="ID611">
          <float_array id="ID612" count="16">0 0 0 0.3333334 0 0.6666666 0 1 1 1 1 0.6666666 1 0.3333334 1 0</float_array>
          <technique_common>
            <accessor count="8" source="#ID612" stride="2">
              <param name="S" type="float" />
              <param name="T" type="float" />
            </accessor>
          </technique_common>
        </source>
        <vertices id="ID613">
          <input semantic="POSITION" source="#ID607" />
        </vertices>
        <triangles count="6" material="ID614">
          <input semantic="VERTEX" source="#ID613" offset="0" />
          <input semantic="NORMAL" source="#ID609" offset="1" />
          <input semantic="TEXCOORD" source="#ID611" offset="2" set="0" />
          <p>7 7 7 0 0 0 6 6 6 6 6 6 0 0 0 1 1 1 5 5 5 1 1 1 2 2 2 4 4 4 2 2 2 3 3 3 4 4 4 5 5 5 2 2 2 5 5 5 6 6 6 1 1 1</p>
        </triangles>
      </mesh>
    </geometry>
    <geometry id="ID615">
      <mesh>
        <source id="ID616">
          <float_array id="ID617" count="24">0.072 -0.0493905 0.0005 0.0719888 -0.0491319 0.0005 0.0719554 -0.0488753 0.0005 0.0719 -0.0486224 0.0005 0.0719 -0.0486224 0.0098438 0.0719554 -0.0488753 0.0098467 0.0719888 -0.0491319 0.0098484 0.072 -0.0493905 0.009849</float_array>
          <technique_common>
            <accessor count="8" source="#ID617" stride="3">
              <param name="X" type="float" />
              <param name="Y" type="float" />
              <param name="Z" type="float" />
            </accessor>
          </technique_common>
        </source>
        <source id="ID618">
          <float_array id="ID619" count="24">1 0 0 0.9962779 0.0862001 0 0.9851391 0.1717584 0 0.9666666 0.2560382 0 0.9666666 0.2560382 0 0.9851391 0.1717584 0 0.9962779 0.0862001 0 1 0 0</float_array>
          <technique_common>
            <accessor count="8" source="#ID619" stride="3">
              <param name="X" type="float" />
              <param name="Y" type="float" />
              <param name="Z" type="float" />
            </accessor>
          </technique_common>
        </source>
        <source id="ID620">
          <float_array id="ID621" count="16">1 0 1 0.3333333 1 0.6666667 1 1 0.0005605 1 0.0002499 0.6666667 0.0000626 0.3333333 0 0</float_array>
          <technique_common>
            <accessor count="8" source="#ID621" stride="2">
              <param name="S" type="float" />
              <param name="T" type="float" />
            </accessor>
          </technique_common>
        </source>
        <vertices id="ID622">
          <input semantic="POSITION" source="#ID616" />
        </vertices>
        <triangles count="6" material="ID623">
          <input semantic="VERTEX" source="#ID622" offset="0" />
          <input semantic="NORMAL" source="#ID618" offset="1" />
          <input semantic="TEXCOORD" source="#ID620" offset="2" set="0" />
          <p>7 7 7 0 0 0 6 6 6 6 6 6 0 0 0 1 1 1 5 5 5 1 1 1 2 2 2 4 4 4 2 2 2 3 3 3 4 4 4 5 5 5 2 2 2 5 5 5 6 6 6 1 1 1</p>
        </triangles>
      </mesh>
    </geometry>
    <geometry id="ID624">
      <mesh>
        <source id="ID625">
          <float_array id="ID626" count="12">-0.004 -0.0399 0.0005 -0.0045 -0.0399 0.0005 -0.0045 -0.0399 0.009 -0.004 -0.0399 0.009</float_array>
          <technique_common>
            <accessor count="4" source="#ID626" stride="3">
              <param name="X" type="float" />
              <param name="Y" type="float" />
              <param name="Z" type="float" />
            </accessor>
          </technique_common>
        </source>
        <source id="ID627">
          <float_array id="ID628" count="12">0 1 0 0 1 0 0 1 0 0 1 0</float_array>
          <technique_common>
            <accessor count="4" source="#ID628" stride="3">
              <param name="X" type="float" />
              <param name="Y" type="float" />
              <param name="Z" type="float" />
            </accessor>
          </technique_common>
        </source>
        <source id="ID629">
          <float_array id="ID630" count="8">1 1 0 1 0 0 1 0</float_array>
          <technique_common>
            <accessor count="4" source="#ID630" stride="2">
              <param name="S" type="float" />
              <param name="T" type="float" />
            </accessor>
          </technique_common>
        </source>
        <vertices id="ID631">
          <input semantic="POSITION" source="#ID625" />
        </vertices>
        <triangles count="2" material="ID632">
          <input semantic="VERTEX" source="#ID631" offset="0" />
          <input semantic="NORMAL" source="#ID627" offset="1" />
          <input semantic="TEXCOORD" source="#ID629" offset="2" set="0" />
          <p>0 0 0 1 1 1 3 3 3 3 3 3 1 1 1 2 2 2</p>
        </triangles>
      </mesh>
    </geometry>
    <geometry id="ID633">
      <mesh>
        <source id="ID634">
          <float_array id="ID635" count="78">-0.0445108 -0.0293535 0.0075 -0.0437608 -0.0291525 0.0075 -0.0432117 -0.0286035 0.0075 -0.0430108 -0.0278535 0.0075 -0.0432117 -0.0271035 0.0075 -0.0437608 -0.0265545 0.0075 -0.0445108 -0.0263535 0.0075 -0.0452608 -0.0265545 0.0075 -0.0458098 -0.0271035 0.0075 -0.0460108 -0.0278535 0.0075 -0.0458098 -0.0286035 0.0075 -0.0452608 -0.0291525 0.0075 -0.0445108 -0.0293535 -0.0013 -0.0452608 -0.0291525 -0.0013 -0.0458098 -0.0286035 -0.0013 -0.0460108 -0.0278535 -0.0013 -0.0458098 -0.0271035 -0.0013 -0.0452608 -0.0265545 -0.0013 -0.0445108 -0.0263535 -0.0013 -0.0437608 -0.0265545 -0.0013 -0.0432117 -0.0271035 -0.0013 -0.0430108 -0.0278535 -0.0013 -0.0432117 -0.0286035 -0.0013 -0.0437608 -0.0291525 -0.0013 -0.0445108 -0.0293535 0.0075 -0.0445108 -0.0293535 -0.0013</float_array>
          <technique_common>
            <accessor count="26" source="#ID635" stride="3">
              <param name="X" type="float" />
              <param name="Y" type="float" />
              <param name="Z" type="float" />
            </accessor>
          </technique_common>
        </source>
        <source id="ID636">
          <float_array id="ID637" count="78">0 1 0 -0.5 0.8660254 0 -0.8660254 0.5 0 -1 0 0 -0.8660254 -0.5 0 -0.5 -0.8660254 0 0 -1 0 0.5 -0.8660254 0 0.8660254 -0.5 0 1 0 0 0.8660254 0.5 0 0.5 0.8660254 0 0 1 0 0.5 0.8660254 0 0.8660254 0.5 0 1 0 0 0.8660254 -0.5 0 0.5 -0.8660254 0 0 -1 0 -0.5 -0.8660254 0 -0.8660254 -0.5 0 -1 0 0 -0.8660254 0.5 0 -0.5 0.8660254 0 0 1 0 0 1 0</float_array>
          <technique_common>
            <accessor count="26" source="#ID637" stride="3">
              <param name="X" type="float" />
              <param name="Y" type="float" />
              <param name="Z" type="float" />
            </accessor>
          </technique_common>
        </source>
        <source id="ID638">
          <float_array id="ID639" count="52">1 1 1 0.9166666 1 0.8333333 1 0.75 1 0.6666667 1 0.5833334 1 0.5 1 0.4166667 1 0.3333333 1 0.25 1 0.1666667 1 0.0833334 0 0 0 0.0833334 0 0.1666667 0 0.25 0 0.3333333 0 0.4166667 0 0.5 0 0.5833334 0 0.6666667 0 0.75 0 0.8333333 0 0.9166666 1 0 0 1</float_array>
          <technique_common>
            <accessor count="26" source="#ID639" stride="2">
              <param name="S" type="float" />
              <param name="T" type="float" />
            </accessor>
          </technique_common>
        </source>
        <vertices id="ID640">
          <input semantic="POSITION" source="#ID634" />
        </vertices>
        <triangles count="24" material="ID641">
          <input semantic="VERTEX" source="#ID640" offset="0" />
          <input semantic="NORMAL" source="#ID636" offset="1" />
          <input semantic="TEXCOORD" source="#ID638" offset="2" set="0" />
          <p>1 1 1 25 25 25 0 0 0 1 1 1 23 23 23 25 25 25 1 1 1 2 2 2 23 23 23 23 23 23 2 2 2 22 22 22 22 22 22 2 2 2 3 3 3 21 21 21 3 3 3 4 4 4 20 20 20 4 4 4 5 5 5 19 19 19 5 5 5 6 6 6 18 18 18 6 6 6 7 7 7 17 17 17 7 7 7 8 8 8 16 16 16 8 8 8 9 9 9 15 15 15 9 9 9 10 10 10 14 14 14 10 10 10 11 11 11 13 13 13 11 11 11 24 24 24 12 12 12 13 13 13 24 24 24 13 13 13 14 14 14 11 11 11 14 14 14 15 15 15 10 10 10 15 15 15 16 16 16 9 9 9 16 16 16 17 17 17 8 8 8 17 17 17 18 18 18 7 7 7 18 18 18 19 19 19 6 6 6 19 19 19 20 20 20 5 5 5 20 20 20 21 21 21 4 4 4 21 21 21 22 22 22 3 3 3</p>
        </triangles>
      </mesh>
    </geometry>
    <geometry id="ID642">
      <mesh>
        <source id="ID643">
          <float_array id="ID644" count="78">-0.0410387 -0.0381963 0.0075 -0.0402887 -0.0379953 0.0075 -0.0397397 -0.0374463 0.0075 -0.0395387 -0.0366963 0.0075 -0.0397397 -0.0359463 0.0075 -0.0402887 -0.0353973 0.0075 -0.0410387 -0.0351963 0.0075 -0.0417887 -0.0353973 0.0075 -0.0423378 -0.0359463 0.0075 -0.0425387 -0.0366963 0.0075 -0.0423378 -0.0374463 0.0075 -0.0417887 -0.0379953 0.0075 -0.0410387 -0.0381963 -0.0013 -0.0417887 -0.0379953 -0.0013 -0.0423378 -0.0374463 -0.0013 -0.0425387 -0.0366963 -0.0013 -0.0423378 -0.0359463 -0.0013 -0.0417887 -0.0353973 -0.0013 -0.0410387 -0.0351963 -0.0013 -0.0402887 -0.0353973 -0.0013 -0.0397397 -0.0359463 -0.0013 -0.0395387 -0.0366963 -0.0013 -0.0397397 -0.0374463 -0.0013 -0.0402887 -0.0379953 -0.0013 -0.0410387 -0.0381963 0.0075 -0.0410387 -0.0381963 -0.0013</float_array>
          <technique_common>
            <accessor count="26" source="#ID644" stride="3">
              <param name="X" type="float" />
              <param name="Y" type="float" />
              <param name="Z" type="float" />
            </accessor>
          </technique_common>
        </source>
        <source id="ID645">
          <float_array id="ID646" count="78">0 1 0 -0.5 0.8660254 0 -0.8660254 0.5 0 -1 0 0 -0.8660254 -0.5 0 -0.5 -0.8660254 0 0 -1 0 0.5 -0.8660254 0 0.8660254 -0.5 0 1 0 0 0.8660254 0.5 0 0.5 0.8660254 0 0 1 0 0.5 0.8660254 0 0.8660254 0.5 0 1 0 0 0.8660254 -0.5 0 0.5 -0.8660254 0 0 -1 0 -0.5 -0.8660254 0 -0.8660254 -0.5 0 -1 0 0 -0.8660254 0.5 0 -0.5 0.8660254 0 0 1 0 0 1 0</float_array>
          <technique_common>
            <accessor count="26" source="#ID646" stride="3">
              <param name="X" type="float" />
              <param name="Y" type="float" />
              <param name="Z" type="float" />
            </accessor>
          </technique_common>
        </source>
        <source id="ID647">
          <float_array id="ID648" count="52">1 1 1 0.9166666 1 0.8333333 1 0.75 1 0.6666667 1 0.5833334 1 0.5 1 0.4166667 1 0.3333333 1 0.25 1 0.1666667 1 0.0833334 0 0 0 0.0833334 0 0.1666667 0 0.25 0 0.3333333 0 0.4166667 0 0.5 0 0.5833334 0 0.6666667 0 0.75 0 0.8333333 0 0.9166666 1 0 0 1</float_array>
          <technique_common>
            <accessor count="26" source="#ID648" stride="2">
              <param name="S" type="float" />
              <param name="T" type="float" />
            </accessor>
          </technique_common>
        </source>
        <vertices id="ID649">
          <input semantic="POSITION" source="#ID643" />
        </vertices>
        <triangles count="24" material="ID650">
          <input semantic="VERTEX" source="#ID649" offset="0" />
          <input semantic="NORMAL" source="#ID645" offset="1" />
          <input semantic="TEXCOORD" source="#ID647" offset="2" set="0" />
          <p>1 1 1 25 25 25 0 0 0 1 1 1 23 23 23 25 25 25 1 1 1 2 2 2 23 23 23 23 23 23 2 2 2 22 22 22 22 22 22 2 2 2 3 3 3 21 21 21 3 3 3 4 4 4 20 20 20 4 4 4 5 5 5 19 19 19 5 5 5 6 6 6 18 18 18 6 6 6 7 7 7 17 17 17 7 7 7 8 8 8 16 16 16 8 8 8 9 9 9 15 15 15 9 9 9 10 10 10 14 14 14 10 10 10 11 11 11 13 13 13 11 11 11 24 24 24 12 12 12 13 13 13 24 24 24 13 13 13 14 14 14 11 11 11 14 14 14 15 15 15 10 10 10 15 15 15 16 16 16 9 9 9 16 16 16 17 17 17 8 8 8 17 17 17 18 18 18 7 7 7 18 18 18 19 19 19 6 6 6 19 19 19 20 20 20 5 5 5 20 20 20 21 21 21 4 4 4 21 21 21 22 22 22 3 3 3</p>
        </triangles>
      </mesh>
    </geometry>
    <geometry id="ID651">
      <mesh>
        <source id="ID652">
          <float_array id="ID653" count="12">0.001114 0.0441 0.0005 -0.001114 0.0441 0.0005 -0.001114 0.0441 0.001 0.001114 0.0441 0.001</float_array>
          <technique_common>
            <accessor count="4" source="#ID653" stride="3">
              <param name="X" type="float" />
              <param name="Y" type="float" />
              <param name="Z" type="float" />
            </accessor>
          </technique_common>
        </source>
        <source id="ID654">
          <float_array id="ID655" count="12">0 1 0 0 1 0 0 1 0 0 1 0</float_array>
          <technique_common>
            <accessor count="4" source="#ID655" stride="3">
              <param name="X" type="float" />
              <param name="Y" type="float" />
              <param name="Z" type="float" />
            </accessor>
          </technique_common>
        </source>
        <source id="ID656">
          <float_array id="ID657" count="8">0 1 0 0 1 0 1 1</float_array>
          <technique_common>
            <accessor count="4" source="#ID657" stride="2">
              <param name="S" type="float" />
              <param name="T" type="float" />
            </accessor>
          </technique_common>
        </source>
        <vertices id="ID658">
          <input semantic="POSITION" source="#ID652" />
        </vertices>
        <triangles count="2" material="ID659">
          <input semantic="VERTEX" source="#ID658" offset="0" />
          <input semantic="NORMAL" source="#ID654" offset="1" />
          <input semantic="TEXCOORD" source="#ID656" offset="2" set="0" />
          <p>1 1 1 2 2 2 0 0 0 0 0 0 2 2 2 3 3 3</p>
        </triangles>
      </mesh>
    </geometry>
    <geometry id="ID660">
      <mesh>
        <source id="ID661">
          <float_array id="ID662" count="12">0 0.0421701 0.0005 0.001114 0.0441 0.0005 0.001114 0.0441 0.001 0 0.0421701 0.001</float_array>
          <technique_common>
            <accessor count="4" source="#ID662" stride="3">
              <param name="X" type="float" />
              <param name="Y" type="float" />
              <param name="Z" type="float" />
            </accessor>
          </technique_common>
        </source>
        <source id="ID663">
          <float_array id="ID664" count="12">0.8660594 -0.499941 0 0.8660594 -0.499941 0 0.8660594 -0.499941 0 0.8660594 -0.499941 0</float_array>
          <technique_common>
            <accessor count="4" source="#ID664" stride="3">
              <param name="X" type="float" />
              <param name="Y" type="float" />
              <param name="Z" type="float" />
            </accessor>
          </technique_common>
        </source>
        <source id="ID665">
          <float_array id="ID666" count="8">0 0 1 0 1 1 0 1</float_array>
          <technique_common>
            <accessor count="4" source="#ID666" stride="2">
              <param name="S" type="float" />
              <param name="T" type="float" />
            </accessor>
          </technique_common>
        </source>
        <vertices id="ID667">
          <input semantic="POSITION" source="#ID661" />
        </vertices>
        <triangles count="2" material="ID668">
          <input semantic="VERTEX" source="#ID667" offset="0" />
          <input semantic="NORMAL" source="#ID663" offset="1" />
          <input semantic="TEXCOORD" source="#ID665" offset="2" set="0" />
          <p>0 0 0 1 1 1 3 3 3 3 3 3 1 1 1 2 2 2</p>
        </triangles>
      </mesh>
    </geometry>
    <geometry id="ID669">
      <mesh>
        <source id="ID670">
          <float_array id="ID671" count="12">-0.001114 0.0441 0.0005 0 0.0421701 0.0005 0 0.0421701 0.001 -0.001114 0.0441 0.001</float_array>
          <technique_common>
            <accessor count="4" source="#ID671" stride="3">
              <param name="X" type="float" />
              <param name="Y" type="float" />
              <param name="Z" type="float" />
            </accessor>
          </technique_common>
        </source>
        <source id="ID672">
          <float_array id="ID673" count="12">-0.8660594 -0.499941 0 -0.8660594 -0.499941 0 -0.8660594 -0.499941 0 -0.8660594 -0.499941 0</float_array>
          <technique_common>
            <accessor count="4" source="#ID673" stride="3">
              <param name="X" type="float" />
              <param name="Y" type="float" />
              <param name="Z" type="float" />
            </accessor>
          </technique_common>
        </source>
        <source id="ID674">
          <float_array id="ID675" count="8">0 0 1 0 1 1 0 1</float_array>
          <technique_common>
            <accessor count="4" source="#ID675" stride="2">
              <param name="S" type="float" />
              <param name="T" type="float" />
            </accessor>
          </technique_common>
        </source>
        <vertices id="ID676">
          <input semantic="POSITION" source="#ID670" />
        </vertices>
        <triangles count="2" material="ID677">
          <input semantic="VERTEX" source="#ID676" offset="0" />
          <input semantic="NORMAL" source="#ID672" offset="1" />
          <input semantic="TEXCOORD" source="#ID674" offset="2" set="0" />
          <p>0 0 0 1 1 1 3 3 3 3 3 3 1 1 1 2 2 2</p>
        </triangles>
      </mesh>
    </geometry>
    <geometry id="ID678">
      <mesh>
        <source id="ID679">
          <float_array id="ID680" count="12">0.042114 0.0477 0.0005 0.039886 0.0477 0.0005 0.039886 0.0477 0.001 0.042114 0.0477 0.001</float_array>
          <technique_common>
            <accessor count="4" source="#ID680" stride="3">
              <param name="X" type="float" />
              <param name="Y" type="float" />
              <param name="Z" type="float" />
            </accessor>
          </technique_common>
        </source>
        <source id="ID681">
          <float_array id="ID682" count="12">0 1 0 0 1 0 0 1 0 0 1 0</float_array>
          <technique_common>
            <accessor count="4" source="#ID682" stride="3">
              <param name="X" type="float" />
              <param name="Y" type="float" />
              <param name="Z" type="float" />
            </accessor>
          </technique_common>
        </source>
        <source id="ID683">
          <float_array id="ID684" count="8">0 1 0 0 1 0 1 1</float_array>
          <technique_common>
            <accessor count="4" source="#ID684" stride="2">
              <param name="S" type="float" />
              <param name="T" type="float" />
            </accessor>
          </technique_common>
        </source>
        <vertices id="ID685">
          <input semantic="POSITION" source="#ID679" />
        </vertices>
        <triangles count="2" material="ID686">
          <input semantic="VERTEX" source="#ID685" offset="0" />
          <input semantic="NORMAL" source="#ID681" offset="1" />
          <input semantic="TEXCOORD" source="#ID683" offset="2" set="0" />
          <p>1 1 1 2 2 2 0 0 0 0 0 0 2 2 2 3 3 3</p>
        </triangles>
      </mesh>
    </geometry>
    <geometry id="ID687">
      <mesh>
        <source id="ID688">
          <float_array id="ID689" count="12">0.041 0.0457701 0.0005 0.042114 0.0477 0.0005 0.042114 0.0477 0.001 0.041 0.0457701 0.001</float_array>
          <technique_common>
            <accessor count="4" source="#ID689" stride="3">
              <param name="X" type="float" />
              <param name="Y" type="float" />
              <param name="Z" type="float" />
            </accessor>
          </technique_common>
        </source>
        <source id="ID690">
          <float_array id="ID691" count="12">0.8660594 -0.499941 0 0.8660594 -0.499941 0 0.8660594 -0.499941 0 0.8660594 -0.499941 0</float_array>
          <technique_common>
            <accessor count="4" source="#ID691" stride="3">
              <param name="X" type="float" />
              <param name="Y" type="float" />
              <param name="Z" type="float" />
            </accessor>
          </technique_common>
        </source>
        <source id="ID692">
          <float_array id="ID693" count="8">0 0 1 0 1 1 0 1</float_array>
          <technique_common>
            <accessor count="4" source="#ID693" stride="2">
              <param name="S" type="float" />
              <param name="T" type="float" />
            </accessor>
          </technique_common>
        </source>
        <vertices id="ID694">
          <input semantic="POSITION" source="#ID688" />
        </vertices>
        <triangles count="2" material="ID695">
          <input semantic="VERTEX" source="#ID694" offset="0" />
          <input semantic="NORMAL" source="#ID690" offset="1" />
          <input semantic="TEXCOORD" source="#ID692" offset="2" set="0" />
          <p>0 0 0 1 1 1 3 3 3 3 3 3 1 1 1 2 2 2</p>
        </triangles>
      </mesh>
    </geometry>
    <geometry id="ID696">
      <mesh>
        <source id="ID697">
          <float_array id="ID698" count="12">0.039886 0.0477 0.0005 0.041 0.0457701 0.0005 0.041 0.0457701 0.001 0.039886 0.0477 0.001</float_array>
          <technique_common>
            <accessor count="4" source="#ID698" stride="3">
              <param name="X" type="float" />
              <param name="Y" type="float" />
              <param name="Z" type="float" />
            </accessor>
          </technique_common>
        </source>
        <source id="ID699">
          <float_array id="ID700" count="12">-0.8660594 -0.499941 0 -0.8660594 -0.499941 0 -0.8660594 -0.499941 0 -0.8660594 -0.499941 0</float_array>
          <technique_common>
            <accessor count="4" source="#ID700" stride="3">
              <param name="X" type="float" />
              <param name="Y" type="float" />
              <param name="Z" type="float" />
            </accessor>
          </technique_common>
        </source>
        <source id="ID701">
          <float_array id="ID702" count="8">0 0 1 0 1 1 0 1</float_array>
          <technique_common>
            <accessor count="4" source="#ID702" stride="2">
              <param name="S" type="float" />
              <param name="T" type="float" />
            </accessor>
          </technique_common>
        </source>
        <vertices id="ID703">
          <input semantic="POSITION" source="#ID697" />
        </vertices>
        <triangles count="2" material="ID704">
          <input semantic="VERTEX" source="#ID703" offset="0" />
          <input semantic="NORMAL" source="#ID699" offset="1" />
          <input semantic="TEXCOORD" source="#ID701" offset="2" set="0" />
          <p>0 0 0 1 1 1 3 3 3 3 3 3 1 1 1 2 2 2</p>
        </triangles>
      </mesh>
    </geometry>
    <geometry id="ID705">
      <mesh>
        <source id="ID706">
          <float_array id="ID707" count="102">0.0558 -0.0317503 0.009 0.0558 -0.0451534 0.009 0.047539 -0.043845 0.009 0.0465061 -0.043709 0.009 0.0454675 -0.0436273 0.009 0.044426 -0.0436 0.009 0.037574 -0.0436 0.009 0.0365221 -0.0435725 0.009 0.035473 -0.0434899 0.009 0.0344297 -0.0433526 0.009 0.0149553 -0.0402681 0.009 0.0134034 -0.0400638 0.009 0.0118428 -0.039941 0.009 0.0102779 -0.0399 0.009 0.004 -0.0399 0.009 0.0013353 -0.0400778 0.009 -0.0013353 -0.0400778 0.009 -0.004 -0.0399 0.009 -0.0045 -0.0399 0.009 -0.0137337 -0.0387486 0.009 -0.0224019 -0.0353648 0.009 -0.0299737 -0.0299559 0.009 -0.0298562 -0.0283918 0.009 -0.0295186 -0.0274212 0.009 -0.0287434 -0.0267464 0.009 -0.0277355 -0.0265456 0.009 -0.026761 -0.0268719 0.009 -0.0224722 -0.0291361 0.009 -0.0178269 -0.0305296 0.009 -0.013 -0.031 0.009 0.0503669 -0.031 0.009 0.0521101 -0.0310761 0.009 0.0538399 -0.0313038 0.009 0.0555433 -0.0316815 0.009</float_array>
          <technique_common>
            <accessor count="34" source="#ID707" stride="3">
              <param name="X" type="float" />
              <param name="Y" type="float" />
              <param name="Z" type="float" />
            </accessor>
          </technique_common>
        </source>
        <source id="ID708">
          <float_array id="ID709" count="102">0 0 -1 0 0 -1 0 0 -1 0 0 -1 0 0 -1 0 0 -1 0 0 -1 0 0 -1 0 0 -1 0 0 -1 0 0 -1 0 0 -1 0 0 -1 0 0 -1 0 0 -1 0 0 -1 0 0 -1 0 0 -1 0 0 -1 0 0 -1 0 0 -1 0 0 -1 0 0 -1 0 0 -1 0 0 -1 0 0 -1 0 0 -1 0 0 -1 0 0 -1 0 0 -1 0 0 -1 0 0 -1 0 0 -1 0 0 -1</float_array>
          <technique_common>
            <accessor count="34" source="#ID709" stride="3">
              <param name="X" type="float" />
              <param name="Y" type="float" />
              <param name="Z" type="float" />
            </accessor>
          </technique_common>
        </source>
        <source id="ID710">
          <float_array id="ID711" count="68">0.2797017 1 1 1 0.9296848 0.9036886 0.9223766 0.8916461 0.9179838 0.8795371 0.9165181 0.8673949 0.9165181 0.7875111 0.9150378 0.7752469 0.9106007 0.7630162 0.9032192 0.7508526 0.7374589 0.5238091 0.7264784 0.5057152 0.719878 0.4875213 0.7176759 0.4692774 0.7176759 0.3960854 0.7272289 0.3650189 0.7272289 0.3338833 0.7176759 0.3028168 0.7176759 0.2969875 0.6557968 0.1893352 0.4739497 0.0882762 0.1832718 0 0.0992168 0.0013696 0.0470539 0.0053066 0.0107899 0.0143436 0 0.0260942 0.0175333 0.037456 0.139213 0.0874573 0.214102 0.1416146 0.2393822 0.1978896 0.2393822 0.9366583 0.2434721 0.9569806 0.255711 0.9771482 0.2760056 0.9970076</float_array>
          <technique_common>
            <accessor count="34" source="#ID711" stride="2">
              <param name="S" type="float" />
              <param name="T" type="float" />
            </accessor>
          </technique_common>
        </source>
        <vertices id="ID712">
          <input semantic="POSITION" source="#ID706" />
        </vertices>
        <triangles count="32" material="ID713">
          <input semantic="VERTEX" source="#ID712" offset="0" />
          <input semantic="NORMAL" source="#ID708" offset="1" />
          <input semantic="TEXCOORD" source="#ID710" offset="2" set="0" />
          <p>0 0 0 1 1 1 33 33 33 33 33 33 1 1 1 32 32 32 32 32 32 1 1 1 2 2 2 31 31 31 2 2 2 30 30 30 31 31 31 32 32 32 2 2 2 2 2 2 3 3 3 30 30 30 30 30 30 3 3 3 4 4 4 5 5 5 30 30 30 4 4 4 5 5 5 6 6 6 30 30 30 30 30 30 6 6 6 7 7 7 8 8 8 30 30 30 7 7 7 8 8 8 9 9 9 30 30 30 30 30 30 9 9 9 10 10 10 11 11 11 30 30 30 10 10 10 11 11 11 29 29 29 30 30 30 11 11 11 12 12 12 29 29 29 29 29 29 12 12 12 13 13 13 14 14 14 29 29 29 13 13 13 14 14 14 15 15 15 29 29 29 29 29 29 15 15 15 16 16 16 17 17 17 29 29 29 16 16 16 17 17 17 18 18 18 29 29 29 29 29 29 18 18 18 19 19 19 28 28 28 19 19 19 20 20 20 27 27 27 20 20 20 21 21 21 26 26 26 21 21 21 22 22 22 23 23 23 26 26 26 22 22 22 23 23 23 24 24 24 26 26 26 26 26 26 24 24 24 25 25 25 26 26 26 27 27 27 21 21 21 27 27 27 28 28 28 20 20 20 28 28 28 29 29 29 19 19 19</p>
        </triangles>
      </mesh>
    </geometry>
    <geometry id="ID714">
      <mesh>
        <source id="ID715">
          <float_array id="ID716" count="54">0.0719 -0.0486224 0.0098438 0.0718033 -0.0482574 0.0098387 0.0712251 -0.0471401 0.0098084 0.0702281 -0.0463728 0.0097561 0.069 -0.0461 0.0096918 0.0641451 -0.0461 0.0094373 0.0625697 -0.0460587 0.0093548 0.0609987 -0.0459351 0.0092725 0.0594364 -0.0457294 0.0091906 0.0558 -0.0451534 0.009 0.0558 -0.0317503 0.009 0.0682941 -0.035098 0.0096548 0.0702139 -0.0360974 0.0097554 0.0715315 -0.0378146 0.0098245 0.072 -0.0399277 0.009849 0.072 -0.0493905 0.009849 0.0719888 -0.0491319 0.0098484 0.0719554 -0.0488753 0.0098467</float_array>
          <technique_common>
            <accessor count="18" source="#ID716" stride="3">
              <param name="X" type="float" />
              <param name="Y" type="float" />
              <param name="Z" type="float" />
            </accessor>
          </technique_common>
        </source>
        <source id="ID717">
          <float_array id="ID718" count="54">0.052336 0 -0.9986295 0.052336 0 -0.9986295 0.052336 0 -0.9986295 0.052336 0 -0.9986295 0.052336 0 -0.9986295 0.052336 0 -0.9986295 0.052336 0 -0.9986295 0.052336 0 -0.9986295 0.052336 0 -0.9986295 0.052336 0 -0.9986295 0.052336 0 -0.9986295 0.052336 0 -0.9986295 0.052336 0 -0.9986295 0.052336 0 -0.9986295 0.052336 0 -0.9986295 0.052336 0 -0.9986295 0.052336 0 -0.9986295 0.052336 0 -0.9986295</float_array>
          <technique_common>
            <accessor count="18" source="#ID718" stride="3">
              <param name="X" type="float" />
              <param name="Y" type="float" />
              <param name="Z" type="float" />
            </accessor>
          </technique_common>
        </source>
        <source id="ID719">
          <float_array id="ID720" count="36">0.9938271 0.0435431 0.98786 0.0642326 0.9521667 0.1275712 0.8906243 0.171068 0.8148147 0.1865372 0.5151266 0.1865372 0.4178851 0.1888757 0.3209101 0.1958848 0.2244675 0.2075449 0 0.2401943 0 1 0.7712404 0.8102195 0.8897492 0.7535644 0.9710826 0.6562231 1 0.5364352 1 0 0.9993107 0.0146595 0.9972479 0.0292101</float_array>
          <technique_common>
            <accessor count="18" source="#ID720" stride="2">
              <param name="S" type="float" />
              <param name="T" type="float" />
            </accessor>
          </technique_common>
        </source>
        <vertices id="ID721">
          <input semantic="POSITION" source="#ID715" />
        </vertices>
        <triangles count="16" material="ID722">
          <input semantic="VERTEX" source="#ID721" offset="0" />
          <input semantic="NORMAL" source="#ID717" offset="1" />
          <input semantic="TEXCOORD" source="#ID719" offset="2" set="0" />
          <p>17 17 17 0 0 0 14 14 14 16 16 16 14 14 14 15 15 15 16 16 16 17 17 17 14 14 14 0 0 0 1 1 1 14 14 14 14 14 14 1 1 1 2 2 2 3 3 3 14 14 14 2 2 2 3 3 3 4 4 4 14 14 14 14 14 14 4 4 4 5 5 5 11 11 11 5 5 5 6 6 6 7 7 7 11 11 11 6 6 6 7 7 7 8 8 8 11 11 11 11 11 11 8 8 8 10 10 10 10 10 10 8 8 8 9 9 9 5 5 5 11 11 11 14 14 14 14 14 14 11 11 11 12 12 12 13 13 13 14 14 14 12 12 12</p>
        </triangles>
      </mesh>
    </geometry>
    <geometry id="ID723">
      <mesh>
        <source id="ID724">
          <float_array id="ID725" count="24">0.0682941 -0.035098 0.0138452 0.0702139 -0.0360974 0.0137446 0.0715315 -0.0378146 0.0136755 0.072 -0.0399277 0.013651 0.072 -0.0399277 0.009849 0.0715315 -0.0378146 0.0098245 0.0702139 -0.0360974 0.0097554 0.0682941 -0.035098 0.0096548</float_array>
          <technique_common>
            <accessor count="8" source="#ID725" stride="3">
              <param name="X" type="float" />
              <param name="Y" type="float" />
              <param name="Z" type="float" />
            </accessor>
          </technique_common>
        </source>
        <source id="ID726">
          <float_array id="ID727" count="24">0.258819 0.9659258 0 0.6427876 0.7660444 0 0.9063078 0.4226183 0 1 0 0 1 0 0 0.9063078 0.4226183 0 0.6427876 0.7660444 0 0.258819 0.9659258 0</float_array>
          <technique_common>
            <accessor count="8" source="#ID727" stride="3">
              <param name="X" type="float" />
              <param name="Y" type="float" />
              <param name="Z" type="float" />
            </accessor>
          </technique_common>
        </source>
        <source id="ID728">
          <float_array id="ID729" count="16">1 0 0.9759893 0.3333333 0.9595105 0.6666666 0.9536519 1 0.0463481 1 0.0404892 0.6666666 0.0240107 0.3333333 0 0</float_array>
          <technique_common>
            <accessor count="8" source="#ID729" stride="2">
              <param name="S" type="float" />
              <param name="T" type="float" />
            </accessor>
          </technique_common>
        </source>
        <vertices id="ID730">
          <input semantic="POSITION" source="#ID724" />
        </vertices>
        <triangles count="6" material="ID731">
          <input semantic="VERTEX" source="#ID730" offset="0" />
          <input semantic="NORMAL" source="#ID726" offset="1" />
          <input semantic="TEXCOORD" source="#ID728" offset="2" set="0" />
          <p>0 0 0 1 1 1 7 7 7 7 7 7 1 1 1 6 6 6 6 6 6 1 1 1 2 2 2 5 5 5 2 2 2 3 3 3 4 4 4 5 5 5 3 3 3 5 5 5 6 6 6 2 2 2</p>
        </triangles>
      </mesh>
    </geometry>
    <geometry id="ID732">
      <mesh>
        <source id="ID733">
          <float_array id="ID734" count="18">0.072 -0.0399277 0.013651 0.072 -0.052 0.013651 0.072 -0.052 0.0005 0.072 -0.0493905 0.0005 0.072 -0.0493905 0.009849 0.072 -0.0399277 0.009849</float_array>
          <technique_common>
            <accessor count="6" source="#ID734" stride="3">
              <param name="X" type="float" />
              <param name="Y" type="float" />
              <param name="Z" type="float" />
            </accessor>
          </technique_common>
        </source>
        <source id="ID735">
          <float_array id="ID736" count="18">1 0 0 1 0 0 1 0 0 1 0 0 1 0 0 1 0 0</float_array>
          <technique_common>
            <accessor count="6" source="#ID736" stride="3">
              <param name="X" type="float" />
              <param name="Y" type="float" />
              <param name="Z" type="float" />
            </accessor>
          </technique_common>
        </source>
        <source id="ID737">
          <float_array id="ID738" count="12">0 1 0 0 1 0 1 0.2161533 0.2891028 0.2161533 0.2891028 1</float_array>
          <technique_common>
            <accessor count="6" source="#ID738" stride="2">
              <param name="S" type="float" />
              <param name="T" type="float" />
            </accessor>
          </technique_common>
        </source>
        <vertices id="ID739">
          <input semantic="POSITION" source="#ID733" />
        </vertices>
        <triangles count="4" material="ID740">
          <input semantic="VERTEX" source="#ID739" offset="0" />
          <input semantic="NORMAL" source="#ID735" offset="1" />
          <input semantic="TEXCOORD" source="#ID737" offset="2" set="0" />
          <p>5 5 5 0 0 0 4 4 4 4 4 4 0 0 0 1 1 1 2 2 2 4 4 4 1 1 1 2 2 2 3 3 3 4 4 4</p>
        </triangles>
      </mesh>
    </geometry>
    <geometry id="ID741">
      <mesh>
        <source id="ID742">
          <float_array id="ID743" count="12">-0.0566167 -0.0319622 0.008 -0.0523961 -0.0427116 0.008 -0.0523961 -0.0427116 0.0075 -0.0566167 -0.0319622 0.0075</float_array>
          <technique_common>
            <accessor count="4" source="#ID743" stride="3">
              <param name="X" type="float" />
              <param name="Y" type="float" />
              <param name="Z" type="float" />
            </accessor>
          </technique_common>
        </source>
        <source id="ID744">
          <float_array id="ID745" count="12">0.9308209 0.3654757 0 0.9308209 0.3654757 0 0.9308209 0.3654757 0 0.9308209 0.3654757 0</float_array>
          <technique_common>
            <accessor count="4" source="#ID745" stride="3">
              <param name="X" type="float" />
              <param name="Y" type="float" />
              <param name="Z" type="float" />
            </accessor>
          </technique_common>
        </source>
        <source id="ID746">
          <float_array id="ID747" count="8">1 1 0 1 0 0 1 0</float_array>
          <technique_common>
            <accessor count="4" source="#ID747" stride="2">
              <param name="S" type="float" />
              <param name="T" type="float" />
            </accessor>
          </technique_common>
        </source>
        <vertices id="ID748">
          <input semantic="POSITION" source="#ID742" />
        </vertices>
        <triangles count="2" material="ID749">
          <input semantic="VERTEX" source="#ID748" offset="0" />
          <input semantic="NORMAL" source="#ID744" offset="1" />
          <input semantic="TEXCOORD" source="#ID746" offset="2" set="0" />
          <p>0 0 0 1 1 1 3 3 3 3 3 3 1 1 1 2 2 2</p>
        </triangles>
      </mesh>
    </geometry>
    <geometry id="ID750">
      <mesh>
        <source id="ID751">
          <float_array id="ID752" count="144">-0.078 -0.02825 0.008 -0.079625 -0.0278146 0.008 -0.0808146 -0.026625 0.008 -0.08125 -0.025 0.008 -0.0808146 -0.023375 0.008 -0.079625 -0.0221854 0.008 -0.078 -0.02175 0.008 -0.076375 -0.0221854 0.008 -0.0751854 -0.023375 0.008 -0.07475 -0.025 0.008 -0.0751854 -0.026625 0.008 -0.076375 -0.0278146 0.008 -0.0523961 -0.0427116 0.008 -0.0566167 -0.0319622 0.008 -0.0569359 -0.0291331 0.008 -0.0557978 -0.0265235 0.008 -0.0535073 -0.0248326 0.008 -0.0516192 -0.0240912 0.008 -0.0528751 -0.0244327 0.008 -0.0541751 -0.0244953 0.008 -0.0554579 -0.0242761 0.008 -0.0908229 -0.0141882 0.008 -0.0919529 -0.0135806 0.008 -0.0927257 -0.0125565 0.008 -0.093 -0.0113032 0.008 -0.093 -0.0328332 0.008 -0.0926476 -0.0314224 0.008 -0.091673 -0.030343 0.008 -0.0903054 -0.0298488 0.008 -0.088866 -0.0300558 0.008 -0.0830768 -0.0324195 0.008 -0.0818378 -0.0327757 0.008 -0.0805513 -0.0328591 0.008 -0.0792767 -0.0326657 0.008 -0.078 -0.0325 0.008 -0.0771425 -0.0325741 0.008 -0.0751648 -0.0333816 0.008 -0.0737046 -0.0349408 0.008 -0.0729296 -0.0359711 0.008 -0.0719524 -0.0368119 0.008 -0.0708181 -0.0374247 0.008 -0.0649656 -0.0398142 0.008 -0.0646066 -0.0399456 0.008 -0.0642389 -0.0400503 0.008 -0.0638645 -0.0401276 0.008 -0.0541175 -0.0417709 0.008 -0.0534783 -0.0419534 0.008 -0.0528949 -0.0422722 0.008</float_array>
          <technique_common>
            <accessor count="48" source="#ID752" stride="3">
              <param name="X" type="float" />
              <param name="Y" type="float" />
              <param name="Z" type="float" />
            </accessor>
          </technique_common>
        </source>
        <source id="ID753">
          <float_array id="ID754" count="144">0 0 1 0 0 1 0 0 1 0 0 1 0 0 1 0 0 1 0 0 1 0 0 1 0 0 1 0 0 1 0 0 1 0 0 1 0 0 1 0 0 1 0 0 1 0 0 1 0 0 1 0 0 1 0 0 1 0 0 1 0 0 1 0 0 1 0 0 1 0 0 1 0 0 1 0 0 1 0 0 1 0 0 1 0 0 1 0 0 1 0 0 1 0 0 1 0 0 1 0 0 1 0 0 1 0 0 1 0 0 1 0 0 1 0 0 1 0 0 1 0 0 1 0 0 1 0 0 1 0 0 1 0 0 1 0 0 1 0 0 1 0 0 1</float_array>
          <technique_common>
            <accessor count="48" source="#ID754" stride="3">
              <param name="X" type="float" />
              <param name="Y" type="float" />
              <param name="Z" type="float" />
            </accessor>
          </technique_common>
        </source>
        <source id="ID755">
          <float_array id="ID756" count="96">0.5395627 0.6375129 0.5256996 0.6767823 0.4878248 0.7055296 0.4360869 0.7160517 0.3843491 0.7055296 0.3464743 0.6767823 0.3326112 0.6375129 0.3464743 0.5982434 0.3843491 0.5694962 0.4360869 0.5589739 0.4878248 0.5694962 0.5256996 0.5982434 1 0.018774 0.6577537 0.1207686 0.5676801 0.1284817 0.484593 0.1009781 0.4307556 0.0456275 0.4071523 0 0.418024 0.0303492 0.4200178 0.0617638 0.41304 0.0927657 0.0918522 0.9473894 0.0725075 0.9746954 0.0399025 0.9933707 0 1 0.6854857 1 0.6405663 0.9914828 0.6062015 0.9679325 0.5904657 0.9348824 0.5970563 0.9000984 0.6723134 0.7601978 0.6836566 0.7302567 0.6863111 0.6991677 0.6801544 0.6683659 0.6748772 0.6375129 0.6772358 0.6167902 0.7029453 0.568997 0.7525898 0.5337105 0.7853907 0.5149816 0.8121634 0.4913667 0.8316716 0.463956 0.9077513 0.3225262 0.911935 0.3138503 0.9152677 0.3049646 0.9177311 0.2959169 0.9700515 0.060374 0.9758608 0.0449263 0.9860099 0.0308288</float_array>
          <technique_common>
            <accessor count="48" source="#ID756" stride="2">
              <param name="S" type="float" />
              <param name="T" type="float" />
            </accessor>
          </technique_common>
        </source>
        <vertices id="ID757">
          <input semantic="POSITION" source="#ID751" />
        </vertices>
        <triangles count="48" material="ID758">
          <input semantic="VERTEX" source="#ID757" offset="0" />
          <input semantic="NORMAL" source="#ID753" offset="1" />
          <input semantic="TEXCOORD" source="#ID755" offset="2" set="0" />
          <p>31 31 31 32 32 32 1 1 1 30 30 30 1 1 1 2 2 2 29 29 29 2 2 2 3 3 3 28 28 28 3 3 3 4 4 4 21 21 21 4 4 4 5 5 5 6 6 6 21 21 21 5 5 5 6 6 6 7 7 7 21 21 21 21 21 21 7 7 7 20 20 20 20 20 20 7 7 7 8 8 8 9 9 9 20 20 20 8 8 8 9 9 9 15 15 15 20 20 20 9 9 9 14 14 14 15 15 15 9 9 9 10 10 10 14 14 14 14 14 14 10 10 10 40 40 40 41 41 41 14 14 14 40 40 40 41 41 41 13 13 13 14 14 14 41 41 41 44 44 44 13 13 13 41 41 41 43 43 43 44 44 44 41 41 41 42 42 42 43 43 43 33 33 33 34 34 34 0 0 0 1 1 1 33 33 33 0 0 0 1 1 1 32 32 32 33 33 33 0 0 0 35 35 35 11 11 11 0 0 0 34 34 34 35 35 35 12 12 12 13 13 13 47 47 47 47 47 47 13 13 13 46 46 46 46 46 46 13 13 13 45 45 45 45 45 45 13 13 13 44 44 44 20 20 20 15 15 15 19 19 19 19 19 19 15 15 15 16 16 16 18 18 18 16 16 16 17 17 17 18 18 18 19 19 19 16 16 16 24 24 24 25 25 25 23 23 23 23 23 23 25 25 25 26 26 26 22 22 22 26 26 26 27 27 27 21 21 21 27 27 27 28 28 28 4 4 4 21 21 21 28 28 28 22 22 22 23 23 23 26 26 26 28 28 28 29 29 29 3 3 3 29 29 29 30 30 30 2 2 2 30 30 30 31 31 31 1 1 1 35 35 35 36 36 36 11 11 11 11 11 11 36 36 36 10 10 10 10 10 10 36 36 36 37 37 37 40 40 40 37 37 37 39 39 39 40 40 40 10 10 10 37 37 37 37 37 37 38 38 38 39 39 39 22 22 22 27 27 27 21 21 21</p>
        </triangles>
      </mesh>
    </geometry>
    <geometry id="ID759">
      <mesh>
        <source id="ID760">
          <float_array id="ID761" count="72">-0.0445108 -0.0293535 -0.0013 -0.0437608 -0.0291525 -0.0013 -0.0432117 -0.0286035 -0.0013 -0.0430108 -0.0278535 -0.0013 -0.0432117 -0.0271035 -0.0013 -0.0437608 -0.0265545 -0.0013 -0.0445108 -0.0263535 -0.0013 -0.0452608 -0.0265545 -0.0013 -0.0458098 -0.0271035 -0.0013 -0.0460108 -0.0278535 -0.0013 -0.0458098 -0.0286035 -0.0013 -0.0452608 -0.0291525 -0.0013 -0.0445108 -0.0308535 -0.0013 -0.0460108 -0.0304516 -0.0013 -0.0471088 -0.0293535 -0.0013 -0.0475108 -0.0278535 -0.0013 -0.0471088 -0.0263535 -0.0013 -0.0460108 -0.0252554 -0.0013 -0.0445108 -0.0248535 -0.0013 -0.0430108 -0.0252554 -0.0013 -0.0419127 -0.0263535 -0.0013 -0.0415108 -0.0278535 -0.0013 -0.0419127 -0.0293535 -0.0013 -0.0430108 -0.0304516 -0.0013</float_array>
          <technique_common>
            <accessor count="24" source="#ID761" stride="3">
              <param name="X" type="float" />
              <param name="Y" type="float" />
              <param name="Z" type="float" />
            </accessor>
          </technique_common>
        </source>
        <source id="ID762">
          <float_array id="ID763" count="72">0 0 -1 0 0 -1 0 0 -1 0 0 -1 0 0 -1 0 0 -1 0 0 -1 0 0 -1 0 0 -1 0 0 -1 0 0 -1 0 0 -1 0 0 -1 0 0 -1 0 0 -1 0 0 -1 0 0 -1 0 0 -1 0 0 -1 0 0 -1 0 0 -1 0 0 -1 0 0 -1 0 0 -1</float_array>
          <technique_common>
            <accessor count="24" source="#ID763" stride="3">
              <param name="X" type="float" />
              <param name="Y" type="float" />
              <param name="Z" type="float" />
            </accessor>
          </technique_common>
        </source>
        <source id="ID764">
          <float_array id="ID765" count="48">0.25 0.5 0.2834937 0.375 0.375 0.2834937 0.5 0.25 0.625 0.2834937 0.7165063 0.375 0.75 0.5 0.7165063 0.625 0.625 0.7165063 0.5 0.75 0.375 0.7165063 0.2834937 0.625 0 0.5 0.0669873 0.75 0.25 0.9330127 0.5 1 0.75 0.9330127 0.9330127 0.75 1 0.5 0.9330127 0.25 0.75 0.0669873 0.5 0 0.25 0.0669873 0.0669873 0.25</float_array>
          <technique_common>
            <accessor count="24" source="#ID765" stride="2">
              <param name="S" type="float" />
              <param name="T" type="float" />
            </accessor>
          </technique_common>
        </source>
        <vertices id="ID766">
          <input semantic="POSITION" source="#ID760" />
        </vertices>
        <triangles count="24" material="ID767">
          <input semantic="VERTEX" source="#ID766" offset="0" />
          <input semantic="NORMAL" source="#ID762" offset="1" />
          <input semantic="TEXCOORD" source="#ID764" offset="2" set="0" />
          <p>11 11 11 0 0 0 12 12 12 13 13 13 11 11 11 12 12 12 13 13 13 10 10 10 11 11 11 13 13 13 14 14 14 10 10 10 10 10 10 14 14 14 9 9 9 9 9 9 14 14 14 15 15 15 16 16 16 9 9 9 15 15 15 16 16 16 8 8 8 9 9 9 16 16 16 17 17 17 8 8 8 8 8 8 17 17 17 7 7 7 7 7 7 17 17 17 6 6 6 6 6 6 17 17 17 18 18 18 5 5 5 18 18 18 19 19 19 4 4 4 19 19 19 20 20 20 3 3 3 20 20 20 21 21 21 22 22 22 3 3 3 21 21 21 22 22 22 2 2 2 3 3 3 22 22 22 23 23 23 2 2 2 2 2 2 23 23 23 1 1 1 1 1 1 23 23 23 12 12 12 0 0 0 1 1 1 12 12 12 3 3 3 4 4 4 20 20 20 4 4 4 5 5 5 19 19 19 5 5 5 6 6 6 18 18 18</p>
        </triangles>
      </mesh>
    </geometry>
    <geometry id="ID768">
      <mesh>
        <source id="ID769">
          <float_array id="ID770" count="27">0.072 -0.052 0.013651 0.0718978 -0.0527765 0.0136564 0.0715981 -0.0535 0.0136721 0.0705 -0.0545981 0.0137296 0.069 -0.055 0.0138082 0.069 -0.055 0.0005 0.0705 -0.0545981 0.0005 0.0715981 -0.0535 0.0005 0.072 -0.052 0.0005</float_array>
          <technique_common>
            <accessor count="9" source="#ID770" stride="3">
              <param name="X" type="float" />
              <param name="Y" type="float" />
              <param name="Z" type="float" />
            </accessor>
          </technique_common>
        </source>
        <source id="ID771">
          <float_array id="ID772" count="27">1 0 0 0.9659258 -0.258819 0 0.8660254 -0.5 0 0.5 -0.8660254 0 0 -1 0 0 -1 0 0.5 -0.8660254 0 0.8660254 -0.5 0 1 0 0</float_array>
          <technique_common>
            <accessor count="9" source="#ID772" stride="3">
              <param name="X" type="float" />
              <param name="Y" type="float" />
              <param name="Z" type="float" />
            </accessor>
          </technique_common>
        </source>
        <source id="ID773">
          <float_array id="ID774" count="18">0.988186 0 0.9885886 0.1666666 0.9897688 0.3333333 0.9940931 0.6666666 1 1 0 1 0 0.6666666 0 0.3333333 0 0</float_array>
          <technique_common>
            <accessor count="9" source="#ID774" stride="2">
              <param name="S" type="float" />
              <param name="T" type="float" />
            </accessor>
          </technique_common>
        </source>
        <vertices id="ID775">
          <input semantic="POSITION" source="#ID769" />
        </vertices>
        <triangles count="7" material="ID776">
          <input semantic="VERTEX" source="#ID775" offset="0" />
          <input semantic="NORMAL" source="#ID771" offset="1" />
          <input semantic="TEXCOORD" source="#ID773" offset="2" set="0" />
          <p>0 0 0 1 1 1 8 8 8 8 8 8 1 1 1 7 7 7 7 7 7 1 1 1 2 2 2 3 3 3 7 7 7 2 2 2 3 3 3 6 6 6 7 7 7 3 3 3 4 4 4 6 6 6 6 6 6 4 4 4 5 5 5</p>
        </triangles>
      </mesh>
    </geometry>
    <geometry id="ID777">
      <mesh>
        <source id="ID778">
          <float_array id="ID779" count="297">0.0719 -0.0486224 0.0005 0.0719554 -0.0488753 0.0005 0.0719888 -0.0491319 0.0005 0.072 -0.0493905 0.0005 0.072 -0.052 0.0005 0.0715981 -0.0535 0.0005 0.0705 -0.0545981 0.0005 0.069 -0.055 0.0005 -0.0179474 -0.055 0.0005 -0.0179474 -0.0374131 0.0005 -0.0135774 -0.0387878 0.0005 -0.0090726 -0.0396209 0.0005 -0.0045 -0.0399 0.0005 -0.004 -0.0399 0.0005 -0.0013353 -0.0400778 0.0005 0.0013353 -0.0400778 0.0005 0.004 -0.0399 0.0005 0.0102779 -0.0399 0.0005 0.0118428 -0.039941 0.0005 0.0134034 -0.0400638 0.0005 0.0149553 -0.0402681 0.0005 0.0344297 -0.0433526 0.0005 0.035473 -0.0434899 0.0005 0.0365221 -0.0435725 0.0005 0.037574 -0.0436 0.0005 0.044426 -0.0436 0.0005 0.0454675 -0.0436273 0.0005 0.0465061 -0.043709 0.0005 0.047539 -0.043845 0.0005 0.0594364 -0.0457294 0.0005 0.0609987 -0.0459351 0.0005 0.0625697 -0.0460587 0.0005 0.0641451 -0.0461 0.0005 0.069 -0.0461 0.0005 0.0702281 -0.0463728 0.0005 0.0712251 -0.0471401 0.0005 0.0718033 -0.0482574 0.0005 -0.013 -0.051666 0.0005 -0.012167 -0.0514428 0.0005 -0.0115572 -0.050833 0.0005 -0.011334 -0.05 0.0005 -0.0115572 -0.049167 0.0005 -0.012167 -0.0485572 0.0005 -0.013 -0.048334 0.0005 -0.013833 -0.0485572 0.0005 -0.0144428 -0.049167 0.0005 -0.014666 -0.05 0.0005 -0.0144428 -0.050833 0.0005 -0.013833 -0.0514428 0.0005 0.057 -0.051666 0.0005 0.057833 -0.0514428 0.0005 0.0584428 -0.050833 0.0005 0.058666 -0.05 0.0005 0.0584428 -0.049167 0.0005 0.057833 -0.0485572 0.0005 0.057 -0.048334 0.0005 0.056167 -0.0485572 0.0005 0.0555572 -0.049167 0.0005 0.055334 -0.05 0.0005 0.0555572 -0.050833 0.0005 0.056167 -0.0514428 0.0005 0.0412598 -0.04512 0.0005 0.0412121 -0.0450579 0.0005 0.04115 -0.0450102 0.0005 0.0410777 -0.0449802 0.0005 0.041 -0.04497 0.0005 0.0409223 -0.0449802 0.0005 0.04085 -0.0450102 0.0005 0.0407879 -0.0450579 0.0005 0.0407402 -0.04512 0.0005 0.0387602 -0.04855 0.0005 0.03872 -0.0487 0.0005 0.0387602 -0.04885 0.0005 0.03887 -0.0489598 0.0005 0.03902 -0.049 0.0005 0.04298 -0.049 0.0005 0.04313 -0.0489598 0.0005 0.0432398 -0.04885 0.0005 0.04328 -0.0487 0.0005 0.0432398 -0.04855 0.0005 0.0002598 -0.04102 0.0005 0.0002121 -0.0409579 0.0005 0.00015 -0.0409102 0.0005 0.0000777 -0.0408802 0.0005 0 -0.04087 0.0005 -0.0000777 -0.0408802 0.0005 -0.00015 -0.0409102 0.0005 -0.0002121 -0.0409579 0.0005 -0.0002598 -0.04102 0.0005 -0.0022398 -0.04445 0.0005 -0.00228 -0.0446 0.0005 -0.0022398 -0.04475 0.0005 -0.00213 -0.0448598 0.0005 -0.00198 -0.0449 0.0005 0.00198 -0.0449 0.0005 0.00213 -0.0448598 0.0005 0.0022398 -0.04475 0.0005 0.00228 -0.0446 0.0005 0.0022398 -0.04445 0.0005</float_array>
          <technique_common>
            <accessor count="99" source="#ID779" stride="3">
              <param name="X" type="float" />
              <param name="Y" type="float" />
              <param name="Z" type="float" />
            </accessor>
          </technique_common>
        </source>
        <source id="ID780">
          <float_array id="ID781" count="297">0 0 -1 0 0 -1 0 0 -1 0 0 -1 0 0 -1 0 0 -1 0 0 -1 0 0 -1 0 0 -1 0 0 -1 0 0 -1 0 0 -1 0 0 -1 0 0 -1 0 0 -1 0 0 -1 0 0 -1 0 0 -1 0 0 -1 0 0 -1 0 0 -1 0 0 -1 0 0 -1 0 0 -1 0 0 -1 0 0 -1 0 0 -1 0 0 -1 0 0 -1 0 0 -1 0 0 -1 0 0 -1 0 0 -1 0 0 -1 0 0 -1 0 0 -1 0 0 -1 0 0 -1 0 0 -1 0 0 -1 0 0 -1 0 0 -1 0 0 -1 0 0 -1 0 0 -1 0 0 -1 0 0 -1 0 0 -1 0 0 -1 0 0 -1 0 0 -1 0 0 -1 0 0 -1 0 0 -1 0 0 -1 0 0 -1 0 0 -1 0 0 -1 0 0 -1 0 0 -1 0 0 -1 0 0 -1 0 0 -1 0 0 -1 0 0 -1 0 0 -1 0 0 -1 0 0 -1 0 0 -1 0 0 -1 0 0 -1 0 0 -1 0 0 -1 0 0 -1 0 0 -1 0 0 -1 0 0 -1 0 0 -1 0 0 -1 0 0 -1 0 0 -1 0 0 -1 0 0 -1 0 0 -1 0 0 -1 0 0 -1 0 0 -1 0 0 -1 0 0 -1 0 0 -1 0 0 -1 0 0 -1 0 0 -1 0 0 -1 0 0 -1 0 0 -1 0 0 -1 0 0 -1 0 0 -1</float_array>
          <technique_common>
            <accessor count="99" source="#ID781" stride="3">
              <param name="X" type="float" />
              <param name="Y" type="float" />
              <param name="Z" type="float" />
            </accessor>
          </technique_common>
        </source>
        <source id="ID782">
          <float_array id="ID783" count="198">0.6373677 0.9988883 0.6517442 0.9995043 0.6663393 0.9998758 0.6810437 1 0.8294189 1 0.9147094 0.9955316 0.9771469 0.9833236 1 0.9666472 1 0 0 0 0.0781691 0.0485841 0.1255394 0.0986663 0.1414082 0.1495032 0.1414082 0.155062 0.151516 0.1846869 0.151516 0.2143779 0.1414082 0.2440028 0.1414082 0.3137985 0.1437386 0.331196 0.1507213 0.3485456 0.1623404 0.3658 0.3377229 0.5823082 0.3455315 0.5939074 0.3502271 0.6055705 0.3517922 0.6172657 0.3517922 0.6934428 0.3533435 0.7050216 0.3579923 0.7165686 0.3657245 0.7280524 0.4728687 0.8603225 0.4845642 0.8776923 0.4915954 0.8951581 0.4939397 0.9126717 0.4939397 0.9666472 0.5094562 0.9803008 0.5530853 0.9913849 0.616616 0.9978136 0.8104267 0.0550035 0.7977369 0.0642645 0.7630633 0.071044 0.7156982 0.0735255 0.6683331 0.071044 0.6336595 0.0642645 0.6209697 0.0550035 0.6336595 0.0457426 0.6683331 0.0389631 0.7156982 0.0364816 0.7630633 0.0389631 0.7977369 0.0457426 0.8104267 0.8332359 0.7977369 0.8424969 0.7630633 0.8492764 0.7156982 0.8517578 0.6683331 0.8492764 0.6336595 0.8424969 0.6209697 0.8332359 0.6336595 0.823975 0.6683331 0.8171955 0.7156982 0.814714 0.7630633 0.8171955 0.7977369 0.823975 0.4382211 0.6582428 0.4346882 0.6577128 0.431976 0.657022 0.430272 0.6562175 0.4296907 0.6553542 0.430272 0.6544909 0.431976 0.6536865 0.4346882 0.6529957 0.4382211 0.6524656 0.6332517 0.6304528 0.6417804 0.6300061 0.6503091 0.630453 0.6565526 0.6316738 0.6588379 0.6333414 0.6588379 0.6773671 0.6565526 0.6790347 0.6503091 0.6802555 0.6417804 0.6807023 0.6332517 0.6802557 0.2050933 0.202421 0.2015603 0.2018909 0.1988481 0.2012001 0.1971441 0.2003957 0.1965628 0.1995324 0.1971441 0.1986691 0.1988481 0.1978647 0.2015603 0.1971739 0.2050933 0.1966438 0.4001239 0.174631 0.4086526 0.1741843 0.4171813 0.1746312 0.4234247 0.1758519 0.42571 0.1775196 0.42571 0.2215452 0.4234247 0.2232129 0.4171813 0.2244337 0.4086526 0.2248805 0.4001239 0.2244339</float_array>
          <technique_common>
            <accessor count="99" source="#ID783" stride="2">
              <param name="S" type="float" />
              <param name="T" type="float" />
            </accessor>
          </technique_common>
        </source>
        <vertices id="ID784">
          <input semantic="POSITION" source="#ID778" />
        </vertices>
        <triangles count="105" material="ID785">
          <input semantic="VERTEX" source="#ID784" offset="0" />
          <input semantic="NORMAL" source="#ID780" offset="1" />
          <input semantic="TEXCOORD" source="#ID782" offset="2" set="0" />
          <p>1 1 1 3 3 3 0 0 0 1 1 1 2 2 2 3 3 3 5 5 5 6 6 6 4 4 4 4 4 4 6 6 6 7 7 7 3 3 3 7 7 7 33 33 33 0 0 0 33 33 33 36 36 36 0 0 0 3 3 3 33 33 33 94 94 94 95 95 95 38 38 38 39 39 39 94 94 94 38 38 38 39 39 39 93 93 93 94 94 94 39 39 39 40 40 40 93 93 93 93 93 93 40 40 40 92 92 92 92 92 92 40 40 40 91 91 91 91 91 91 40 40 40 41 41 41 90 90 90 41 41 41 11 11 11 12 12 12 90 90 90 11 11 11 12 12 12 89 89 89 90 90 90 12 12 12 13 13 13 89 89 89 89 89 89 13 13 13 14 14 14 88 88 88 14 14 14 87 87 87 88 88 88 89 89 89 14 14 14 41 41 41 42 42 42 11 11 11 11 11 11 42 42 42 43 43 43 10 10 10 43 43 43 44 44 44 9 9 9 44 44 44 45 45 45 8 8 8 45 45 45 46 46 46 47 47 47 8 8 8 46 46 46 47 47 47 48 48 48 8 8 8 8 8 8 48 48 48 37 37 37 38 38 38 8 8 8 37 37 37 38 38 38 73 73 73 8 8 8 38 38 38 95 95 95 73 73 73 73 73 73 95 95 95 72 72 72 72 72 72 95 95 95 20 20 20 21 21 21 72 72 72 20 20 20 21 21 21 71 71 71 72 72 72 21 21 21 22 22 22 71 71 71 71 71 71 22 22 22 70 70 70 70 70 70 22 22 22 23 23 23 24 24 24 70 70 70 23 23 23 24 24 24 69 69 69 70 70 70 24 24 24 68 68 68 69 69 69 24 24 24 67 67 67 68 68 68 24 24 24 66 66 66 67 67 67 24 24 24 65 65 65 66 66 66 24 24 24 25 25 25 65 65 65 65 65 65 25 25 25 64 64 64 64 64 64 25 25 25 63 63 63 63 63 63 25 25 25 62 62 62 62 62 62 25 25 25 61 61 61 61 61 61 25 25 25 79 79 79 79 79 79 25 25 25 26 26 26 27 27 27 79 79 79 26 26 26 27 27 27 28 28 28 79 79 79 79 79 79 28 28 28 78 78 78 78 78 78 28 28 28 58 58 58 77 77 77 58 58 58 59 59 59 76 76 76 59 59 59 60 60 60 75 75 75 60 60 60 74 74 74 75 75 75 76 76 76 60 60 60 9 9 9 10 10 10 44 44 44 10 10 10 11 11 11 43 43 43 82 82 82 83 83 83 15 15 15 81 81 81 15 15 15 80 80 80 81 81 81 82 82 82 15 15 15 80 80 80 15 15 15 98 98 98 98 98 98 15 15 15 16 16 16 97 97 97 16 16 16 17 17 17 96 96 96 17 17 17 18 18 18 19 19 19 96 96 96 18 18 18 19 19 19 20 20 20 96 96 96 96 96 96 20 20 20 95 95 95 54 54 54 55 55 55 29 29 29 53 53 53 29 29 29 30 30 30 52 52 52 30 30 30 31 31 31 32 32 32 52 52 52 31 31 31 32 32 32 7 7 7 52 52 52 32 32 32 33 33 33 7 7 7 33 33 33 34 34 34 36 36 36 36 36 36 34 34 34 35 35 35 50 50 50 7 7 7 49 49 49 50 50 50 51 51 51 7 7 7 7 7 7 51 51 51 52 52 52 52 52 52 53 53 53 30 30 30 53 53 53 54 54 54 29 29 29 55 55 55 56 56 56 29 29 29 29 29 29 56 56 56 28 28 28 28 28 28 56 56 56 57 57 57 58 58 58 28 28 28 57 57 57 60 60 60 49 49 49 74 74 74 74 74 74 49 49 49 7 7 7 8 8 8 74 74 74 7 7 7 8 8 8 73 73 73 74 74 74 76 76 76 77 77 77 59 59 59 77 77 77 78 78 78 58 58 58 83 83 83 84 84 84 15 15 15 15 15 15 84 84 84 14 14 14 14 14 14 84 84 84 85 85 85 86 86 86 14 14 14 85 85 85 86 86 86 87 87 87 14 14 14 90 90 90 91 91 91 41 41 41 96 96 96 97 97 97 17 17 17 97 97 97 98 98 98 16 16 16 45 45 45 8 8 8 9 9 9 4 4 4 7 7 7 3 3 3</p>
        </triangles>
      </mesh>
    </geometry>
    <geometry id="ID786">
      <mesh>
        <source id="ID787">
          <float_array id="ID788" count="18">-0.0242867 -0.0342726 -0.0009054 -0.0179474 -0.0374131 0.0005 -0.0179474 -0.055 0.0005 -0.0201214 -0.055 0.0003416 -0.0222495 -0.055 -0.0001302 -0.0242867 -0.055 -0.0009054</float_array>
          <technique_common>
            <accessor count="6" source="#ID788" stride="3">
              <param name="X" type="float" />
              <param name="Y" type="float" />
              <param name="Z" type="float" />
            </accessor>
          </technique_common>
        </source>
        <source id="ID789">
          <float_array id="ID790" count="18">0.4226183 0 -0.9063078 0 0 -1 0 0 -1 0.1449319 0 -0.9894416 0.2868032 0 -0.9579895 0.4226183 0 -0.9063078</float_array>
          <technique_common>
            <accessor count="6" source="#ID790" stride="3">
              <param name="X" type="float" />
              <param name="Y" type="float" />
              <param name="Z" type="float" />
            </accessor>
          </technique_common>
        </source>
        <source id="ID791">
          <float_array id="ID792" count="12">0 0 0.1515125 1 1 1 1 0.6666666 1 0.3333333 1 0</float_array>
          <technique_common>
            <accessor count="6" source="#ID792" stride="2">
              <param name="S" type="float" />
              <param name="T" type="float" />
            </accessor>
          </technique_common>
        </source>
        <vertices id="ID793">
          <input semantic="POSITION" source="#ID787" />
        </vertices>
        <triangles count="4" material="ID794">
          <input semantic="VERTEX" source="#ID793" offset="0" />
          <input semantic="NORMAL" source="#ID789" offset="1" />
          <input semantic="TEXCOORD" source="#ID791" offset="2" set="0" />
          <p>5 5 5 0 0 0 4 4 4 4 4 4 0 0 0 1 1 1 3 3 3 1 1 1 2 2 2 3 3 3 4 4 4 1 1 1</p>
        </triangles>
      </mesh>
    </geometry>
    <geometry id="ID795">
      <mesh>
        <source id="ID796">
          <float_array id="ID797" count="72">-0.0410387 -0.0381963 -0.0013 -0.0402887 -0.0379953 -0.0013 -0.0397397 -0.0374463 -0.0013 -0.0395387 -0.0366963 -0.0013 -0.0397397 -0.0359463 -0.0013 -0.0402887 -0.0353973 -0.0013 -0.0410387 -0.0351963 -0.0013 -0.0417887 -0.0353973 -0.0013 -0.0423378 -0.0359463 -0.0013 -0.0425387 -0.0366963 -0.0013 -0.0423378 -0.0374463 -0.0013 -0.0417887 -0.0379953 -0.0013 -0.0410387 -0.0396963 -0.0013 -0.0425387 -0.0392944 -0.0013 -0.0436368 -0.0381963 -0.0013 -0.0440387 -0.0366963 -0.0013 -0.0436368 -0.0351963 -0.0013 -0.0425387 -0.0340982 -0.0013 -0.0410387 -0.0336963 -0.0013 -0.0395387 -0.0340982 -0.0013 -0.0384407 -0.0351963 -0.0013 -0.0380387 -0.0366963 -0.0013 -0.0384407 -0.0381963 -0.0013 -0.0395387 -0.0392944 -0.0013</float_array>
          <technique_common>
            <accessor count="24" source="#ID797" stride="3">
              <param name="X" type="float" />
              <param name="Y" type="float" />
              <param name="Z" type="float" />
            </accessor>
          </technique_common>
        </source>
        <source id="ID798">
          <float_array id="ID799" count="72">0 0 -1 0 0 -1 0 0 -1 0 0 -1 0 0 -1 0 0 -1 0 0 -1 0 0 -1 0 0 -1 0 0 -1 0 0 -1 0 0 -1 0 0 -1 0 0 -1 0 0 -1 0 0 -1 0 0 -1 0 0 -1 0 0 -1 0 0 -1 0 0 -1 0 0 -1 0 0 -1 0 0 -1</float_array>
          <technique_common>
            <accessor count="24" source="#ID799" stride="3">
              <param name="X" type="float" />
              <param name="Y" type="float" />
              <param name="Z" type="float" />
            </accessor>
          </technique_common>
        </source>
        <source id="ID800">
          <float_array id="ID801" count="48">0.25 0.5 0.2834937 0.375 0.375 0.2834937 0.5 0.25 0.625 0.2834937 0.7165063 0.375 0.75 0.5 0.7165063 0.625 0.625 0.7165063 0.5 0.75 0.375 0.7165063 0.2834937 0.625 0 0.5 0.0669873 0.75 0.25 0.9330127 0.5 1 0.75 0.9330127 0.9330127 0.75 1 0.5 0.9330127 0.25 0.75 0.0669873 0.5 0 0.25 0.0669873 0.0669873 0.25</float_array>
          <technique_common>
            <accessor count="24" source="#ID801" stride="2">
              <param name="S" type="float" />
              <param name="T" type="float" />
            </accessor>
          </technique_common>
        </source>
        <vertices id="ID802">
          <input semantic="POSITION" source="#ID796" />
        </vertices>
        <triangles count="24" material="ID803">
          <input semantic="VERTEX" source="#ID802" offset="0" />
          <input semantic="NORMAL" source="#ID798" offset="1" />
          <input semantic="TEXCOORD" source="#ID800" offset="2" set="0" />
          <p>11 11 11 0 0 0 12 12 12 13 13 13 11 11 11 12 12 12 13 13 13 10 10 10 11 11 11 13 13 13 14 14 14 10 10 10 10 10 10 14 14 14 9 9 9 9 9 9 14 14 14 15 15 15 16 16 16 9 9 9 15 15 15 16 16 16 8 8 8 9 9 9 16 16 16 17 17 17 8 8 8 8 8 8 17 17 17 7 7 7 7 7 7 17 17 17 6 6 6 6 6 6 17 17 17 18 18 18 5 5 5 18 18 18 19 19 19 4 4 4 19 19 19 20 20 20 3 3 3 20 20 20 21 21 21 22 22 22 3 3 3 21 21 21 22 22 22 2 2 2 3 3 3 22 22 22 23 23 23 2 2 2 2 2 2 23 23 23 1 1 1 1 1 1 23 23 23 12 12 12 0 0 0 1 1 1 12 12 12 3 3 3 4 4 4 20 20 20 4 4 4 5 5 5 19 19 19 5 5 5 6 6 6 18 18 18</p>
        </triangles>
      </mesh>
    </geometry>
    <geometry id="ID804">
      <mesh>
        <source id="ID805">
          <float_array id="ID806" count="18">-0.0255388 -0.033463 -0.0014892 -0.025125 -0.0337383 -0.0012963 -0.0247076 -0.0340082 -0.0011017 -0.0242867 -0.0342726 -0.0009054 -0.0242867 -0.055 -0.0009054 -0.0255388 -0.055 -0.0014892</float_array>
          <technique_common>
            <accessor count="6" source="#ID806" stride="3">
              <param name="X" type="float" />
              <param name="Y" type="float" />
              <param name="Z" type="float" />
            </accessor>
          </technique_common>
        </source>
        <source id="ID807">
          <float_array id="ID808" count="18">0.4226183 0 -0.9063078 0.4226183 0 -0.9063078 0.4226183 0 -0.9063078 0.4226183 0 -0.9063078 0.4226183 0 -0.9063078 0.4226183 0 -0.9063078</float_array>
          <technique_common>
            <accessor count="6" source="#ID808" stride="3">
              <param name="X" type="float" />
              <param name="Y" type="float" />
              <param name="Z" type="float" />
            </accessor>
          </technique_common>
        </source>
        <source id="ID809">
          <float_array id="ID810" count="12">0 1 0.330474 0.9872132 0.6638267 0.9746814 1 0.9624075 1 0 0 0</float_array>
          <technique_common>
            <accessor count="6" source="#ID810" stride="2">
              <param name="S" type="float" />
              <param name="T" type="float" />
            </accessor>
          </technique_common>
        </source>
        <vertices id="ID811">
          <input semantic="POSITION" source="#ID805" />
        </vertices>
        <triangles count="4" material="ID812">
          <input semantic="VERTEX" source="#ID811" offset="0" />
          <input semantic="NORMAL" source="#ID807" offset="1" />
          <input semantic="TEXCOORD" source="#ID809" offset="2" set="0" />
          <p>0 0 0 1 1 1 5 5 5 5 5 5 1 1 1 2 2 2 3 3 3 5 5 5 2 2 2 3 3 3 4 4 4 5 5 5</p>
        </triangles>
      </mesh>
    </geometry>
    <geometry id="ID813">
      <mesh>
        <source id="ID814">
          <float_array id="ID815" count="54">-0.0365328 -0.0219891 0.0075 -0.0345936 -0.0248419 0.0075 -0.0324011 -0.027505 0.0075 -0.0299737 -0.0299559 0.0075 -0.0299737 -0.0299559 0.009 -0.0224019 -0.0353648 0.009 -0.0137337 -0.0387486 0.009 -0.0045 -0.0399 0.009 -0.0045 -0.0399 0.0005 -0.0090726 -0.0396209 0.0005 -0.0135774 -0.0387878 0.0005 -0.0179474 -0.0374131 0.0005 -0.0242867 -0.0342726 -0.0009054 -0.0247076 -0.0340082 -0.0011017 -0.025125 -0.0337383 -0.0012963 -0.0255388 -0.033463 -0.0014892 -0.0315968 -0.0283661 -0.0035601 -0.0365328 -0.0219891 -0.0042527</float_array>
          <technique_common>
            <accessor count="18" source="#ID815" stride="3">
              <param name="X" type="float" />
              <param name="Y" type="float" />
              <param name="Z" type="float" />
            </accessor>
          </technique_common>
        </source>
        <source id="ID816">
          <float_array id="ID817" count="54">0.8519354 0.5236469 0 0.8003605 0.599519 0 0.7420493 0.6703453 0 0.6774927 0.7355295 0 0.6774927 0.7355295 0 0.4761156 0.8793827 0 0.2455782 0.9693768 0 0 1 0 0 1 0 0.1216129 0.9925776 0 0.2414205 0.9704206 0 0.3576443 0.9338579 0 0.526242 0.8503348 0 0.5374365 0.8433042 0 0.5485371 0.8361262 0 0.5595418 0.8288022 0 0.7206801 0.6932678 0 0.8519354 0.5236469 0</float_array>
          <technique_common>
            <accessor count="18" source="#ID817" stride="3">
              <param name="X" type="float" />
              <param name="Y" type="float" />
              <param name="Z" type="float" />
            </accessor>
          </technique_common>
        </source>
        <source id="ID818">
          <float_array id="ID819" count="36">0.8868152 1 0.8868152 0.9099964 0.8868152 0.8199929 0.8868152 0.7299893 1 0.7299893 1 0.4866596 1 0.2433298 1 0 0.3586197 0 0.3586197 0.1195629 0.3586197 0.2391258 0.3586197 0.3586887 0.2525744 0.5434846 0.2377642 0.5564488 0.2230782 0.5694131 0.2085191 0.5823773 0.0522556 0.7892579 0 1</float_array>
          <technique_common>
            <accessor count="18" source="#ID819" stride="2">
              <param name="S" type="float" />
              <param name="T" type="float" />
            </accessor>
          </technique_common>
        </source>
        <vertices id="ID820">
          <input semantic="POSITION" source="#ID814" />
        </vertices>
        <triangles count="16" material="ID821">
          <input semantic="VERTEX" source="#ID820" offset="0" />
          <input semantic="NORMAL" source="#ID816" offset="1" />
          <input semantic="TEXCOORD" source="#ID818" offset="2" set="0" />
          <p>0 0 0 1 1 1 17 17 17 17 17 17 1 1 1 16 16 16 16 16 16 1 1 1 2 2 2 3 3 3 16 16 16 2 2 2 3 3 3 15 15 15 16 16 16 3 3 3 5 5 5 15 15 15 3 3 3 4 4 4 5 5 5 9 9 9 10 10 10 6 6 6 7 7 7 9 9 9 6 6 6 7 7 7 8 8 8 9 9 9 10 10 10 11 11 11 6 6 6 6 6 6 11 11 11 5 5 5 5 5 5 11 11 11 12 12 12 13 13 13 5 5 5 12 12 12 13 13 13 14 14 14 5 5 5 5 5 5 14 14 14 15 15 15</p>
        </triangles>
      </mesh>
    </geometry>
    <geometry id="ID822">
      <mesh>
        <source id="ID823">
          <float_array id="ID824" count="18">-0.0370439 -0.021048 0.0075 -0.0368848 -0.0213677 0.0075 -0.0367143 -0.0216816 0.0075 -0.0365328 -0.0219891 0.0075 -0.0365328 -0.0219891 -0.0042527 -0.0370439 -0.021048 -0.004277</float_array>
          <technique_common>
            <accessor count="6" source="#ID824" stride="3">
              <param name="X" type="float" />
              <param name="Y" type="float" />
              <param name="Z" type="float" />
            </accessor>
          </technique_common>
        </source>
        <source id="ID825">
          <float_array id="ID826" count="18">0.9030524 0.4295305 0 0.8871378 0.4615047 0 0.8700916 0.4928901 0 0.8519354 0.5236469 0 0.8519354 0.5236469 0 0.9030524 0.4295305 0</float_array>
          <technique_common>
            <accessor count="6" source="#ID826" stride="3">
              <param name="X" type="float" />
              <param name="Y" type="float" />
              <param name="Z" type="float" />
            </accessor>
          </technique_common>
        </source>
        <source id="ID827">
          <float_array id="ID828" count="12">1 1 1 0.6666667 1 0.3333333 1 0 0.0020698 0 0 1</float_array>
          <technique_common>
            <accessor count="6" source="#ID828" stride="2">
              <param name="S" type="float" />
              <param name="T" type="float" />
            </accessor>
          </technique_common>
        </source>
        <vertices id="ID829">
          <input semantic="POSITION" source="#ID823" />
        </vertices>
        <triangles count="4" material="ID830">
          <input semantic="VERTEX" source="#ID829" offset="0" />
          <input semantic="NORMAL" source="#ID825" offset="1" />
          <input semantic="TEXCOORD" source="#ID827" offset="2" set="0" />
          <p>0 0 0 1 1 1 5 5 5 5 5 5 1 1 1 2 2 2 4 4 4 2 2 2 3 3 3 4 4 4 5 5 5 2 2 2</p>
        </triangles>
      </mesh>
    </geometry>
    <geometry id="ID831">
      <mesh>
        <source id="ID832">
          <float_array id="ID833" count="15">-0.037414 -0.0202699 0.0075 -0.0370439 -0.021048 0.0075 -0.0370439 -0.021048 -0.004277 -0.037229 -0.020659 -0.0042837 -0.037414 -0.0202699 -0.0042892</float_array>
          <technique_common>
            <accessor count="5" source="#ID833" stride="3">
              <param name="X" type="float" />
              <param name="Y" type="float" />
              <param name="Z" type="float" />
            </accessor>
          </technique_common>
        </source>
        <source id="ID834">
          <float_array id="ID835" count="15">0.9030524 0.4295305 0 0.9030524 0.4295305 0 0.9030524 0.4295305 0 0.9030524 0.4295305 0 0.9030524 0.4295305 0</float_array>
          <technique_common>
            <accessor count="5" source="#ID835" stride="3">
              <param name="X" type="float" />
              <param name="Y" type="float" />
              <param name="Z" type="float" />
            </accessor>
          </technique_common>
        </source>
        <source id="ID836">
          <float_array id="ID837" count="10">0 0 1 0 1 0.9989653 0.5000508 0.999531 0 1</float_array>
          <technique_common>
            <accessor count="5" source="#ID837" stride="2">
              <param name="S" type="float" />
              <param name="T" type="float" />
            </accessor>
          </technique_common>
        </source>
        <vertices id="ID838">
          <input semantic="POSITION" source="#ID832" />
        </vertices>
        <triangles count="3" material="ID839">
          <input semantic="VERTEX" source="#ID838" offset="0" />
          <input semantic="NORMAL" source="#ID834" offset="1" />
          <input semantic="TEXCOORD" source="#ID836" offset="2" set="0" />
          <p>4 4 4 0 0 0 3 3 3 3 3 3 0 0 0 1 1 1 2 2 2 3 3 3 1 1 1</p>
        </triangles>
      </mesh>
    </geometry>
    <geometry id="ID840">
      <mesh>
        <source id="ID841">
          <float_array id="ID842" count="162">-0.0299737 -0.0299559 0.0075 -0.0324011 -0.027505 0.0075 -0.0345936 -0.0248419 0.0075 -0.0365328 -0.0219891 0.0075 -0.0367143 -0.0216816 0.0075 -0.0368848 -0.0213677 0.0075 -0.0370439 -0.021048 0.0075 -0.037414 -0.0202699 0.0075 -0.0380592 -0.0190341 0.0075 -0.038658 -0.0177751 0.0075 -0.0392096 -0.0164948 0.0075 -0.0402737 -0.0183433 0.0075 -0.0410052 -0.0193367 0.0075 -0.0419397 -0.020142 0.0075 -0.0430302 -0.0207188 0.0075 -0.0535073 -0.0248326 0.0075 -0.0557978 -0.0265235 0.0075 -0.0569359 -0.0291331 0.0075 -0.0566167 -0.0319622 0.0075 -0.0523961 -0.0427116 0.0075 -0.0522991 -0.0428237 0.0075 -0.0522078 -0.0429406 0.0075 -0.0521223 -0.0430618 0.0075 -0.0503286 -0.0447515 0.0075 -0.0479772 -0.0454883 0.0075 -0.04554 -0.0451245 0.0075 -0.0338903 -0.0405504 0.0075 -0.0321593 -0.0394625 0.0075 -0.0309453 -0.0378175 0.0075 -0.0304159 -0.0358428 0.0075 -0.0410387 -0.0381963 0.0075 -0.0417887 -0.0379953 0.0075 -0.0423378 -0.0374463 0.0075 -0.0425387 -0.0366963 0.0075 -0.0423378 -0.0359463 0.0075 -0.0417887 -0.0353973 0.0075 -0.0410387 -0.0351963 0.0075 -0.0402887 -0.0353973 0.0075 -0.0397397 -0.0359463 0.0075 -0.0395387 -0.0366963 0.0075 -0.0397397 -0.0374463 0.0075 -0.0402887 -0.0379953 0.0075 -0.0445108 -0.0293535 0.0075 -0.0452608 -0.0291525 0.0075 -0.0458098 -0.0286035 0.0075 -0.0460108 -0.0278535 0.0075 -0.0458098 -0.0271035 0.0075 -0.0452608 -0.0265545 0.0075 -0.0445108 -0.0263535 0.0075 -0.0437608 -0.0265545 0.0075 -0.0432117 -0.0271035 0.0075 -0.0430108 -0.0278535 0.0075 -0.0432117 -0.0286035 0.0075 -0.0437608 -0.0291525 0.0075</float_array>
          <technique_common>
            <accessor count="54" source="#ID842" stride="3">
              <param name="X" type="float" />
              <param name="Y" type="float" />
              <param name="Z" type="float" />
            </accessor>
          </technique_common>
        </source>
        <source id="ID843">
          <float_array id="ID844" count="162">0 0 1 0 0 1 0 0 1 0 0 1 0 0 1 0 0 1 0 0 1 0 0 1 0 0 1 0 0 1 0 0 1 0 0 1 0 0 1 0 0 1 0 0 1 0 0 1 0 0 1 0 0 1 0 0 1 0 0 1 0 0 1 0 0 1 0 0 1 0 0 1 0 0 1 0 0 1 0 0 1 0 0 1 0 0 1 0 0 1 0 0 1 0 0 1 0 0 1 0 0 1 0 0 1 0 0 1 0 0 1 0 0 1 0 0 1 0 0 1 0 0 1 0 0 1 0 0 1 0 0 1 0 0 1 0 0 1 0 0 1 0 0 1 0 0 1 0 0 1 0 0 1 0 0 1 0 0 1 0 0 1</float_array>
          <technique_common>
            <accessor count="54" source="#ID844" stride="3">
              <param name="X" type="float" />
              <param name="Y" type="float" />
              <param name="Z" type="float" />
            </accessor>
          </technique_common>
        </source>
        <source id="ID845">
          <float_array id="ID846" count="108">0.4642799 0 0.3797463 0.0900273 0.2878959 0.1713449 0.1895018 0.2432685 0.1788937 0.2500024 0.1680687 0.2563247 0.1570407 0.2622273 0.1302054 0.2759529 0.0875813 0.2998825 0.0441595 0.3220918 0 0.3425502 0.0637547 0.3820161 0.0980174 0.4091466 0.1257948 0.4438067 0.1456893 0.4842525 0.287573 0.8728377 0.3458944 0.9577883 0.4359016 1 0.5334772 0.9881623 0.9042281 0.8316239 0.9080974 0.8280263 0.9121273 0.8246388 0.9163079 0.8214697 0.9745855 0.754943 1 0.6677294 0.9874496 0.577336 0.8296873 0.1452629 0.7921659 0.081062 0.7354307 0.0360336 0.6673212 0.0163996 0.7484951 0.4103902 0.7415639 0.438207 0.7226272 0.4585703 0.6967595 0.4660237 0.6708915 0.4585703 0.651955 0.438207 0.6450238 0.4103902 0.651955 0.3825735 0.6708915 0.3622102 0.6967595 0.3547567 0.7226272 0.3622102 0.7415639 0.3825735 0.443503 0.5391639 0.4365717 0.5669807 0.4176351 0.587344 0.3917673 0.5947974 0.3658994 0.587344 0.3469629 0.5669807 0.3400316 0.5391639 0.3469629 0.5113472 0.3658994 0.4909839 0.3917673 0.4835305 0.4176351 0.4909839 0.4365717 0.5113472</float_array>
          <technique_common>
            <accessor count="54" source="#ID846" stride="2">
              <param name="S" type="float" />
              <param name="T" type="float" />
            </accessor>
          </technique_common>
        </source>
        <vertices id="ID847">
          <input semantic="POSITION" source="#ID841" />
        </vertices>
        <triangles count="56" material="ID848">
          <input semantic="VERTEX" source="#ID847" offset="0" />
          <input semantic="NORMAL" source="#ID843" offset="1" />
          <input semantic="TEXCOORD" source="#ID845" offset="2" set="0" />
          <p>0 0 0 1 1 1 29 29 29 29 29 29 1 1 1 38 38 38 39 39 39 29 29 29 38 38 38 39 39 39 28 28 28 29 29 29 39 39 39 27 27 27 28 28 28 39 39 39 26 26 26 27 27 27 39 39 39 40 40 40 26 26 26 26 26 26 40 40 40 41 41 41 30 30 30 26 26 26 41 41 41 30 30 30 25 25 25 26 26 26 30 30 30 31 31 31 25 25 25 25 25 25 31 31 31 32 32 32 22 22 22 32 32 32 21 21 21 22 22 22 25 25 25 32 32 32 22 22 22 24 24 24 25 25 25 22 22 22 23 23 23 24 24 24 4 4 4 13 13 13 3 3 3 4 4 4 5 5 5 13 13 13 13 13 13 5 5 5 6 6 6 7 7 7 13 13 13 6 6 6 7 7 7 12 12 12 13 13 13 7 7 7 8 8 8 12 12 12 12 12 12 8 8 8 11 11 11 11 11 11 8 8 8 9 9 9 10 10 10 11 11 11 9 9 9 3 3 3 50 50 50 2 2 2 3 3 3 13 13 13 50 50 50 50 50 50 13 13 13 14 14 14 49 49 49 14 14 14 48 48 48 49 49 49 50 50 50 14 14 14 48 48 48 14 14 14 47 47 47 47 47 47 14 14 14 15 15 15 46 46 46 15 15 15 45 45 45 46 46 46 47 47 47 15 15 15 16 16 16 18 18 18 15 15 15 16 16 16 17 17 17 18 18 18 20 20 20 32 32 32 19 19 19 20 20 20 21 21 21 32 32 32 32 32 32 33 33 33 19 19 19 19 19 19 33 33 33 18 18 18 18 18 18 33 33 33 43 43 43 44 44 44 18 18 18 43 43 43 44 44 44 15 15 15 18 18 18 44 44 44 45 45 45 15 15 15 33 33 33 34 34 34 43 43 43 43 43 43 34 34 34 42 42 42 42 42 42 34 34 34 35 35 35 53 53 53 35 35 35 36 36 36 52 52 52 36 36 36 37 37 37 1 1 1 37 37 37 38 38 38 1 1 1 52 52 52 37 37 37 1 1 1 51 51 51 52 52 52 1 1 1 2 2 2 51 51 51 51 51 51 2 2 2 50 50 50 52 52 52 53 53 53 36 36 36 53 53 53 42 42 42 35 35 35</p>
        </triangles>
      </mesh>
    </geometry>
    <geometry id="ID849">
      <mesh>
        <source id="ID850">
          <float_array id="ID851" count="24">-0.0566167 -0.0319622 0.008 -0.0566167 -0.0319622 0.0075 -0.0569359 -0.0291331 0.0075 -0.0557978 -0.0265235 0.0075 -0.0535073 -0.0248326 0.0075 -0.0535073 -0.0248326 0.008 -0.0557978 -0.0265235 0.008 -0.0569359 -0.0291331 0.008</float_array>
          <technique_common>
            <accessor count="8" source="#ID851" stride="3">
              <param name="X" type="float" />
              <param name="Y" type="float" />
              <param name="Z" type="float" />
            </accessor>
          </technique_common>
        </source>
        <source id="ID852">
          <float_array id="ID853" count="24">0.9308209 0.3654757 0 0.9308209 0.3654757 0 0.9888524 -0.1488993 0 0.7819216 -0.6233767 0 0.3654757 -0.9308209 0 0.3654757 -0.9308209 0 0.7819216 -0.6233767 0 0.9888524 -0.1488993 0</float_array>
          <technique_common>
            <accessor count="8" source="#ID853" stride="3">
              <param name="X" type="float" />
              <param name="Y" type="float" />
              <param name="Z" type="float" />
            </accessor>
          </technique_common>
        </source>
        <source id="ID854">
          <float_array id="ID855" count="16">0 1 1 1 1 0.6666667 1 0.3333333 1 0 0 0 0 0.3333333 0 0.6666667</float_array>
          <technique_common>
            <accessor count="8" source="#ID855" stride="2">
              <param name="S" type="float" />
              <param name="T" type="float" />
            </accessor>
          </technique_common>
        </source>
        <vertices id="ID856">
          <input semantic="POSITION" source="#ID850" />
        </vertices>
        <triangles count="6" material="ID857">
          <input semantic="VERTEX" source="#ID856" offset="0" />
          <input semantic="NORMAL" source="#ID852" offset="1" />
          <input semantic="TEXCOORD" source="#ID854" offset="2" set="0" />
          <p>1 1 1 2 2 2 0 0 0 0 0 0 2 2 2 7 7 7 7 7 7 2 2 2 3 3 3 6 6 6 3 3 3 4 4 4 5 5 5 6 6 6 4 4 4 6 6 6 7 7 7 3 3 3</p>
        </triangles>
      </mesh>
    </geometry>
    <geometry id="ID858">
      <mesh>
        <source id="ID859">
          <float_array id="ID860" count="72">-0.0495 0.005 0.0112 -0.047 0.0043301 0.0112 -0.0451699 0.0025 0.0112 -0.0445 0 0.0112 -0.0451699 -0.0025 0.0112 -0.047 -0.0043301 0.0112 -0.0495 -0.005 0.0112 -0.052 -0.0043301 0.0112 -0.0538301 -0.0025 0.0112 -0.0545 0 0.0112 -0.0538301 0.0025 0.0112 -0.052 0.0043301 0.0112 -0.0495 0.00275 0.0112 -0.050875 0.0023816 0.0112 -0.0518816 0.001375 0.0112 -0.05225 0 0.0112 -0.0518816 -0.001375 0.0112 -0.050875 -0.0023816 0.0112 -0.0495 -0.00275 0.0112 -0.048125 -0.0023816 0.0112 -0.0471184 -0.001375 0.0112 -0.04675 0 0.0112 -0.0471184 0.001375 0.0112 -0.048125 0.0023816 0.0112</float_array>
          <technique_common>
            <accessor count="24" source="#ID860" stride="3">
              <param name="X" type="float" />
              <param name="Y" type="float" />
              <param name="Z" type="float" />
            </accessor>
          </technique_common>
        </source>
        <source id="ID861">
          <float_array id="ID862" count="72">0 0 -1 0 0 -1 0 0 -1 0 0 -1 0 0 -1 0 0 -1 0 0 -1 0 0 -1 0 0 -1 0 0 -1 0 0 -1 0 0 -1 0 0 -1 0 0 -1 0 0 -1 0 0 -1 0 0 -1 0 0 -1 0 0 -1 0 0 -1 0 0 -1 0 0 -1 0 0 -1 0 0 -1</float_array>
          <technique_common>
            <accessor count="24" source="#ID862" stride="3">
              <param name="X" type="float" />
              <param name="Y" type="float" />
              <param name="Z" type="float" />
            </accessor>
          </technique_common>
        </source>
        <source id="ID863">
          <float_array id="ID864" count="48">0 0.5 0.0669873 0.75 0.25 0.9330127 0.5 1 0.75 0.9330127 0.9330128 0.75 1 0.5 0.9330128 0.25 0.75 0.0669873 0.5 0 0.25 0.0669873 0.0669873 0.25 0.225 0.5 0.261843 0.3625 0.3625 0.261843 0.5 0.225 0.6375 0.261843 0.738157 0.3625 0.775 0.5 0.738157 0.6375 0.6375 0.738157 0.5 0.775 0.3625 0.738157 0.261843 0.6375</float_array>
          <technique_common>
            <accessor count="24" source="#ID864" stride="2">
              <param name="S" type="float" />
              <param name="T" type="float" />
            </accessor>
          </technique_common>
        </source>
        <vertices id="ID865">
          <input semantic="POSITION" source="#ID859" />
        </vertices>
        <triangles count="24" material="ID866">
          <input semantic="VERTEX" source="#ID865" offset="0" />
          <input semantic="NORMAL" source="#ID861" offset="1" />
          <input semantic="TEXCOORD" source="#ID863" offset="2" set="0" />
          <p>3 3 3 21 21 21 2 2 2 3 3 3 4 4 4 21 21 21 21 21 21 4 4 4 20 20 20 20 20 20 4 4 4 5 5 5 19 19 19 5 5 5 18 18 18 19 19 19 20 20 20 5 5 5 2 2 2 22 22 22 1 1 1 2 2 2 21 21 21 22 22 22 5 5 5 6 6 6 18 18 18 18 18 18 6 6 6 17 17 17 17 17 17 6 6 6 7 7 7 16 16 16 7 7 7 8 8 8 15 15 15 8 8 8 9 9 9 10 10 10 15 15 15 9 9 9 10 10 10 14 14 14 15 15 15 10 10 10 11 11 11 14 14 14 14 14 14 11 11 11 13 13 13 13 13 13 11 11 11 0 0 0 12 12 12 0 0 0 23 23 23 12 12 12 13 13 13 0 0 0 15 15 15 16 16 16 8 8 8 16 16 16 17 17 17 7 7 7 22 22 22 23 23 23 1 1 1 1 1 1 23 23 23 0 0 0</p>
        </triangles>
      </mesh>
    </geometry>
    <geometry id="ID867">
      <mesh>
        <source id="ID868">
          <float_array id="ID869" count="66">-0.0022398 0.04445 0.001 -0.00228 0.0446 0.001 -0.0022398 0.04475 0.001 -0.00213 0.0448598 0.001 -0.00198 0.0449 0.001 0.00198 0.0449 0.001 0.00213 0.0448598 0.001 0.0022398 0.04475 0.001 0.00228 0.0446 0.001 0.0022398 0.04445 0.001 0.0002598 0.04102 0.001 0.0002121 0.0409579 0.001 0.00015 0.0409102 0.001 0.0000777 0.0408802 0.001 0 0.04087 0.001 -0.0000777 0.0408802 0.001 -0.00015 0.0409102 0.001 -0.0002121 0.0409579 0.001 -0.0002598 0.04102 0.001 -0.001114 0.0441 0.001 0 0.0421701 0.001 0.001114 0.0441 0.001</float_array>
          <technique_common>
            <accessor count="22" source="#ID869" stride="3">
              <param name="X" type="float" />
              <param name="Y" type="float" />
              <param name="Z" type="float" />
            </accessor>
          </technique_common>
        </source>
        <source id="ID870">
          <float_array id="ID871" count="66">0 0 -1 0 0 -1 0 0 -1 0 0 -1 0 0 -1 0 0 -1 0 0 -1 0 0 -1 0 0 -1 0 0 -1 0 0 -1 0 0 -1 0 0 -1 0 0 -1 0 0 -1 0 0 -1 0 0 -1 0 0 -1 0 0 -1 0 0 -1 0 0 -1 0 0 -1</float_array>
          <technique_common>
            <accessor count="22" source="#ID871" stride="3">
              <param name="X" type="float" />
              <param name="Y" type="float" />
              <param name="Z" type="float" />
            </accessor>
          </technique_common>
        </source>
        <source id="ID872">
          <float_array id="ID873" count="44">0.1116581 0.0088119 0.0744379 0 0.0372186 0.0088152 0.0099727 0.0328957 0 0.0657895 0 0.9342105 0.0099727 0.9671042 0.0372186 0.9911847 0.0744379 1 0.1116581 0.991188 0.9627747 0.5569775 0.9781938 0.5465225 0.9900253 0.5328966 0.997463 0.5170286 1 0.4999999 0.997463 0.4829713 0.9900253 0.4671033 0.9781938 0.4534774 0.9627747 0.4430224 0.1985112 0.2556924 0.67739 0.4999999 0.1985112 0.7443076</float_array>
          <technique_common>
            <accessor count="22" source="#ID873" stride="2">
              <param name="S" type="float" />
              <param name="T" type="float" />
            </accessor>
          </technique_common>
        </source>
        <vertices id="ID874">
          <input semantic="POSITION" source="#ID868" />
        </vertices>
        <triangles count="22" material="ID875">
          <input semantic="VERTEX" source="#ID874" offset="0" />
          <input semantic="NORMAL" source="#ID870" offset="1" />
          <input semantic="TEXCOORD" source="#ID872" offset="2" set="0" />
          <p>1 1 1 2 2 2 0 0 0 0 0 0 2 2 2 4 4 4 19 19 19 4 4 4 5 5 5 21 21 21 5 5 5 9 9 9 20 20 20 9 9 9 10 10 10 18 18 18 10 10 10 17 17 17 18 18 18 20 20 20 10 10 10 18 18 18 0 0 0 20 20 20 20 20 20 0 0 0 19 19 19 19 19 19 0 0 0 4 4 4 2 2 2 3 3 3 4 4 4 5 5 5 6 6 6 9 9 9 9 9 9 6 6 6 7 7 7 8 8 8 9 9 9 7 7 7 11 11 11 12 12 12 10 10 10 10 10 10 12 12 12 13 13 13 14 14 14 10 10 10 13 13 13 14 14 14 15 15 15 10 10 10 10 10 10 15 15 15 16 16 16 17 17 17 10 10 10 16 16 16 20 20 20 21 21 21 9 9 9 21 21 21 19 19 19 5 5 5</p>
        </triangles>
      </mesh>
    </geometry>
    <geometry id="ID876">
      <mesh>
        <source id="ID877">
          <float_array id="ID878" count="66">0.0387602 0.04805 0.001 0.03872 0.0482 0.001 0.0387602 0.04835 0.001 0.03887 0.0484598 0.001 0.03902 0.0485 0.001 0.04298 0.0485 0.001 0.04313 0.0484598 0.001 0.0432398 0.04835 0.001 0.04328 0.0482 0.001 0.0432398 0.04805 0.001 0.0412598 0.04462 0.001 0.0412121 0.0445579 0.001 0.04115 0.0445102 0.001 0.0410777 0.0444802 0.001 0.041 0.04447 0.001 0.0409223 0.0444802 0.001 0.04085 0.0445102 0.001 0.0407879 0.0445579 0.001 0.0407402 0.04462 0.001 0.039886 0.0477 0.001 0.041 0.0457701 0.001 0.042114 0.0477 0.001</float_array>
          <technique_common>
            <accessor count="22" source="#ID878" stride="3">
              <param name="X" type="float" />
              <param name="Y" type="float" />
              <param name="Z" type="float" />
            </accessor>
          </technique_common>
        </source>
        <source id="ID879">
          <float_array id="ID880" count="66">0 0 -1 0 0 -1 0 0 -1 0 0 -1 0 0 -1 0 0 -1 0 0 -1 0 0 -1 0 0 -1 0 0 -1 0 0 -1 0 0 -1 0 0 -1 0 0 -1 0 0 -1 0 0 -1 0 0 -1 0 0 -1 0 0 -1 0 0 -1 0 0 -1 0 0 -1</float_array>
          <technique_common>
            <accessor count="22" source="#ID880" stride="3">
              <param name="X" type="float" />
              <param name="Y" type="float" />
              <param name="Z" type="float" />
            </accessor>
          </technique_common>
        </source>
        <source id="ID881">
          <float_array id="ID882" count="44">0.1116581 0.0088119 0.0744379 0 0.0372186 0.0088152 0.0099727 0.0328957 0 0.0657895 0 0.9342105 0.0099727 0.9671042 0.0372186 0.9911847 0.0744379 1 0.1116581 0.991188 0.9627747 0.5569775 0.9781938 0.5465225 0.9900253 0.5328966 0.997463 0.5170286 1 0.4999999 0.997463 0.4829713 0.9900253 0.4671033 0.9781938 0.4534774 0.9627747 0.4430224 0.1985112 0.2556924 0.67739 0.4999999 0.1985112 0.7443076</float_array>
          <technique_common>
            <accessor count="22" source="#ID882" stride="2">
              <param name="S" type="float" />
              <param name="T" type="float" />
            </accessor>
          </technique_common>
        </source>
        <vertices id="ID883">
          <input semantic="POSITION" source="#ID877" />
        </vertices>
        <triangles count="22" material="ID884">
          <input semantic="VERTEX" source="#ID883" offset="0" />
          <input semantic="NORMAL" source="#ID879" offset="1" />
          <input semantic="TEXCOORD" source="#ID881" offset="2" set="0" />
          <p>1 1 1 2 2 2 0 0 0 0 0 0 2 2 2 4 4 4 19 19 19 4 4 4 5 5 5 21 21 21 5 5 5 9 9 9 20 20 20 9 9 9 10 10 10 18 18 18 10 10 10 17 17 17 18 18 18 20 20 20 10 10 10 18 18 18 0 0 0 20 20 20 20 20 20 0 0 0 19 19 19 19 19 19 0 0 0 4 4 4 2 2 2 3 3 3 4 4 4 5 5 5 6 6 6 9 9 9 9 9 9 6 6 6 7 7 7 8 8 8 9 9 9 7 7 7 11 11 11 12 12 12 10 10 10 10 10 10 12 12 12 13 13 13 14 14 14 10 10 10 13 13 13 14 14 14 15 15 15 10 10 10 10 10 10 15 15 15 16 16 16 17 17 17 10 10 10 16 16 16 20 20 20 21 21 21 9 9 9 21 21 21 19 19 19 5 5 5</p>
        </triangles>
      </mesh>
    </geometry>
    <geometry id="ID885">
      <mesh>
        <source id="ID886">
          <float_array id="ID887" count="24">-0.0521223 -0.0430618 0.0075 -0.0521223 -0.0430618 0.0145 -0.0503286 -0.0447515 0.0145 -0.0479772 -0.0454883 0.0145 -0.04554 -0.0451245 0.0145 -0.04554 -0.0451245 0.0075 -0.0479772 -0.0454883 0.0075 -0.0503286 -0.0447515 0.0075</float_array>
          <technique_common>
            <accessor count="8" source="#ID887" stride="3">
              <param name="X" type="float" />
              <param name="Y" type="float" />
              <param name="Z" type="float" />
            </accessor>
          </technique_common>
        </source>
        <source id="ID888">
          <float_array id="ID889" count="24">0.8313202 0.5557939 0 0.8313202 0.5557939 0 0.5051921 0.8630069 0 0.0776522 0.9969805 0 -0.3654757 0.9308209 0 -0.3654757 0.9308209 0 0.0776522 0.9969805 0 0.5051921 0.8630069 0</float_array>
          <technique_common>
            <accessor count="8" source="#ID889" stride="3">
              <param name="X" type="float" />
              <param name="Y" type="float" />
              <param name="Z" type="float" />
            </accessor>
          </technique_common>
        </source>
        <source id="ID890">
          <float_array id="ID891" count="16">1 0 0 0 0 0.3333333 0 0.6666666 0 1 1 1 1 0.6666666 1 0.3333333</float_array>
          <technique_common>
            <accessor count="8" source="#ID891" stride="2">
              <param name="S" type="float" />
              <param name="T" type="float" />
            </accessor>
          </technique_common>
        </source>
        <vertices id="ID892">
          <input semantic="POSITION" source="#ID886" />
        </vertices>
        <triangles count="6" material="ID893">
          <input semantic="VERTEX" source="#ID892" offset="0" />
          <input semantic="NORMAL" source="#ID888" offset="1" />
          <input semantic="TEXCOORD" source="#ID890" offset="2" set="0" />
          <p>1 1 1 2 2 2 0 0 0 0 0 0 2 2 2 7 7 7 7 7 7 2 2 2 3 3 3 6 6 6 3 3 3 4 4 4 5 5 5 6 6 6 4 4 4 6 6 6 7 7 7 3 3 3</p>
        </triangles>
      </mesh>
    </geometry>
    <geometry id="ID894">
      <mesh>
        <source id="ID895">
          <float_array id="ID896" count="12">-0.04554 -0.0451245 0.0145 -0.0338903 -0.0405504 0.0145 -0.0338903 -0.0405504 0.0075 -0.04554 -0.0451245 0.0075</float_array>
          <technique_common>
            <accessor count="4" source="#ID896" stride="3">
              <param name="X" type="float" />
              <param name="Y" type="float" />
              <param name="Z" type="float" />
            </accessor>
          </technique_common>
        </source>
        <source id="ID897">
          <float_array id="ID898" count="12">-0.3654757 0.9308209 0 -0.3654757 0.9308209 0 -0.3654757 0.9308209 0 -0.3654757 0.9308209 0</float_array>
          <technique_common>
            <accessor count="4" source="#ID898" stride="3">
              <param name="X" type="float" />
              <param name="Y" type="float" />
              <param name="Z" type="float" />
            </accessor>
          </technique_common>
        </source>
        <source id="ID899">
          <float_array id="ID900" count="8">1 1 0 1 0 0 1 0</float_array>
          <technique_common>
            <accessor count="4" source="#ID900" stride="2">
              <param name="S" type="float" />
              <param name="T" type="float" />
            </accessor>
          </technique_common>
        </source>
        <vertices id="ID901">
          <input semantic="POSITION" source="#ID895" />
        </vertices>
        <triangles count="2" material="ID902">
          <input semantic="VERTEX" source="#ID901" offset="0" />
          <input semantic="NORMAL" source="#ID897" offset="1" />
          <input semantic="TEXCOORD" source="#ID899" offset="2" set="0" />
          <p>0 0 0 1 1 1 3 3 3 3 3 3 1 1 1 2 2 2</p>
        </triangles>
      </mesh>
    </geometry>
    <geometry id="ID903">
      <mesh>
        <source id="ID904">
          <float_array id="ID905" count="24">-0.0338903 -0.0405504 0.0145 -0.0321593 -0.0394625 0.0145 -0.0309453 -0.0378175 0.0145 -0.0304159 -0.0358428 0.0145 -0.0304159 -0.0358428 0.0075 -0.0309453 -0.0378175 0.0075 -0.0321593 -0.0394625 0.0075 -0.0338903 -0.0405504 0.0075</float_array>
          <technique_common>
            <accessor count="8" source="#ID905" stride="3">
              <param name="X" type="float" />
              <param name="Y" type="float" />
              <param name="Z" type="float" />
            </accessor>
          </technique_common>
        </source>
        <source id="ID906">
          <float_array id="ID907" count="24">-0.3654757 0.9308209 0 -0.6802019 0.7330248 0 -0.9009406 0.4339424 0 -0.9971911 0.0748997 0 -0.9971911 0.0748997 0 -0.9009406 0.4339424 0 -0.6802019 0.7330248 0 -0.3654757 0.9308209 0</float_array>
          <technique_common>
            <accessor count="8" source="#ID907" stride="3">
              <param name="X" type="float" />
              <param name="Y" type="float" />
              <param name="Z" type="float" />
            </accessor>
          </technique_common>
        </source>
        <source id="ID908">
          <float_array id="ID909" count="16">0 0 0 0.3333333 0 0.6666666 0 1 1 1 1 0.6666666 1 0.3333333 1 0</float_array>
          <technique_common>
            <accessor count="8" source="#ID909" stride="2">
              <param name="S" type="float" />
              <param name="T" type="float" />
            </accessor>
          </technique_common>
        </source>
        <vertices id="ID910">
          <input semantic="POSITION" source="#ID904" />
        </vertices>
        <triangles count="6" material="ID911">
          <input semantic="VERTEX" source="#ID910" offset="0" />
          <input semantic="NORMAL" source="#ID906" offset="1" />
          <input semantic="TEXCOORD" source="#ID908" offset="2" set="0" />
          <p>7 7 7 0 0 0 6 6 6 6 6 6 0 0 0 1 1 1 5 5 5 1 1 1 2 2 2 4 4 4 2 2 2 3 3 3 4 4 4 5 5 5 2 2 2 5 5 5 6 6 6 1 1 1</p>
        </triangles>
      </mesh>
    </geometry>
    <geometry id="ID912">
      <mesh>
        <source id="ID913">
          <float_array id="ID914" count="18">-0.0304159 -0.0358428 0.0145 -0.0298562 -0.0283918 0.0145 -0.0298562 -0.0283918 0.009 -0.0299737 -0.0299559 0.009 -0.0299737 -0.0299559 0.0075 -0.0304159 -0.0358428 0.0075</float_array>
          <technique_common>
            <accessor count="6" source="#ID914" stride="3">
              <param name="X" type="float" />
              <param name="Y" type="float" />
              <param name="Z" type="float" />
            </accessor>
          </technique_common>
        </source>
        <source id="ID915">
          <float_array id="ID916" count="18">-0.9971911 0.0748997 0 -0.9971911 0.0748997 0 -0.9971911 0.0748997 0 -0.9971911 0.0748997 0 -0.9971911 0.0748997 0 -0.9971911 0.0748997 0</float_array>
          <technique_common>
            <accessor count="6" source="#ID916" stride="3">
              <param name="X" type="float" />
              <param name="Y" type="float" />
              <param name="Z" type="float" />
            </accessor>
          </technique_common>
        </source>
        <source id="ID917">
          <float_array id="ID918" count="12">1 1 0 1 0 0.2142857 0.2099166 0.2142857 0.2099166 0 1 0</float_array>
          <technique_common>
            <accessor count="6" source="#ID918" stride="2">
              <param name="S" type="float" />
              <param name="T" type="float" />
            </accessor>
          </technique_common>
        </source>
        <vertices id="ID919">
          <input semantic="POSITION" source="#ID913" />
        </vertices>
        <triangles count="4" material="ID920">
          <input semantic="VERTEX" source="#ID919" offset="0" />
          <input semantic="NORMAL" source="#ID915" offset="1" />
          <input semantic="TEXCOORD" source="#ID917" offset="2" set="0" />
          <p>5 5 5 0 0 0 3 3 3 4 4 4 5 5 5 3 3 3 2 2 2 3 3 3 1 1 1 1 1 1 3 3 3 0 0 0</p>
        </triangles>
      </mesh>
    </geometry>
    <geometry id="ID921">
      <mesh>
        <source id="ID922">
          <float_array id="ID923" count="30">-0.0298562 -0.0283918 0.0145 -0.0295186 -0.0274212 0.0145 -0.0287434 -0.0267464 0.0145 -0.0277355 -0.0265456 0.0145 -0.026761 -0.0268719 0.0145 -0.026761 -0.0268719 0.009 -0.0277355 -0.0265456 0.009 -0.0287434 -0.0267464 0.009 -0.0295186 -0.0274212 0.009 -0.0298562 -0.0283918 0.009</float_array>
          <technique_common>
            <accessor count="10" source="#ID923" stride="3">
              <param name="X" type="float" />
              <param name="Y" type="float" />
              <param name="Z" type="float" />
            </accessor>
          </technique_common>
        </source>
        <source id="ID924">
          <float_array id="ID925" count="30">-0.9971911 0.0748997 0 -0.8283451 0.5602181 0 -0.4407805 0.8976149 0 0.0631691 0.9980028 0 0.5504394 0.8348752 0 0.5504394 0.8348752 0 0.0631691 0.9980028 0 -0.4407805 0.8976149 0 -0.8283451 0.5602181 0 -0.9971911 0.0748997 0</float_array>
          <technique_common>
            <accessor count="10" source="#ID925" stride="3">
              <param name="X" type="float" />
              <param name="Y" type="float" />
              <param name="Z" type="float" />
            </accessor>
          </technique_common>
        </source>
        <source id="ID926">
          <float_array id="ID927" count="20">0 1 0 0.7500001 0 0.5 0 0.25 0 0 1 0 1 0.25 1 0.5 1 0.7500001 1 1</float_array>
          <technique_common>
            <accessor count="10" source="#ID927" stride="2">
              <param name="S" type="float" />
              <param name="T" type="float" />
            </accessor>
          </technique_common>
        </source>
        <vertices id="ID928">
          <input semantic="POSITION" source="#ID922" />
        </vertices>
        <triangles count="8" material="ID929">
          <input semantic="VERTEX" source="#ID928" offset="0" />
          <input semantic="NORMAL" source="#ID924" offset="1" />
          <input semantic="TEXCOORD" source="#ID926" offset="2" set="0" />
          <p>0 0 0 1 1 1 9 9 9 9 9 9 1 1 1 8 8 8 8 8 8 1 1 1 2 2 2 7 7 7 2 2 2 3 3 3 6 6 6 3 3 3 4 4 4 5 5 5 6 6 6 4 4 4 6 6 6 7 7 7 3 3 3 7 7 7 8 8 8 2 2 2</p>
        </triangles>
      </mesh>
    </geometry>
    <geometry id="ID930">
      <mesh>
        <source id="ID931">
          <float_array id="ID932" count="24">-0.026761 -0.0268719 0.0145 -0.0224722 -0.0291361 0.0145 -0.0178269 -0.0305296 0.0145 -0.013 -0.031 0.0145 -0.013 -0.031 0.009 -0.0178269 -0.0305296 0.009 -0.0224722 -0.0291361 0.009 -0.026761 -0.0268719 0.009</float_array>
          <technique_common>
            <accessor count="8" source="#ID932" stride="3">
              <param name="X" type="float" />
              <param name="Y" type="float" />
              <param name="Z" type="float" />
            </accessor>
          </technique_common>
        </source>
        <source id="ID933">
          <float_array id="ID934" count="24">0.5504394 0.8348752 0 0.3788872 0.9254428 0 0.1930766 0.9811837 0 0 1 0 0 1 0 0.1930766 0.9811837 0 0.3788872 0.9254428 0 0.5504394 0.8348752 0</float_array>
          <technique_common>
            <accessor count="8" source="#ID934" stride="3">
              <param name="X" type="float" />
              <param name="Y" type="float" />
              <param name="Z" type="float" />
            </accessor>
          </technique_common>
        </source>
        <source id="ID935">
          <float_array id="ID936" count="16">1 1 1 0.6666667 1 0.3333333 1 0 0 0 0 0.3333333 0 0.6666667 0 1</float_array>
          <technique_common>
            <accessor count="8" source="#ID936" stride="2">
              <param name="S" type="float" />
              <param name="T" type="float" />
            </accessor>
          </technique_common>
        </source>
        <vertices id="ID937">
          <input semantic="POSITION" source="#ID931" />
        </vertices>
        <triangles count="6" material="ID938">
          <input semantic="VERTEX" source="#ID937" offset="0" />
          <input semantic="NORMAL" source="#ID933" offset="1" />
          <input semantic="TEXCOORD" source="#ID935" offset="2" set="0" />
          <p>0 0 0 1 1 1 7 7 7 7 7 7 1 1 1 6 6 6 6 6 6 1 1 1 2 2 2 5 5 5 2 2 2 4 4 4 5 5 5 6 6 6 2 2 2 2 2 2 3 3 3 4 4 4</p>
        </triangles>
      </mesh>
    </geometry>
    <geometry id="ID939">
      <mesh>
        <source id="ID940">
          <float_array id="ID941" count="12">-0.013 -0.031 0.0145 0.0503669 -0.031 0.0145 0.0503669 -0.031 0.009 -0.013 -0.031 0.009</float_array>
          <technique_common>
            <accessor count="4" source="#ID941" stride="3">
              <param name="X" type="float" />
              <param name="Y" type="float" />
              <param name="Z" type="float" />
            </accessor>
          </technique_common>
        </source>
        <source id="ID942">
          <float_array id="ID943" count="12">0 1 0 0 1 0 0 1 0 0 1 0</float_array>
          <technique_common>
            <accessor count="4" source="#ID943" stride="3">
              <param name="X" type="float" />
              <param name="Y" type="float" />
              <param name="Z" type="float" />
            </accessor>
          </technique_common>
        </source>
        <source id="ID944">
          <float_array id="ID945" count="8">1 0 1 1 0 1 0 0</float_array>
          <technique_common>
            <accessor count="4" source="#ID945" stride="2">
              <param name="S" type="float" />
              <param name="T" type="float" />
            </accessor>
          </technique_common>
        </source>
        <vertices id="ID946">
          <input semantic="POSITION" source="#ID940" />
        </vertices>
        <triangles count="2" material="ID947">
          <input semantic="VERTEX" source="#ID946" offset="0" />
          <input semantic="NORMAL" source="#ID942" offset="1" />
          <input semantic="TEXCOORD" source="#ID944" offset="2" set="0" />
          <p>1 1 1 2 2 2 0 0 0 0 0 0 2 2 2 3 3 3</p>
        </triangles>
      </mesh>
    </geometry>
    <geometry id="ID948">
      <mesh>
        <source id="ID949">
          <float_array id="ID950" count="24">0.0503669 -0.031 0.0145 0.0521101 -0.0310761 0.0145 0.0538399 -0.0313038 0.0145 0.0555433 -0.0316815 0.0145 0.0555433 -0.0316815 0.009 0.0538399 -0.0313038 0.009 0.0521101 -0.0310761 0.009 0.0503669 -0.031 0.009</float_array>
          <technique_common>
            <accessor count="8" source="#ID950" stride="3">
              <param name="X" type="float" />
              <param name="Y" type="float" />
              <param name="Z" type="float" />
            </accessor>
          </technique_common>
        </source>
        <source id="ID951">
          <float_array id="ID952" count="24">0 1 0 0.0871557 0.9961947 0 0.1736482 0.9848077 0 0.258819 0.9659258 0 0.258819 0.9659258 0 0.1736482 0.9848077 0 0.0871557 0.9961947 0 0 1 0</float_array>
          <technique_common>
            <accessor count="8" source="#ID952" stride="3">
              <param name="X" type="float" />
              <param name="Y" type="float" />
              <param name="Z" type="float" />
            </accessor>
          </technique_common>
        </source>
        <source id="ID953">
          <float_array id="ID954" count="16">1 0 1 0.3333333 1 0.6666666 1 1 0 1 0 0.6666666 0 0.3333333 0 0</float_array>
          <technique_common>
            <accessor count="8" source="#ID954" stride="2">
              <param name="S" type="float" />
              <param name="T" type="float" />
            </accessor>
          </technique_common>
        </source>
        <vertices id="ID955">
          <input semantic="POSITION" source="#ID949" />
        </vertices>
        <triangles count="6" material="ID956">
          <input semantic="VERTEX" source="#ID955" offset="0" />
          <input semantic="NORMAL" source="#ID951" offset="1" />
          <input semantic="TEXCOORD" source="#ID953" offset="2" set="0" />
          <p>7 7 7 0 0 0 6 6 6 6 6 6 0 0 0 1 1 1 5 5 5 1 1 1 2 2 2 4 4 4 2 2 2 3 3 3 4 4 4 5 5 5 2 2 2 5 5 5 6 6 6 1 1 1</p>
        </triangles>
      </mesh>
    </geometry>
    <geometry id="ID957">
      <mesh>
        <source id="ID958">
          <float_array id="ID959" count="18">0.0558 -0.0317503 0.0145 0.0682941 -0.035098 0.0138452 0.0682941 -0.035098 0.0096548 0.0558 -0.0317503 0.009 0.0555433 -0.0316815 0.009 0.0555433 -0.0316815 0.0145</float_array>
          <technique_common>
            <accessor count="6" source="#ID959" stride="3">
              <param name="X" type="float" />
              <param name="Y" type="float" />
              <param name="Z" type="float" />
            </accessor>
          </technique_common>
        </source>
        <source id="ID960">
          <float_array id="ID961" count="18">0.258819 0.9659258 0 0.258819 0.9659258 0 0.258819 0.9659258 0 0.258819 0.9659258 0 0.258819 0.9659258 0 0.258819 0.9659258 0</float_array>
          <technique_common>
            <accessor count="6" source="#ID961" stride="3">
              <param name="X" type="float" />
              <param name="Y" type="float" />
              <param name="Z" type="float" />
            </accessor>
          </technique_common>
        </source>
        <source id="ID962">
          <float_array id="ID963" count="12">0.9798703 1 0 0.8809478 0 0.1190525 0.9798703 0 1 0 1 1</float_array>
          <technique_common>
            <accessor count="6" source="#ID963" stride="2">
              <param name="S" type="float" />
              <param name="T" type="float" />
            </accessor>
          </technique_common>
        </source>
        <vertices id="ID964">
          <input semantic="POSITION" source="#ID958" />
        </vertices>
        <triangles count="4" material="ID965">
          <input semantic="VERTEX" source="#ID964" offset="0" />
          <input semantic="NORMAL" source="#ID960" offset="1" />
          <input semantic="TEXCOORD" source="#ID962" offset="2" set="0" />
          <p>1 1 1 2 2 2 0 0 0 0 0 0 2 2 2 3 3 3 4 4 4 0 0 0 3 3 3 4 4 4 5 5 5 0 0 0</p>
        </triangles>
      </mesh>
    </geometry>
    <geometry id="ID966">
      <mesh>
        <source id="ID967">
          <float_array id="ID968" count="81">0.057 -0.051666 0.0005 0.056167 -0.0514428 0.0005 0.0555572 -0.050833 0.0005 0.055334 -0.05 0.0005 0.0555572 -0.049167 0.0005 0.056167 -0.0485572 0.0005 0.057 -0.048334 0.0005 0.057833 -0.0485572 0.0005 0.0584428 -0.049167 0.0005 0.058666 -0.05 0.0005 0.0584428 -0.050833 0.0005 0.057833 -0.0514428 0.0005 0.0558 -0.0511557 0.0145 0.0564614 -0.0515765 0.0144653 0.057242 -0.0516483 0.0144244 0.0579691 -0.0513552 0.0143863 0.0584816 -0.0507619 0.0143595 0.058666 -0.05 0.0143498 0.0584816 -0.0492381 0.0143595 0.0579691 -0.0486448 0.0143863 0.057242 -0.0483517 0.0144244 0.0564614 -0.0484235 0.0144653 0.0558 -0.0488443 0.0145 0.0553881 -0.0495789 0.0145 0.0553881 -0.0504211 0.0145 0.0564614 -0.0515765 0.0144653 0.057 -0.051666 0.0005</float_array>
          <technique_common>
            <accessor count="27" source="#ID968" stride="3">
              <param name="X" type="float" />
              <param name="Y" type="float" />
              <param name="Z" type="float" />
            </accessor>
          </technique_common>
        </source>
        <source id="ID969">
          <float_array id="ID970" count="81">0 1 0 0.5 0.8660254 0 0.8660254 0.5 0 1 0 0 0.8660254 -0.5 0 0.5 -0.8660254 0 0 -1 0 -0.5 -0.8660254 0 -0.8660254 -0.5 0 -1 0 0 -0.8660254 0.5 0 -0.5 0.8660254 0 0.7202881 0.693675 0 0.3233001 0.9462965 0 -0.1452721 0.9893917 0 -0.5816786 0.8134187 0 -0.8892915 0.4573409 0 -1 0 0 -0.8892915 -0.4573409 0 -0.5816786 -0.8134187 0 -0.1452721 -0.9893917 0 0.3233001 -0.9462965 0 0.7202881 -0.693675 0 0.9675304 -0.2527546 0 0.9675304 0.2527546 0 0.3233001 0.9462965 0 0 1 0</float_array>
          <technique_common>
            <accessor count="27" source="#ID970" stride="3">
              <param name="X" type="float" />
              <param name="Y" type="float" />
              <param name="Z" type="float" />
            </accessor>
          </technique_common>
        </source>
        <source id="ID971">
          <float_array id="ID972" count="54">1 1 1 0.9208156 1 0.8416313 1 0.7624469 1 0.6832626 1 0.6040781 1 0.5248938 1 0.4457094 1 0.366525 1 0.2873406 1 0.2081562 1 0.1289719 0 0.8783774 0.0024758 0 0.0053981 0.0718352 0.0081198 0.1436703 0.0100382 0.2155055 0.0107286 0.2873406 0.0100382 0.3591758 0.0081198 0.431011 0.0053981 0.5028461 0.0024758 0.5746813 0 0.6465164 0 0.7238034 0 0.8010904 0.0024758 0.9502125 1 0.0497875</float_array>
          <technique_common>
            <accessor count="27" source="#ID972" stride="2">
              <param name="S" type="float" />
              <param name="T" type="float" />
            </accessor>
          </technique_common>
        </source>
        <vertices id="ID973">
          <input semantic="POSITION" source="#ID967" />
        </vertices>
        <triangles count="25" material="ID974">
          <input semantic="VERTEX" source="#ID973" offset="0" />
          <input semantic="NORMAL" source="#ID969" offset="1" />
          <input semantic="TEXCOORD" source="#ID971" offset="2" set="0" />
          <p>16 16 16 17 17 17 9 9 9 10 10 10 16 16 16 9 9 9 10 10 10 15 15 15 16 16 16 10 10 10 11 11 11 15 15 15 15 15 15 11 11 11 14 14 14 14 14 14 11 11 11 26 26 26 25 25 25 0 0 0 1 1 1 12 12 12 1 1 1 2 2 2 24 24 24 2 2 2 3 3 3 23 23 23 3 3 3 4 4 4 22 22 22 4 4 4 5 5 5 21 21 21 5 5 5 6 6 6 20 20 20 6 6 6 7 7 7 19 19 19 7 7 7 8 8 8 18 18 18 8 8 8 9 9 9 17 17 17 18 18 18 9 9 9 12 12 12 25 25 25 1 1 1 13 13 13 14 14 14 26 26 26 18 18 18 19 19 19 8 8 8 19 19 19 20 20 20 7 7 7 20 20 20 21 21 21 6 6 6 21 21 21 22 22 22 5 5 5 22 22 22 23 23 23 4 4 4 23 23 23 24 24 24 3 3 3 24 24 24 12 12 12 2 2 2</p>
        </triangles>
      </mesh>
    </geometry>
    <geometry id="ID975">
      <mesh>
        <source id="ID976">
          <float_array id="ID977" count="66">0.0558 -0.0488443 0.0145 0.0564614 -0.0484235 0.0144653 0.057242 -0.0483517 0.0144244 0.0579691 -0.0486448 0.0143863 0.0584816 -0.0492381 0.0143595 0.058666 -0.05 0.0143498 0.0584816 -0.0507619 0.0143595 0.0579691 -0.0513552 0.0143863 0.057242 -0.0516483 0.0144244 0.0564614 -0.0515765 0.0144653 0.0558 -0.0511557 0.0145 0.0558 -0.055 0.0145 0.069 -0.055 0.0138082 0.0705 -0.0545981 0.0137296 0.0715981 -0.0535 0.0136721 0.0718978 -0.0527765 0.0136564 0.072 -0.052 0.013651 0.072 -0.0399277 0.013651 0.0715315 -0.0378146 0.0136755 0.0702139 -0.0360974 0.0137446 0.0682941 -0.035098 0.0138452 0.0558 -0.0317503 0.0145</float_array>
          <technique_common>
            <accessor count="22" source="#ID977" stride="3">
              <param name="X" type="float" />
              <param name="Y" type="float" />
              <param name="Z" type="float" />
            </accessor>
          </technique_common>
        </source>
        <source id="ID978">
          <float_array id="ID979" count="66">0.052336 0 0.9986295 0.052336 0 0.9986295 0.052336 0 0.9986295 0.052336 0 0.9986295 0.052336 0 0.9986295 0.052336 0 0.9986295 0.052336 0 0.9986295 0.052336 0 0.9986295 0.052336 0 0.9986295 0.052336 0 0.9986295 0.052336 0 0.9986295 0.052336 0 0.9986295 0.052336 0 0.9986295 0.052336 0 0.9986295 0.052336 0 0.9986295 0.052336 0 0.9986295 0.052336 0 0.9986295 0.052336 0 0.9986295 0.052336 0 0.9986295 0.052336 0 0.9986295 0.052336 0 0.9986295 0.052336 0 0.9986295</float_array>
          <technique_common>
            <accessor count="22" source="#ID979" stride="3">
              <param name="X" type="float" />
              <param name="Y" type="float" />
              <param name="Z" type="float" />
            </accessor>
          </technique_common>
        </source>
        <source id="ID980">
          <float_array id="ID981" count="44">0 0.2647626 0.0408261 0.2828646 0.0890138 0.2859529 0.1338936 0.2733429 0.1655284 0.2478276 0.1769136 0.2150562 0.1655284 0.1822847 0.1338936 0.1567694 0.0890138 0.1441594 0.0408261 0.1472477 0 0.1653497 0 0 0.8148147 0 0.9074074 0.0172873 0.9751899 0.0645167 0.9936899 0.0956372 1 0.1290338 1 0.6482794 0.9710826 0.7391661 0.8897492 0.813022 0.7712404 0.8560079 0 1</float_array>
          <technique_common>
            <accessor count="22" source="#ID981" stride="2">
              <param name="S" type="float" />
              <param name="T" type="float" />
            </accessor>
          </technique_common>
        </source>
        <vertices id="ID982">
          <input semantic="POSITION" source="#ID976" />
        </vertices>
        <triangles count="20" material="ID983">
          <input semantic="VERTEX" source="#ID982" offset="0" />
          <input semantic="NORMAL" source="#ID978" offset="1" />
          <input semantic="TEXCOORD" source="#ID980" offset="2" set="0" />
          <p>0 0 0 1 1 1 21 21 21 21 21 21 1 1 1 2 2 2 20 20 20 2 2 2 3 3 3 17 17 17 3 3 3 4 4 4 16 16 16 4 4 4 5 5 5 12 12 12 5 5 5 6 6 6 7 7 7 12 12 12 6 6 6 7 7 7 11 11 11 12 12 12 7 7 7 8 8 8 11 11 11 11 11 11 8 8 8 9 9 9 10 10 10 11 11 11 9 9 9 5 5 5 12 12 12 16 16 16 16 16 16 12 12 12 13 13 13 14 14 14 16 16 16 13 13 13 14 14 14 15 15 15 16 16 16 16 16 16 17 17 17 4 4 4 18 18 18 19 19 19 17 17 17 17 17 17 19 19 19 20 20 20 3 3 3 17 17 17 20 20 20 20 20 20 21 21 21 2 2 2</p>
        </triangles>
      </mesh>
    </geometry>
    <geometry id="ID984">
      <mesh>
        <source id="ID985">
          <float_array id="ID986" count="15">-0.0541175 -0.0417709 0.0145 -0.0541175 -0.0417709 0.0106277 -0.0541175 -0.0417709 0.008 -0.0638645 -0.0401276 0.008 -0.0638645 -0.0401276 0.0145</float_array>
          <technique_common>
            <accessor count="5" source="#ID986" stride="3">
              <param name="X" type="float" />
              <param name="Y" type="float" />
              <param name="Z" type="float" />
            </accessor>
          </technique_common>
        </source>
        <source id="ID987">
          <float_array id="ID988" count="15">0.1662494 0.9860837 0 0.1662494 0.9860837 0 0.1662494 0.9860837 0 0.1662494 0.9860837 0 0.1662494 0.9860837 0</float_array>
          <technique_common>
            <accessor count="5" source="#ID988" stride="3">
              <param name="X" type="float" />
              <param name="Y" type="float" />
              <param name="Z" type="float" />
            </accessor>
          </technique_common>
        </source>
        <source id="ID989">
          <float_array id="ID990" count="10">0 1 0 0.4042663 0 0 1 0 1 1</float_array>
          <technique_common>
            <accessor count="5" source="#ID990" stride="2">
              <param name="S" type="float" />
              <param name="T" type="float" />
            </accessor>
          </technique_common>
        </source>
        <vertices id="ID991">
          <input semantic="POSITION" source="#ID985" />
        </vertices>
        <triangles count="3" material="ID992">
          <input semantic="VERTEX" source="#ID991" offset="0" />
          <input semantic="NORMAL" source="#ID987" offset="1" />
          <input semantic="TEXCOORD" source="#ID989" offset="2" set="0" />
          <p>0 0 0 1 1 1 4 4 4 4 4 4 1 1 1 3 3 3 3 3 3 1 1 1 2 2 2</p>
        </triangles>
      </mesh>
    </geometry>
    <geometry id="ID993">
      <mesh>
        <source id="ID994">
          <float_array id="ID995" count="39">-0.0523961 -0.0427116 0.008 -0.0528949 -0.0422722 0.008 -0.0534783 -0.0419534 0.008 -0.0541175 -0.0417709 0.008 -0.0541175 -0.0417709 0.0106277 -0.0541175 -0.0417709 0.0145 -0.0533425 -0.042013 0.0145 -0.0526608 -0.0424541 0.0145 -0.0521223 -0.0430618 0.0145 -0.0521223 -0.0430618 0.0075 -0.0522078 -0.0429406 0.0075 -0.0522991 -0.0428237 0.0075 -0.0523961 -0.0427116 0.0075</float_array>
          <technique_common>
            <accessor count="13" source="#ID995" stride="3">
              <param name="X" type="float" />
              <param name="Y" type="float" />
              <param name="Z" type="float" />
            </accessor>
          </technique_common>
        </source>
        <source id="ID996">
          <float_array id="ID997" count="39">0.7400613 0.6725394 0 0.5737818 0.8190082 0 0.3793285 0.9252621 0 0.1662494 0.9860837 0 0.1662494 0.9860837 0 0.1662494 0.9860837 0 0.4245905 0.9053855 0 0.6518293 0.7583657 0 0.8313202 0.5557939 0 0.8313202 0.5557939 0 0.8028377 0.5961977 0 0.7723932 0.6351446 0 0.7400613 0.6725394 0</float_array>
          <technique_common>
            <accessor count="13" source="#ID997" stride="3">
              <param name="X" type="float" />
              <param name="Y" type="float" />
              <param name="Z" type="float" />
            </accessor>
          </technique_common>
        </source>
        <source id="ID998">
          <float_array id="ID999" count="26">0.9285714 0.1821063 0.9285714 0.4547376 0.9285714 0.7273688 0.9285714 1 0.5531812 1 0 1 0 0.6666667 0 0.3333333 0 0 1 0 1 0.0607021 1 0.1214042 1 0.1821063</float_array>
          <technique_common>
            <accessor count="13" source="#ID999" stride="2">
              <param name="S" type="float" />
              <param name="T" type="float" />
            </accessor>
          </technique_common>
        </source>
        <vertices id="ID1000">
          <input semantic="POSITION" source="#ID994" />
        </vertices>
        <triangles count="11" material="ID1001">
          <input semantic="VERTEX" source="#ID1000" offset="0" />
          <input semantic="NORMAL" source="#ID996" offset="1" />
          <input semantic="TEXCOORD" source="#ID998" offset="2" set="0" />
          <p>3 3 3 4 4 4 2 2 2 2 2 2 4 4 4 6 6 6 1 1 1 6 6 6 7 7 7 0 0 0 7 7 7 8 8 8 11 11 11 8 8 8 10 10 10 11 11 11 0 0 0 8 8 8 11 11 11 12 12 12 0 0 0 1 1 1 2 2 2 6 6 6 4 4 4 5 5 5 6 6 6 8 8 8 9 9 9 10 10 10 7 7 7 0 0 0 1 1 1</p>
        </triangles>
      </mesh>
    </geometry>
    <geometry id="ID1002">
      <mesh>
        <source id="ID1003">
          <float_array id="ID1004" count="78">-0.013 -0.051666 0.0145 -0.012167 -0.0514428 0.0145 -0.0115572 -0.050833 0.0145 -0.011334 -0.05 0.0145 -0.0115572 -0.049167 0.0145 -0.012167 -0.0485572 0.0145 -0.013 -0.048334 0.0145 -0.013833 -0.0485572 0.0145 -0.0144428 -0.049167 0.0145 -0.014666 -0.05 0.0145 -0.0144428 -0.050833 0.0145 -0.013833 -0.0514428 0.0145 -0.013 -0.051666 0.0005 -0.013833 -0.0514428 0.0005 -0.0144428 -0.050833 0.0005 -0.014666 -0.05 0.0005 -0.0144428 -0.049167 0.0005 -0.013833 -0.0485572 0.0005 -0.013 -0.048334 0.0005 -0.012167 -0.0485572 0.0005 -0.0115572 -0.049167 0.0005 -0.011334 -0.05 0.0005 -0.0115572 -0.050833 0.0005 -0.012167 -0.0514428 0.0005 -0.013 -0.051666 0.0005 -0.013 -0.051666 0.0145</float_array>
          <technique_common>
            <accessor count="26" source="#ID1004" stride="3">
              <param name="X" type="float" />
              <param name="Y" type="float" />
              <param name="Z" type="float" />
            </accessor>
          </technique_common>
        </source>
        <source id="ID1005">
          <float_array id="ID1006" count="78">0 1 0 -0.5 0.8660254 0 -0.8660254 0.5 0 -1 0 0 -0.8660254 -0.5 0 -0.5 -0.8660254 0 0 -1 0 0.5 -0.8660254 0 0.8660254 -0.5 0 1 0 0 0.8660254 0.5 0 0.5 0.8660254 0 0 1 0 0.5 0.8660254 0 0.8660254 0.5 0 1 0 0 0.8660254 -0.5 0 0.5 -0.8660254 0 0 -1 0 -0.5 -0.8660254 0 -0.8660254 -0.5 0 -1 0 0 -0.8660254 0.5 0 -0.5 0.8660254 0 0 1 0 0 1 0</float_array>
          <technique_common>
            <accessor count="26" source="#ID1006" stride="3">
              <param name="X" type="float" />
              <param name="Y" type="float" />
              <param name="Z" type="float" />
            </accessor>
          </technique_common>
        </source>
        <source id="ID1007">
          <float_array id="ID1008" count="52">0 0 0 0.0833334 0 0.1666667 0 0.25 0 0.3333333 0 0.4166667 0 0.5 0 0.5833334 0 0.6666667 0 0.75 0 0.8333333 0 0.9166666 1 1 1 0.9166666 1 0.8333333 1 0.75 1 0.6666667 1 0.5833334 1 0.5 1 0.4166667 1 0.3333333 1 0.25 1 0.1666667 1 0.0833334 1 0 0 1</float_array>
          <technique_common>
            <accessor count="26" source="#ID1008" stride="2">
              <param name="S" type="float" />
              <param name="T" type="float" />
            </accessor>
          </technique_common>
        </source>
        <vertices id="ID1009">
          <input semantic="POSITION" source="#ID1003" />
        </vertices>
        <triangles count="24" material="ID1010">
          <input semantic="VERTEX" source="#ID1009" offset="0" />
          <input semantic="NORMAL" source="#ID1005" offset="1" />
          <input semantic="TEXCOORD" source="#ID1007" offset="2" set="0" />
          <p>1 1 1 24 24 24 0 0 0 1 1 1 23 23 23 24 24 24 1 1 1 2 2 2 23 23 23 23 23 23 2 2 2 22 22 22 22 22 22 2 2 2 3 3 3 21 21 21 3 3 3 4 4 4 20 20 20 4 4 4 5 5 5 19 19 19 5 5 5 6 6 6 18 18 18 6 6 6 7 7 7 17 17 17 7 7 7 8 8 8 16 16 16 8 8 8 9 9 9 15 15 15 9 9 9 10 10 10 14 14 14 10 10 10 11 11 11 13 13 13 11 11 11 25 25 25 12 12 12 13 13 13 25 25 25 13 13 13 14 14 14 11 11 11 14 14 14 15 15 15 10 10 10 15 15 15 16 16 16 9 9 9 16 16 16 17 17 17 8 8 8 17 17 17 18 18 18 7 7 7 18 18 18 19 19 19 6 6 6 19 19 19 20 20 20 5 5 5 20 20 20 21 21 21 4 4 4 21 21 21 22 22 22 3 3 3</p>
        </triangles>
      </mesh>
    </geometry>
    <geometry id="ID1011">
      <mesh>
        <source id="ID1012">
          <float_array id="ID1013" count="78">-0.063 -0.051666 0.0145 -0.062167 -0.0514428 0.0145 -0.0615572 -0.050833 0.0145 -0.061334 -0.05 0.0145 -0.0615572 -0.049167 0.0145 -0.062167 -0.0485572 0.0145 -0.063 -0.048334 0.0145 -0.063833 -0.0485572 0.0145 -0.0644428 -0.049167 0.0145 -0.064666 -0.05 0.0145 -0.0644428 -0.050833 0.0145 -0.063833 -0.0514428 0.0145 -0.063 -0.051666 -0.0043 -0.063833 -0.0514428 -0.0043 -0.0644428 -0.050833 -0.0043 -0.064666 -0.05 -0.0043 -0.0644428 -0.049167 -0.0043 -0.063833 -0.0485572 -0.0043 -0.063 -0.048334 -0.0043 -0.062167 -0.0485572 -0.0043 -0.0615572 -0.049167 -0.0043 -0.061334 -0.05 -0.0043 -0.0615572 -0.050833 -0.0043 -0.062167 -0.0514428 -0.0043 -0.063 -0.051666 -0.0043 -0.063 -0.051666 0.0145</float_array>
          <technique_common>
            <accessor count="26" source="#ID1013" stride="3">
              <param name="X" type="float" />
              <param name="Y" type="float" />
              <param name="Z" type="float" />
            </accessor>
          </technique_common>
        </source>
        <source id="ID1014">
          <float_array id="ID1015" count="78">0 1 0 -0.5 0.8660254 0 -0.8660254 0.5 0 -1 0 0 -0.8660254 -0.5 0 -0.5 -0.8660254 0 0 -1 0 0.5 -0.8660254 0 0.8660254 -0.5 0 1 0 0 0.8660254 0.5 0 0.5 0.8660254 0 0 1 0 0.5 0.8660254 0 0.8660254 0.5 0 1 0 0 0.8660254 -0.5 0 0.5 -0.8660254 0 0 -1 0 -0.5 -0.8660254 0 -0.8660254 -0.5 0 -1 0 0 -0.8660254 0.5 0 -0.5 0.8660254 0 0 1 0 0 1 0</float_array>
          <technique_common>
            <accessor count="26" source="#ID1015" stride="3">
              <param name="X" type="float" />
              <param name="Y" type="float" />
              <param name="Z" type="float" />
            </accessor>
          </technique_common>
        </source>
        <source id="ID1016">
          <float_array id="ID1017" count="52">0 0 0 0.0833334 0 0.1666667 0 0.25 0 0.3333333 0 0.4166667 0 0.5 0 0.5833334 0 0.6666667 0 0.75 0 0.8333333 0 0.9166666 1 1 1 0.9166666 1 0.8333333 1 0.75 1 0.6666667 1 0.5833334 1 0.5 1 0.4166667 1 0.3333333 1 0.25 1 0.1666667 1 0.0833334 1 0 0 1</float_array>
          <technique_common>
            <accessor count="26" source="#ID1017" stride="2">
              <param name="S" type="float" />
              <param name="T" type="float" />
            </accessor>
          </technique_common>
        </source>
        <vertices id="ID1018">
          <input semantic="POSITION" source="#ID1012" />
        </vertices>
        <triangles count="24" material="ID1019">
          <input semantic="VERTEX" source="#ID1018" offset="0" />
          <input semantic="NORMAL" source="#ID1014" offset="1" />
          <input semantic="TEXCOORD" source="#ID1016" offset="2" set="0" />
          <p>1 1 1 24 24 24 0 0 0 1 1 1 23 23 23 24 24 24 1 1 1 2 2 2 23 23 23 23 23 23 2 2 2 22 22 22 22 22 22 2 2 2 3 3 3 21 21 21 3 3 3 4 4 4 20 20 20 4 4 4 5 5 5 19 19 19 5 5 5 6 6 6 18 18 18 6 6 6 7 7 7 17 17 17 7 7 7 8 8 8 16 16 16 8 8 8 9 9 9 15 15 15 9 9 9 10 10 10 14 14 14 10 10 10 11 11 11 13 13 13 11 11 11 25 25 25 12 12 12 13 13 13 25 25 25 13 13 13 14 14 14 11 11 11 14 14 14 15 15 15 10 10 10 15 15 15 16 16 16 9 9 9 16 16 16 17 17 17 8 8 8 17 17 17 18 18 18 7 7 7 18 18 18 19 19 19 6 6 6 19 19 19 20 20 20 5 5 5 20 20 20 21 21 21 4 4 4 21 21 21 22 22 22 3 3 3</p>
        </triangles>
      </mesh>
    </geometry>
    <geometry id="ID1020">
      <mesh>
        <source id="ID1021">
          <float_array id="ID1022" count="78">-0.0445108 0.0248535 -0.0013 -0.0430108 0.0252554 -0.0013 -0.0419127 0.0263535 -0.0013 -0.0415108 0.0278535 -0.0013 -0.0419127 0.0293535 -0.0013 -0.0430108 0.0304516 -0.0013 -0.0445108 0.0308535 -0.0013 -0.0460108 0.0304516 -0.0013 -0.0471088 0.0293535 -0.0013 -0.0475108 0.0278535 -0.0013 -0.0471088 0.0263535 -0.0013 -0.0460108 0.0252554 -0.0013 -0.0445108 0.0248535 -0.0043 -0.0460108 0.0252554 -0.0043 -0.0471088 0.0263535 -0.0043 -0.0475108 0.0278535 -0.0043 -0.0471088 0.0293535 -0.0043 -0.0460108 0.0304516 -0.0043 -0.0445108 0.0308535 -0.0043 -0.0430108 0.0304516 -0.0043 -0.0419127 0.0293535 -0.0043 -0.0415108 0.0278535 -0.0043 -0.0419127 0.0263535 -0.0043 -0.0430108 0.0252554 -0.0043 -0.0445108 0.0248535 -0.0013 -0.0445108 0.0248535 -0.0043</float_array>
          <technique_common>
            <accessor count="26" source="#ID1022" stride="3">
              <param name="X" type="float" />
              <param name="Y" type="float" />
              <param name="Z" type="float" />
            </accessor>
          </technique_common>
        </source>
        <source id="ID1023">
          <float_array id="ID1024" count="78">0 1 0 -0.5 0.8660254 0 -0.8660254 0.5 0 -1 0 0 -0.8660254 -0.5 0 -0.5 -0.8660254 0 0 -1 0 0.5 -0.8660254 0 0.8660254 -0.5 0 1 0 0 0.8660254 0.5 0 0.5 0.8660254 0 0 1 0 0.5 0.8660254 0 0.8660254 0.5 0 1 0 0 0.8660254 -0.5 0 0.5 -0.8660254 0 0 -1 0 -0.5 -0.8660254 0 -0.8660254 -0.5 0 -1 0 0 -0.8660254 0.5 0 -0.5 0.8660254 0 0 1 0 0 1 0</float_array>
          <technique_common>
            <accessor count="26" source="#ID1024" stride="3">
              <param name="X" type="float" />
              <param name="Y" type="float" />
              <param name="Z" type="float" />
            </accessor>
          </technique_common>
        </source>
        <source id="ID1025">
          <float_array id="ID1026" count="52">1 1 1 0.9166666 1 0.8333333 1 0.75 1 0.6666667 1 0.5833334 1 0.5 1 0.4166667 1 0.3333333 1 0.25 1 0.1666667 1 0.0833334 0 0 0 0.0833334 0 0.1666667 0 0.25 0 0.3333333 0 0.4166667 0 0.5 0 0.5833334 0 0.6666667 0 0.75 0 0.8333333 0 0.9166666 1 0 0 1</float_array>
          <technique_common>
            <accessor count="26" source="#ID1026" stride="2">
              <param name="S" type="float" />
              <param name="T" type="float" />
            </accessor>
          </technique_common>
        </source>
        <vertices id="ID1027">
          <input semantic="POSITION" source="#ID1021" />
        </vertices>
        <triangles count="24" material="ID1028">
          <input semantic="VERTEX" source="#ID1027" offset="0" />
          <input semantic="NORMAL" source="#ID1023" offset="1" />
          <input semantic="TEXCOORD" source="#ID1025" offset="2" set="0" />
          <p>1 1 1 25 25 25 0 0 0 1 1 1 23 23 23 25 25 25 1 1 1 2 2 2 23 23 23 23 23 23 2 2 2 22 22 22 22 22 22 2 2 2 3 3 3 21 21 21 3 3 3 4 4 4 20 20 20 4 4 4 5 5 5 19 19 19 5 5 5 6 6 6 18 18 18 6 6 6 7 7 7 17 17 17 7 7 7 8 8 8 16 16 16 8 8 8 9 9 9 15 15 15 9 9 9 10 10 10 14 14 14 10 10 10 11 11 11 13 13 13 11 11 11 24 24 24 12 12 12 13 13 13 24 24 24 13 13 13 14 14 14 11 11 11 14 14 14 15 15 15 10 10 10 15 15 15 16 16 16 9 9 9 16 16 16 17 17 17 8 8 8 17 17 17 18 18 18 7 7 7 18 18 18 19 19 19 6 6 6 19 19 19 20 20 20 5 5 5 20 20 20 21 21 21 4 4 4 21 21 21 22 22 22 3 3 3</p>
        </triangles>
      </mesh>
    </geometry>
    <geometry id="ID1029">
      <mesh>
        <source id="ID1030">
          <float_array id="ID1031" count="78">-0.0445108 -0.0308535 -0.0013 -0.0430108 -0.0304516 -0.0013 -0.0419127 -0.0293535 -0.0013 -0.0415108 -0.0278535 -0.0013 -0.0419127 -0.0263535 -0.0013 -0.0430108 -0.0252554 -0.0013 -0.0445108 -0.0248535 -0.0013 -0.0460108 -0.0252554 -0.0013 -0.0471088 -0.0263535 -0.0013 -0.0475108 -0.0278535 -0.0013 -0.0471088 -0.0293535 -0.0013 -0.0460108 -0.0304516 -0.0013 -0.0445108 -0.0308535 -0.0043 -0.0460108 -0.0304516 -0.0043 -0.0471088 -0.0293535 -0.0043 -0.0475108 -0.0278535 -0.0043 -0.0471088 -0.0263535 -0.0043 -0.0460108 -0.0252554 -0.0043 -0.0445108 -0.0248535 -0.0043 -0.0430108 -0.0252554 -0.0043 -0.0419127 -0.0263535 -0.0043 -0.0415108 -0.0278535 -0.0043 -0.0419127 -0.0293535 -0.0043 -0.0430108 -0.0304516 -0.0043 -0.0445108 -0.0308535 -0.0013 -0.0445108 -0.0308535 -0.0043</float_array>
          <technique_common>
            <accessor count="26" source="#ID1031" stride="3">
              <param name="X" type="float" />
              <param name="Y" type="float" />
              <param name="Z" type="float" />
            </accessor>
          </technique_common>
        </source>
        <source id="ID1032">
          <float_array id="ID1033" count="78">0 1 0 -0.5 0.8660254 0 -0.8660254 0.5 0 -1 0 0 -0.8660254 -0.5 0 -0.5 -0.8660254 0 0 -1 0 0.5 -0.8660254 0 0.8660254 -0.5 0 1 0 0 0.8660254 0.5 0 0.5 0.8660254 0 0 1 0 0.5 0.8660254 0 0.8660254 0.5 0 1 0 0 0.8660254 -0.5 0 0.5 -0.8660254 0 0 -1 0 -0.5 -0.8660254 0 -0.8660254 -0.5 0 -1 0 0 -0.8660254 0.5 0 -0.5 0.8660254 0 0 1 0 0 1 0</float_array>
          <technique_common>
            <accessor count="26" source="#ID1033" stride="3">
              <param name="X" type="float" />
              <param name="Y" type="float" />
              <param name="Z" type="float" />
            </accessor>
          </technique_common>
        </source>
        <source id="ID1034">
          <float_array id="ID1035" count="52">1 1 1 0.9166666 1 0.8333333 1 0.75 1 0.6666667 1 0.5833334 1 0.5 1 0.4166667 1 0.3333333 1 0.25 1 0.1666667 1 0.0833334 0 0 0 0.0833334 0 0.1666667 0 0.25 0 0.3333333 0 0.4166667 0 0.5 0 0.5833334 0 0.6666667 0 0.75 0 0.8333333 0 0.9166666 1 0 0 1</float_array>
          <technique_common>
            <accessor count="26" source="#ID1035" stride="2">
              <param name="S" type="float" />
              <param name="T" type="float" />
            </accessor>
          </technique_common>
        </source>
        <vertices id="ID1036">
          <input semantic="POSITION" source="#ID1030" />
        </vertices>
        <triangles count="24" material="ID1037">
          <input semantic="VERTEX" source="#ID1036" offset="0" />
          <input semantic="NORMAL" source="#ID1032" offset="1" />
          <input semantic="TEXCOORD" source="#ID1034" offset="2" set="0" />
          <p>1 1 1 25 25 25 0 0 0 1 1 1 23 23 23 25 25 25 1 1 1 2 2 2 23 23 23 23 23 23 2 2 2 22 22 22 22 22 22 2 2 2 3 3 3 21 21 21 3 3 3 4 4 4 20 20 20 4 4 4 5 5 5 19 19 19 5 5 5 6 6 6 18 18 18 6 6 6 7 7 7 17 17 17 7 7 7 8 8 8 16 16 16 8 8 8 9 9 9 15 15 15 9 9 9 10 10 10 14 14 14 10 10 10 11 11 11 13 13 13 11 11 11 24 24 24 12 12 12 13 13 13 24 24 24 13 13 13 14 14 14 11 11 11 14 14 14 15 15 15 10 10 10 15 15 15 16 16 16 9 9 9 16 16 16 17 17 17 8 8 8 17 17 17 18 18 18 7 7 7 18 18 18 19 19 19 6 6 6 19 19 19 20 20 20 5 5 5 20 20 20 21 21 21 4 4 4 21 21 21 22 22 22 3 3 3</p>
        </triangles>
      </mesh>
    </geometry>
    <geometry id="ID1038">
      <mesh>
        <source id="ID1039">
          <float_array id="ID1040" count="39">0.069 -0.055 0.0138082 0.0558 -0.055 0.0145 -0.078 -0.055 0.0145 -0.078 -0.055 -0.0043 -0.0382173 -0.055 -0.0043 -0.0338694 -0.055 -0.0039832 -0.0296132 -0.055 -0.0030397 -0.0255388 -0.055 -0.0014892 -0.0242867 -0.055 -0.0009054 -0.0222495 -0.055 -0.0001302 -0.0201214 -0.055 0.0003416 -0.0179474 -0.055 0.0005 0.069 -0.055 0.0005</float_array>
          <technique_common>
            <accessor count="13" source="#ID1040" stride="3">
              <param name="X" type="float" />
              <param name="Y" type="float" />
              <param name="Z" type="float" />
            </accessor>
          </technique_common>
        </source>
        <source id="ID1041">
          <float_array id="ID1042" count="39">0 -1 0 0 -1 0 0 -1 0 0 -1 0 0 -1 0 0 -1 0 0 -1 0 0 -1 0 0 -1 0 0 -1 0 0 -1 0 0 -1 0 0 -1 0</float_array>
          <technique_common>
            <accessor count="13" source="#ID1042" stride="3">
              <param name="X" type="float" />
              <param name="Y" type="float" />
              <param name="Z" type="float" />
            </accessor>
          </technique_common>
        </source>
        <source id="ID1043">
          <float_array id="ID1044" count="26">0.0367969 1 0 0.9102041 0 0 1 0 1 0.2706305 0.9831515 0.3002084 0.9329619 0.3291618 0.8504912 0.3568791 0.8194352 0.3653966 0.7781999 0.3792553 0.753105 0.3937319 0.7446808 0.4085209 0.7446808 1</float_array>
          <technique_common>
            <accessor count="13" source="#ID1044" stride="2">
              <param name="S" type="float" />
              <param name="T" type="float" />
            </accessor>
          </technique_common>
        </source>
        <vertices id="ID1045">
          <input semantic="POSITION" source="#ID1039" />
        </vertices>
        <triangles count="11" material="ID1046">
          <input semantic="VERTEX" source="#ID1045" offset="0" />
          <input semantic="NORMAL" source="#ID1041" offset="1" />
          <input semantic="TEXCOORD" source="#ID1043" offset="2" set="0" />
          <p>0 0 0 1 1 1 12 12 12 12 12 12 1 1 1 11 11 11 11 11 11 1 1 1 2 2 2 10 10 10 2 2 2 9 9 9 10 10 10 11 11 11 2 2 2 3 3 3 4 4 4 2 2 2 2 2 2 4 4 4 8 8 8 9 9 9 2 2 2 8 8 8 8 8 8 4 4 4 7 7 7 7 7 7 4 4 4 5 5 5 6 6 6 7 7 7 5 5 5</p>
        </triangles>
      </mesh>
    </geometry>
    <geometry id="ID1047">
      <mesh>
        <source id="ID1048">
          <float_array id="ID1049" count="84">-0.0382173 -0.0356767 -0.0043 -0.0380387 -0.0366963 -0.0042995 -0.0382173 -0.0377159 -0.0043 -0.0390699 -0.0389599 -0.0043 -0.04042 -0.0396318 -0.0043 -0.0410387 -0.0396963 -0.0043 -0.0419265 -0.0395619 -0.0043 -0.0432086 -0.0387679 -0.0043 -0.0439424 -0.0374504 -0.0043 -0.0439424 -0.0359423 -0.0043 -0.0432086 -0.0346247 -0.0043 -0.0419265 -0.0338307 -0.0043 -0.04042 -0.0337608 -0.0043 -0.0390699 -0.0344327 -0.0043 -0.0410387 -0.0396963 -0.0013 -0.0395387 -0.0392944 -0.0013 -0.0384407 -0.0381963 -0.0013 -0.0380387 -0.0366963 -0.0013 -0.0384407 -0.0351963 -0.0013 -0.0395387 -0.0340982 -0.0013 -0.0410387 -0.0336963 -0.0013 -0.0425387 -0.0340982 -0.0013 -0.0436368 -0.0351963 -0.0013 -0.0440387 -0.0366963 -0.0013 -0.0436368 -0.0381963 -0.0013 -0.0425387 -0.0392944 -0.0013 -0.0410387 -0.0396963 -0.0013 -0.0410387 -0.0396963 -0.0043</float_array>
          <technique_common>
            <accessor count="28" source="#ID1049" stride="3">
              <param name="X" type="float" />
              <param name="Y" type="float" />
              <param name="Z" type="float" />
            </accessor>
          </technique_common>
        </source>
        <source id="ID1050">
          <float_array id="ID1051" count="84">-0.9404723 -0.3398704 0 -1 -0.0000007 0 -0.9404723 0.3398704 0 -0.6562736 0.754523 0 -0.2062308 0.9785033 0 0 1 0 0.2959276 0.9552104 0 0.7233035 0.6905302 0 0.9678965 0.2513492 0 0.9678965 -0.2513492 0 0.7233035 -0.6905302 0 0.2959276 -0.9552104 0 -0.2062308 -0.9785033 0 -0.6562736 -0.754523 0 0 1 0 -0.5 0.8660254 0 -0.8660254 0.5 0 -1 0 0 -0.8660254 -0.5 0 -0.5 -0.8660254 0 0 -1 0 0.5 -0.8660254 0 0.8660254 -0.5 0 1 0 0 0.8660254 0.5 0 0.5 0.8660254 0 0 1 0 0 1 0</float_array>
          <technique_common>
            <accessor count="28" source="#ID1051" stride="3">
              <param name="X" type="float" />
              <param name="Y" type="float" />
              <param name="Z" type="float" />
            </accessor>
          </technique_common>
        </source>
        <source id="ID1052">
          <float_array id="ID1053" count="56">0 0.6948084 0.0001772 0.7499998 0 0.8051916 0 0.8860658 0 0.9669402 0 0 0 0.0478144 0 0.1286886 0 0.2095629 0 0.2904371 0 0.3713114 0 0.4521856 0 0.5330599 0 0.6139342 1 1 1 0.9166666 1 0.8333333 1 0.75 1 0.6666667 1 0.5833334 1 0.5 1 0.4166667 1 0.3333333 1 0.25 1 0.1666667 1 0.0833334 1 0 0 1</float_array>
          <technique_common>
            <accessor count="28" source="#ID1053" stride="2">
              <param name="S" type="float" />
              <param name="T" type="float" />
            </accessor>
          </technique_common>
        </source>
        <vertices id="ID1054">
          <input semantic="POSITION" source="#ID1048" />
        </vertices>
        <triangles count="26" material="ID1055">
          <input semantic="VERTEX" source="#ID1054" offset="0" />
          <input semantic="NORMAL" source="#ID1050" offset="1" />
          <input semantic="TEXCOORD" source="#ID1052" offset="2" set="0" />
          <p>1 1 1 17 17 17 0 0 0 1 1 1 2 2 2 17 17 17 17 17 17 2 2 2 16 16 16 16 16 16 2 2 2 3 3 3 15 15 15 3 3 3 4 4 4 14 14 14 4 4 4 27 27 27 6 6 6 26 26 26 5 5 5 6 6 6 25 25 25 26 26 26 6 6 6 7 7 7 25 25 25 25 25 25 7 7 7 24 24 24 24 24 24 7 7 7 8 8 8 23 23 23 8 8 8 9 9 9 22 22 22 9 9 9 10 10 10 21 21 21 10 10 10 11 11 11 20 20 20 11 11 11 12 12 12 19 19 19 12 12 12 13 13 13 18 18 18 13 13 13 0 0 0 17 17 17 18 18 18 0 0 0 14 14 14 15 15 15 4 4 4 15 15 15 16 16 16 3 3 3 18 18 18 19 19 19 13 13 13 19 19 19 20 20 20 12 12 12 20 20 20 21 21 21 11 11 11 21 21 21 22 22 22 10 10 10 22 22 22 23 23 23 9 9 9 23 23 23 24 24 24 8 8 8</p>
        </triangles>
      </mesh>
    </geometry>
    <geometry id="ID1056">
      <mesh>
        <source id="ID1057">
          <float_array id="ID1058" count="42">-0.037414 -0.0202699 -0.0042892 -0.037229 -0.020659 -0.0042837 -0.0370439 -0.021048 -0.004277 -0.0365328 -0.0219891 -0.0042527 -0.0315968 -0.0283661 -0.0035601 -0.0255388 -0.033463 -0.0014892 -0.0255388 -0.055 -0.0014892 -0.0296132 -0.055 -0.0030397 -0.0338694 -0.055 -0.0039832 -0.0382173 -0.055 -0.0043 -0.0382173 -0.0377159 -0.0043 -0.0380387 -0.0366963 -0.0042995 -0.0382173 -0.0356767 -0.0043 -0.0382173 -0.0187132 -0.0043</float_array>
          <technique_common>
            <accessor count="14" source="#ID1058" stride="3">
              <param name="X" type="float" />
              <param name="Y" type="float" />
              <param name="Z" type="float" />
            </accessor>
          </technique_common>
        </source>
        <source id="ID1059">
          <float_array id="ID1060" count="42">0.0267768 0 -0.9996414 0.0329453 0 -0.9994572 0.0391126 0 -0.9992348 0.0561516 0 -0.9984223 0.2206861 0 -0.9753449 0.4226183 0 -0.9063078 0.4226183 0 -0.9063078 0.2868032 0 -0.9579895 0.1449319 0 -0.9894416 0 0 -1 0 0 -1 0.0059528 0 -0.9999823 0 0 -1 0 0 -1</float_array>
          <technique_common>
            <accessor count="14" source="#ID1060" stride="3">
              <param name="X" type="float" />
              <param name="Y" type="float" />
              <param name="Z" type="float" />
            </accessor>
          </technique_common>
        </source>
        <source id="ID1061">
          <float_array id="ID1062" count="28">0.957099 0.0613753 0.9463773 0.0755188 0.9356576 0.0896624 0.9097209 0.1287577 0.7339824 0.5099733 0.5935222 1 0 1 0 0.6666667 0 0.3333333 0 0 0.4763184 0 0.5044171 0.0136428 0.5325158 0 1 0</float_array>
          <technique_common>
            <accessor count="14" source="#ID1062" stride="2">
              <param name="S" type="float" />
              <param name="T" type="float" />
            </accessor>
          </technique_common>
        </source>
        <vertices id="ID1063">
          <input semantic="POSITION" source="#ID1057" />
        </vertices>
        <triangles count="12" material="ID1064">
          <input semantic="VERTEX" source="#ID1063" offset="0" />
          <input semantic="NORMAL" source="#ID1059" offset="1" />
          <input semantic="TEXCOORD" source="#ID1061" offset="2" set="0" />
          <p>13 13 13 0 0 0 12 12 12 12 12 12 0 0 0 1 1 1 11 11 11 1 1 1 2 2 2 3 3 3 11 11 11 2 2 2 3 3 3 8 8 8 11 11 11 3 3 3 4 4 4 8 8 8 8 8 8 4 4 4 7 7 7 7 7 7 4 4 4 5 5 5 6 6 6 7 7 7 5 5 5 8 8 8 9 9 9 11 11 11 11 11 11 9 9 9 10 10 10 11 11 11 12 12 12 1 1 1</p>
        </triangles>
      </mesh>
    </geometry>
    <geometry id="ID1065">
      <mesh>
        <source id="ID1066">
          <float_array id="ID1067" count="24">-0.0419123 -0.0048633 -0.0043 -0.042223 -0.0039221 -0.0043 -0.0429474 -0.0032456 -0.0043 -0.0439076 -0.003 -0.0043 -0.0439076 -0.003 0.0047 -0.0429474 -0.0032456 0.0047 -0.042223 -0.0039221 0.0047 -0.0419123 -0.0048633 0.0047</float_array>
          <technique_common>
            <accessor count="8" source="#ID1067" stride="3">
              <param name="X" type="float" />
              <param name="Y" type="float" />
              <param name="Z" type="float" />
            </accessor>
          </technique_common>
        </source>
        <source id="ID1068">
          <float_array id="ID1069" count="24">0.9976611 0.0683544 0 0.8423303 0.5389617 0 0.4801241 0.8772005 0 0 1 0 0 1 0 0.4801241 0.8772005 0 0.8423303 0.5389617 0 0.9976611 0.0683544 0</float_array>
          <technique_common>
            <accessor count="8" source="#ID1069" stride="3">
              <param name="X" type="float" />
              <param name="Y" type="float" />
              <param name="Z" type="float" />
            </accessor>
          </technique_common>
        </source>
        <source id="ID1070">
          <float_array id="ID1071" count="16">0 1 0 0.6666667 0 0.3333333 0 0 1 0 1 0.3333333 1 0.6666667 1 1</float_array>
          <technique_common>
            <accessor count="8" source="#ID1071" stride="2">
              <param name="S" type="float" />
              <param name="T" type="float" />
            </accessor>
          </technique_common>
        </source>
        <vertices id="ID1072">
          <input semantic="POSITION" source="#ID1066" />
        </vertices>
        <triangles count="6" material="ID1073">
          <input semantic="VERTEX" source="#ID1072" offset="0" />
          <input semantic="NORMAL" source="#ID1068" offset="1" />
          <input semantic="TEXCOORD" source="#ID1070" offset="2" set="0" />
          <p>0 0 0 1 1 1 7 7 7 7 7 7 1 1 1 6 6 6 6 6 6 1 1 1 2 2 2 5 5 5 2 2 2 3 3 3 4 4 4 5 5 5 3 3 3 5 5 5 6 6 6 2 2 2</p>
        </triangles>
      </mesh>
    </geometry>
    <geometry id="ID1074">
      <mesh>
        <source id="ID1075">
          <float_array id="ID1076" count="12">-0.0455 0.003 -0.0043 -0.0439076 0.003 -0.0043 -0.0439076 0.003 0.0047 -0.0455 0.003 0.0047</float_array>
          <technique_common>
            <accessor count="4" source="#ID1076" stride="3">
              <param name="X" type="float" />
              <param name="Y" type="float" />
              <param name="Z" type="float" />
            </accessor>
          </technique_common>
        </source>
        <source id="ID1077">
          <float_array id="ID1078" count="12">0 -1 0 0 -1 0 0 -1 0 0 -1 0</float_array>
          <technique_common>
            <accessor count="4" source="#ID1078" stride="3">
              <param name="X" type="float" />
              <param name="Y" type="float" />
              <param name="Z" type="float" />
            </accessor>
          </technique_common>
        </source>
        <source id="ID1079">
          <float_array id="ID1080" count="8">1 1 0 1 0 0 1 0</float_array>
          <technique_common>
            <accessor count="4" source="#ID1080" stride="2">
              <param name="S" type="float" />
              <param name="T" type="float" />
            </accessor>
          </technique_common>
        </source>
        <vertices id="ID1081">
          <input semantic="POSITION" source="#ID1075" />
        </vertices>
        <triangles count="2" material="ID1082">
          <input semantic="VERTEX" source="#ID1081" offset="0" />
          <input semantic="NORMAL" source="#ID1077" offset="1" />
          <input semantic="TEXCOORD" source="#ID1079" offset="2" set="0" />
          <p>0 0 0 1 1 1 3 3 3 3 3 3 1 1 1 2 2 2</p>
        </triangles>
      </mesh>
    </geometry>
    <geometry id="ID1083">
      <mesh>
        <source id="ID1084">
          <float_array id="ID1085" count="90">-0.0495 0.005 0.0112 -0.052 0.0043301 0.0112 -0.0538301 0.0025 0.0112 -0.0545 0 0.0112 -0.0538301 -0.0025 0.0112 -0.052 -0.0043301 0.0112 -0.0495 -0.005 0.0112 -0.047 -0.0043301 0.0112 -0.0451699 -0.0025 0.0112 -0.0445 0 0.0112 -0.0451699 0.0025 0.0112 -0.047 0.0043301 0.0112 -0.0455 -0.003 -0.0043 -0.0474262 -0.0045497 -0.0043 -0.0495 -0.005 -0.0043 -0.0498594 -0.0049871 -0.0043 -0.0522047 -0.0042053 -0.0043 -0.0538888 -0.0023955 -0.0043 -0.0545 0 -0.0043 -0.0538888 0.0023955 -0.0043 -0.0522047 0.0042053 -0.0043 -0.0498594 0.0049871 -0.0043 -0.0474262 0.0045497 -0.0043 -0.0455 0.003 -0.0043 -0.0455 0.003 0.0047 -0.0446146 0.0010643 0.0047 -0.0446146 -0.0010643 0.0047 -0.0455 -0.003 0.0047 -0.0495 -0.005 0.0112 -0.0495 -0.005 -0.0043</float_array>
          <technique_common>
            <accessor count="30" source="#ID1085" stride="3">
              <param name="X" type="float" />
              <param name="Y" type="float" />
              <param name="Z" type="float" />
            </accessor>
          </technique_common>
        </source>
        <source id="ID1086">
          <float_array id="ID1087" count="90">0 -1 0 0.5 -0.8660254 0 0.8660254 -0.5 0 1 0 0 0.8660254 0.5 0 0.5 0.8660254 0 0 1 0 -0.5 0.8660254 0 -0.8660254 0.5 0 -1 0 0 -0.8660254 -0.5 0 -0.5 -0.8660254 0 -0.8 0.6 0 -0.4147581 0.9099317 0 0 1 0 0.0718794 0.9974133 0 0.5409445 0.8410583 0 0.8777655 0.4790905 0 1 0 0 0.8777655 -0.4790905 0 0.5409445 -0.8410583 0 0.0718794 -0.9974133 0 -0.4147581 -0.9099317 0 -0.8 -0.6 0 -0.8 -0.6 0 -0.9770828 -0.2128593 0 -0.9770828 0.2128593 0 -0.8 0.6 0 0 1 0 0 1 0</float_array>
          <technique_common>
            <accessor count="30" source="#ID1087" stride="3">
              <param name="X" type="float" />
              <param name="Y" type="float" />
              <param name="Z" type="float" />
            </accessor>
          </technique_common>
        </source>
        <source id="ID1088">
          <float_array id="ID1089" count="60">1 0.5 1 0.4166667 1 0.3333333 1 0.25 1 0.1666667 1 0.0833334 1 1 1 0.9166666 1 0.8333333 1 0.75 1 0.6666667 1 0.5833334 0 0.8524164 0 0.9319332 0 0 0 0.0114498 0 0.0909666 0 0.1704833 0 0.25 0 0.3295167 0 0.4090334 0 0.4885502 0 0.5680669 0 0.6475835 0.5806451 0.6475835 0.5806451 0.7158612 0.5806451 0.7841388 0.5806451 0.8524164 1 0 0 1</float_array>
          <technique_common>
            <accessor count="30" source="#ID1089" stride="2">
              <param name="S" type="float" />
              <param name="T" type="float" />
            </accessor>
          </technique_common>
        </source>
        <vertices id="ID1090">
          <input semantic="POSITION" source="#ID1084" />
        </vertices>
        <triangles count="28" material="ID1091">
          <input semantic="VERTEX" source="#ID1090" offset="0" />
          <input semantic="NORMAL" source="#ID1086" offset="1" />
          <input semantic="TEXCOORD" source="#ID1088" offset="2" set="0" />
          <p>16 16 16 17 17 17 4 4 4 5 5 5 16 16 16 4 4 4 5 5 5 15 15 15 16 16 16 5 5 5 28 28 28 15 15 15 15 15 15 28 28 28 14 14 14 29 29 29 6 6 6 13 13 13 13 13 13 6 6 6 7 7 7 27 27 27 7 7 7 8 8 8 26 26 26 8 8 8 9 9 9 25 25 25 9 9 9 10 10 10 24 24 24 10 10 10 11 11 11 22 22 22 11 11 11 0 0 0 21 21 21 0 0 0 1 1 1 20 20 20 1 1 1 2 2 2 19 19 19 2 2 2 3 3 3 18 18 18 3 3 3 4 4 4 17 17 17 18 18 18 4 4 4 12 12 12 13 13 13 27 27 27 27 27 27 13 13 13 7 7 7 18 18 18 19 19 19 3 3 3 19 19 19 20 20 20 2 2 2 20 20 20 21 21 21 1 1 1 21 21 21 22 22 22 0 0 0 23 23 23 24 24 24 22 22 22 22 22 22 24 24 24 11 11 11 24 24 24 25 25 25 10 10 10 25 25 25 26 26 26 9 9 9 26 26 26 27 27 27 8 8 8</p>
        </triangles>
      </mesh>
    </geometry>
    <geometry id="ID1092">
      <mesh>
        <source id="ID1093">
          <float_array id="ID1094" count="12">-0.0439076 -0.003 -0.0043 -0.0455 -0.003 -0.0043 -0.0455 -0.003 0.0047 -0.0439076 -0.003 0.0047</float_array>
          <technique_common>
            <accessor count="4" source="#ID1094" stride="3">
              <param name="X" type="float" />
              <param name="Y" type="float" />
              <param name="Z" type="float" />
            </accessor>
          </technique_common>
        </source>
        <source id="ID1095">
          <float_array id="ID1096" count="12">0 1 0 0 1 0 0 1 0 0 1 0</float_array>
          <technique_common>
            <accessor count="4" source="#ID1096" stride="3">
              <param name="X" type="float" />
              <param name="Y" type="float" />
              <param name="Z" type="float" />
            </accessor>
          </technique_common>
        </source>
        <source id="ID1097">
          <float_array id="ID1098" count="8">1 1 0 1 0 0 1 0</float_array>
          <technique_common>
            <accessor count="4" source="#ID1098" stride="2">
              <param name="S" type="float" />
              <param name="T" type="float" />
            </accessor>
          </technique_common>
        </source>
        <vertices id="ID1099">
          <input semantic="POSITION" source="#ID1093" />
        </vertices>
        <triangles count="2" material="ID1100">
          <input semantic="VERTEX" source="#ID1099" offset="0" />
          <input semantic="NORMAL" source="#ID1095" offset="1" />
          <input semantic="TEXCOORD" source="#ID1097" offset="2" set="0" />
          <p>0 0 0 1 1 1 3 3 3 3 3 3 1 1 1 2 2 2</p>
        </triangles>
      </mesh>
    </geometry>
    <geometry id="ID1101">
      <mesh>
        <source id="ID1102">
          <float_array id="ID1103" count="51">-0.0392096 -0.0164948 0.009 -0.0392096 -0.0164948 0.0075 -0.038658 -0.0177751 0.0075 -0.0380592 -0.0190341 0.0075 -0.037414 -0.0202699 0.0075 -0.037414 -0.0202699 -0.0042892 -0.0382173 -0.0187132 -0.0043 -0.0400391 -0.0142676 -0.0043 -0.0412775 -0.0096256 -0.0043 -0.0419123 -0.0048633 -0.0043 -0.0419123 -0.0048633 0.0047 -0.041961 -0.0040096 0.0047 -0.0419902 -0.003155 0.0047 -0.042 -0.0023 0.0047 -0.042 -0.0023 0.009 -0.0416865 -0.007139 0.009 -0.0407511 -0.0118972 0.009</float_array>
          <technique_common>
            <accessor count="17" source="#ID1103" stride="3">
              <param name="X" type="float" />
              <param name="Y" type="float" />
              <param name="Z" type="float" />
            </accessor>
          </technique_common>
        </source>
        <source id="ID1104">
          <float_array id="ID1105" count="51">0.9255899 0.3785279 0 0.9255899 0.3785279 0 0.9108805 0.4126703 0 0.8949122 0.4462423 0 0.8777071 0.4791976 0 0.8777071 0.4791976 0 0.8991285 0.4376847 0 0.947709 0.3191356 0 0.9807339 0.1953482 0 0.9976611 0.0683544 0 0.9976611 0.0683544 0 0.9989603 0.0455894 0 0.99974 0.0228006 0 1 0 0 1 0 0 0.9916393 0.1290409 0 0.9666969 0.2559241 0</float_array>
          <technique_common>
            <accessor count="17" source="#ID1105" stride="3">
              <param name="X" type="float" />
              <param name="Y" type="float" />
              <param name="Z" type="float" />
            </accessor>
          </technique_common>
        </source>
        <source id="ID1106">
          <float_array id="ID1107" count="34">0 0.7768142 0.1127819 0.7768142 0.1127819 0.8512094 0.1127819 0.9256046 0.1127819 1 0.9991912 1 1 0.906515 1 0.6499721 1 0.3934295 1 0.1368866 0.3233083 0.1368866 0.3233083 0.0912578 0.3233083 0.0456289 0.3233083 0 0 0 0 0.2589381 0 0.5178761</float_array>
          <technique_common>
            <accessor count="17" source="#ID1107" stride="2">
              <param name="S" type="float" />
              <param name="T" type="float" />
            </accessor>
          </technique_common>
        </source>
        <vertices id="ID1108">
          <input semantic="POSITION" source="#ID1102" />
        </vertices>
        <triangles count="15" material="ID1109">
          <input semantic="VERTEX" source="#ID1108" offset="0" />
          <input semantic="NORMAL" source="#ID1104" offset="1" />
          <input semantic="TEXCOORD" source="#ID1106" offset="2" set="0" />
          <p>0 0 0 1 1 1 16 16 16 16 16 16 1 1 1 7 7 7 8 8 8 16 16 16 7 7 7 8 8 8 15 15 15 16 16 16 8 8 8 10 10 10 15 15 15 8 8 8 9 9 9 10 10 10 7 7 7 1 1 1 6 6 6 6 6 6 1 1 1 2 2 2 3 3 3 6 6 6 2 2 2 3 3 3 5 5 5 6 6 6 3 3 3 4 4 4 5 5 5 15 15 15 10 10 10 14 14 14 14 14 14 10 10 10 11 11 11 12 12 12 14 14 14 11 11 11 12 12 12 13 13 13 14 14 14</p>
        </triangles>
      </mesh>
    </geometry>
    <geometry id="ID1110">
      <mesh>
        <source id="ID1111">
          <float_array id="ID1112" count="24">-0.037268 0.0120053 0.0145 -0.0376738 0.0100254 0.0145 -0.0379183 0.0080193 0.0145 -0.038 0.006 0.0145 -0.038 0.006 0.009 -0.0379183 0.0080193 0.009 -0.0376738 0.0100254 0.009 -0.037268 0.0120053 0.009</float_array>
          <technique_common>
            <accessor count="8" source="#ID1112" stride="3">
              <param name="X" type="float" />
              <param name="Y" type="float" />
              <param name="Z" type="float" />
            </accessor>
          </technique_common>
        </source>
        <source id="ID1113">
          <float_array id="ID1114" count="24">0.9707208 -0.2402106 0 0.9869515 -0.1610179 0 0.9967325 -0.0807729 0 1 0 0 1 0 0 0.9967325 -0.0807729 0 0.9869515 -0.1610179 0 0.9707208 -0.2402106 0</float_array>
          <technique_common>
            <accessor count="8" source="#ID1114" stride="3">
              <param name="X" type="float" />
              <param name="Y" type="float" />
              <param name="Z" type="float" />
            </accessor>
          </technique_common>
        </source>
        <source id="ID1115">
          <float_array id="ID1116" count="16">1 1 1 0.6666667 1 0.3333333 1 0 0 0 0 0.3333333 0 0.6666667 0 1</float_array>
          <technique_common>
            <accessor count="8" source="#ID1116" stride="2">
              <param name="S" type="float" />
              <param name="T" type="float" />
            </accessor>
          </technique_common>
        </source>
        <vertices id="ID1117">
          <input semantic="POSITION" source="#ID1111" />
        </vertices>
        <triangles count="6" material="ID1118">
          <input semantic="VERTEX" source="#ID1117" offset="0" />
          <input semantic="NORMAL" source="#ID1113" offset="1" />
          <input semantic="TEXCOORD" source="#ID1115" offset="2" set="0" />
          <p>7 7 7 0 0 0 6 6 6 6 6 6 0 0 0 1 1 1 5 5 5 1 1 1 2 2 2 4 4 4 2 2 2 3 3 3 4 4 4 5 5 5 2 2 2 5 5 5 6 6 6 1 1 1</p>
        </triangles>
      </mesh>
    </geometry>
    <geometry id="ID1119">
      <mesh>
        <source id="ID1120">
          <float_array id="ID1121" count="12">-0.038 0.006 0.0145 -0.038 -0.006 0.0145 -0.038 -0.006 0.009 -0.038 0.006 0.009</float_array>
          <technique_common>
            <accessor count="4" source="#ID1121" stride="3">
              <param name="X" type="float" />
              <param name="Y" type="float" />
              <param name="Z" type="float" />
            </accessor>
          </technique_common>
        </source>
        <source id="ID1122">
          <float_array id="ID1123" count="12">1 0 0 1 0 0 1 0 0 1 0 0</float_array>
          <technique_common>
            <accessor count="4" source="#ID1123" stride="3">
              <param name="X" type="float" />
              <param name="Y" type="float" />
              <param name="Z" type="float" />
            </accessor>
          </technique_common>
        </source>
        <source id="ID1124">
          <float_array id="ID1125" count="8">0 1 0 0 1 0 1 1</float_array>
          <technique_common>
            <accessor count="4" source="#ID1125" stride="2">
              <param name="S" type="float" />
              <param name="T" type="float" />
            </accessor>
          </technique_common>
        </source>
        <vertices id="ID1126">
          <input semantic="POSITION" source="#ID1120" />
        </vertices>
        <triangles count="2" material="ID1127">
          <input semantic="VERTEX" source="#ID1126" offset="0" />
          <input semantic="NORMAL" source="#ID1122" offset="1" />
          <input semantic="TEXCOORD" source="#ID1124" offset="2" set="0" />
          <p>1 1 1 2 2 2 0 0 0 0 0 0 2 2 2 3 3 3</p>
        </triangles>
      </mesh>
    </geometry>
    <geometry id="ID1128">
      <mesh>
        <source id="ID1129">
          <float_array id="ID1130" count="24">-0.038 -0.006 0.0145 -0.0379183 -0.0080193 0.0145 -0.0376738 -0.0100255 0.0145 -0.037268 -0.0120053 0.0145 -0.037268 -0.0120053 0.009 -0.0376738 -0.0100255 0.009 -0.0379183 -0.0080193 0.009 -0.038 -0.006 0.009</float_array>
          <technique_common>
            <accessor count="8" source="#ID1130" stride="3">
              <param name="X" type="float" />
              <param name="Y" type="float" />
              <param name="Z" type="float" />
            </accessor>
          </technique_common>
        </source>
        <source id="ID1131">
          <float_array id="ID1132" count="24">1 0 0 0.9967325 0.0807729 0 0.9869515 0.1610179 0 0.9707208 0.2402106 0 0.9707208 0.2402106 0 0.9869515 0.1610179 0 0.9967325 0.0807729 0 1 0 0</float_array>
          <technique_common>
            <accessor count="8" source="#ID1132" stride="3">
              <param name="X" type="float" />
              <param name="Y" type="float" />
              <param name="Z" type="float" />
            </accessor>
          </technique_common>
        </source>
        <source id="ID1133">
          <float_array id="ID1134" count="16">1 1 1 0.666667 1 0.3333335 1 0 0 0 0 0.3333335 0 0.666667 0 1</float_array>
          <technique_common>
            <accessor count="8" source="#ID1134" stride="2">
              <param name="S" type="float" />
              <param name="T" type="float" />
            </accessor>
          </technique_common>
        </source>
        <vertices id="ID1135">
          <input semantic="POSITION" source="#ID1129" />
        </vertices>
        <triangles count="6" material="ID1136">
          <input semantic="VERTEX" source="#ID1135" offset="0" />
          <input semantic="NORMAL" source="#ID1131" offset="1" />
          <input semantic="TEXCOORD" source="#ID1133" offset="2" set="0" />
          <p>7 7 7 0 0 0 6 6 6 6 6 6 0 0 0 1 1 1 5 5 5 1 1 1 2 2 2 4 4 4 2 2 2 3 3 3 4 4 4 5 5 5 2 2 2 5 5 5 6 6 6 1 1 1</p>
        </triangles>
      </mesh>
    </geometry>
    <geometry id="ID1137">
      <mesh>
        <source id="ID1138">
          <float_array id="ID1139" count="24">-0.037268 -0.0120053 0.0145 -0.0372096 -0.0125105 0.0145 -0.0372805 -0.0130141 0.0145 -0.0374761 -0.0134835 0.0145 -0.0374761 -0.0134835 0.009 -0.0372805 -0.0130141 0.009 -0.0372096 -0.0125105 0.009 -0.037268 -0.0120053 0.009</float_array>
          <technique_common>
            <accessor count="8" source="#ID1139" stride="3">
              <param name="X" type="float" />
              <param name="Y" type="float" />
              <param name="Z" type="float" />
            </accessor>
          </technique_common>
        </source>
        <source id="ID1140">
          <float_array id="ID1141" count="24">0.9707208 0.2402106 0 0.9999233 -0.0123869 0 0.9644724 -0.2641836 0 0.8666604 -0.4988985 0 0.8666604 -0.4988985 0 0.9644724 -0.2641836 0 0.9999233 -0.0123869 0 0.9707208 0.2402106 0</float_array>
          <technique_common>
            <accessor count="8" source="#ID1141" stride="3">
              <param name="X" type="float" />
              <param name="Y" type="float" />
              <param name="Z" type="float" />
            </accessor>
          </technique_common>
        </source>
        <source id="ID1142">
          <float_array id="ID1143" count="16">0 1 0 0.6666667 0 0.3333334 0 0 1 0 1 0.3333334 1 0.6666667 1 1</float_array>
          <technique_common>
            <accessor count="8" source="#ID1143" stride="2">
              <param name="S" type="float" />
              <param name="T" type="float" />
            </accessor>
          </technique_common>
        </source>
        <vertices id="ID1144">
          <input semantic="POSITION" source="#ID1138" />
        </vertices>
        <triangles count="6" material="ID1145">
          <input semantic="VERTEX" source="#ID1144" offset="0" />
          <input semantic="NORMAL" source="#ID1140" offset="1" />
          <input semantic="TEXCOORD" source="#ID1142" offset="2" set="0" />
          <p>0 0 0 1 1 1 7 7 7 7 7 7 1 1 1 6 6 6 6 6 6 1 1 1 2 2 2 5 5 5 2 2 2 4 4 4 5 5 5 6 6 6 2 2 2 2 2 2 3 3 3 4 4 4</p>
        </triangles>
      </mesh>
    </geometry>
    <geometry id="ID1146">
      <mesh>
        <source id="ID1147">
          <float_array id="ID1148" count="18">-0.0374761 -0.0134835 0.0145 -0.0402737 -0.0183433 0.0145 -0.0402737 -0.0183433 0.0075 -0.0392096 -0.0164948 0.0075 -0.0392096 -0.0164948 0.009 -0.0374761 -0.0134835 0.009</float_array>
          <technique_common>
            <accessor count="6" source="#ID1148" stride="3">
              <param name="X" type="float" />
              <param name="Y" type="float" />
              <param name="Z" type="float" />
            </accessor>
          </technique_common>
        </source>
        <source id="ID1149">
          <float_array id="ID1150" count="18">0.8666604 -0.4988985 0 0.8666604 -0.4988985 0 0.8666604 -0.4988985 0 0.8666604 -0.4988985 0 0.8666604 -0.4988985 0 0.8666604 -0.4988985 0</float_array>
          <technique_common>
            <accessor count="6" source="#ID1150" stride="3">
              <param name="X" type="float" />
              <param name="Y" type="float" />
              <param name="Z" type="float" />
            </accessor>
          </technique_common>
        </source>
        <source id="ID1151">
          <float_array id="ID1152" count="12">1 1 0 1 0 0 0.3803614 0 0.3803614 0.2142857 1 0.2142857</float_array>
          <technique_common>
            <accessor count="6" source="#ID1152" stride="2">
              <param name="S" type="float" />
              <param name="T" type="float" />
            </accessor>
          </technique_common>
        </source>
        <vertices id="ID1153">
          <input semantic="POSITION" source="#ID1147" />
        </vertices>
        <triangles count="4" material="ID1154">
          <input semantic="VERTEX" source="#ID1153" offset="0" />
          <input semantic="NORMAL" source="#ID1149" offset="1" />
          <input semantic="TEXCOORD" source="#ID1151" offset="2" set="0" />
          <p>5 5 5 0 0 0 4 4 4 4 4 4 0 0 0 1 1 1 2 2 2 4 4 4 1 1 1 2 2 2 3 3 3 4 4 4</p>
        </triangles>
      </mesh>
    </geometry>
    <geometry id="ID1155">
      <mesh>
        <source id="ID1156">
          <float_array id="ID1157" count="24">-0.0402737 -0.0183433 0.0145 -0.0410052 -0.0193367 0.0145 -0.0419397 -0.020142 0.0145 -0.0430302 -0.0207188 0.0145 -0.0430302 -0.0207188 0.0075 -0.0419397 -0.020142 0.0075 -0.0410052 -0.0193367 0.0075 -0.0402737 -0.0183433 0.0075</float_array>
          <technique_common>
            <accessor count="8" source="#ID1157" stride="3">
              <param name="X" type="float" />
              <param name="Y" type="float" />
              <param name="Z" type="float" />
            </accessor>
          </technique_common>
        </source>
        <source id="ID1158">
          <float_array id="ID1159" count="24">0.8666604 -0.4988985 0 0.7336609 -0.6795158 0 0.5637498 -0.8259456 0 0.3654757 -0.9308209 0 0.3654757 -0.9308209 0 0.5637498 -0.8259456 0 0.7336609 -0.6795158 0 0.8666604 -0.4988985 0</float_array>
          <technique_common>
            <accessor count="8" source="#ID1159" stride="3">
              <param name="X" type="float" />
              <param name="Y" type="float" />
              <param name="Z" type="float" />
            </accessor>
          </technique_common>
        </source>
        <source id="ID1160">
          <float_array id="ID1161" count="16">0 1 0 0.6666667 0 0.3333333 0 0 1 0 1 0.3333333 1 0.6666667 1 1</float_array>
          <technique_common>
            <accessor count="8" source="#ID1161" stride="2">
              <param name="S" type="float" />
              <param name="T" type="float" />
            </accessor>
          </technique_common>
        </source>
        <vertices id="ID1162">
          <input semantic="POSITION" source="#ID1156" />
        </vertices>
        <triangles count="6" material="ID1163">
          <input semantic="VERTEX" source="#ID1162" offset="0" />
          <input semantic="NORMAL" source="#ID1158" offset="1" />
          <input semantic="TEXCOORD" source="#ID1160" offset="2" set="0" />
          <p>7 7 7 0 0 0 6 6 6 6 6 6 0 0 0 1 1 1 2 2 2 6 6 6 1 1 1 2 2 2 5 5 5 6 6 6 2 2 2 4 4 4 5 5 5 2 2 2 3 3 3 4 4 4</p>
        </triangles>
      </mesh>
    </geometry>
    <geometry id="ID1164">
      <mesh>
        <source id="ID1165">
          <float_array id="ID1166" count="18">-0.0535073 -0.0248326 0.008 -0.0535073 -0.0248326 0.0075 -0.0430302 -0.0207188 0.0075 -0.0430302 -0.0207188 0.0145 -0.0516192 -0.0240912 0.0145 -0.0516192 -0.0240912 0.008</float_array>
          <technique_common>
            <accessor count="6" source="#ID1166" stride="3">
              <param name="X" type="float" />
              <param name="Y" type="float" />
              <param name="Z" type="float" />
            </accessor>
          </technique_common>
        </source>
        <source id="ID1167">
          <float_array id="ID1168" count="18">0.3654757 -0.9308209 0 0.3654757 -0.9308209 0 0.3654757 -0.9308209 0 0.3654757 -0.9308209 0 0.3654757 -0.9308209 0 0.3654757 -0.9308209 0</float_array>
          <technique_common>
            <accessor count="6" source="#ID1168" stride="3">
              <param name="X" type="float" />
              <param name="Y" type="float" />
              <param name="Z" type="float" />
            </accessor>
          </technique_common>
        </source>
        <source id="ID1169">
          <float_array id="ID1170" count="12">0 0.0714286 0 0 1 0 1 1 0.1802122 1 0.1802122 0.0714286</float_array>
          <technique_common>
            <accessor count="6" source="#ID1170" stride="2">
              <param name="S" type="float" />
              <param name="T" type="float" />
            </accessor>
          </technique_common>
        </source>
        <vertices id="ID1171">
          <input semantic="POSITION" source="#ID1165" />
        </vertices>
        <triangles count="4" material="ID1172">
          <input semantic="VERTEX" source="#ID1171" offset="0" />
          <input semantic="NORMAL" source="#ID1167" offset="1" />
          <input semantic="TEXCOORD" source="#ID1169" offset="2" set="0" />
          <p>0 0 0 1 1 1 5 5 5 5 5 5 1 1 1 2 2 2 3 3 3 5 5 5 2 2 2 3 3 3 4 4 4 5 5 5</p>
        </triangles>
      </mesh>
    </geometry>
    <geometry id="ID1173">
      <mesh>
        <source id="ID1174">
          <float_array id="ID1175" count="24">-0.0554579 -0.0242761 0.008 -0.0541751 -0.0244953 0.008 -0.0528751 -0.0244327 0.008 -0.0516192 -0.0240912 0.008 -0.0516192 -0.0240912 0.0145 -0.0528751 -0.0244327 0.0145 -0.0541751 -0.0244953 0.0145 -0.0554579 -0.0242761 0.0145</float_array>
          <technique_common>
            <accessor count="8" source="#ID1175" stride="3">
              <param name="X" type="float" />
              <param name="Y" type="float" />
              <param name="Z" type="float" />
            </accessor>
          </technique_common>
        </source>
        <source id="ID1176">
          <float_array id="ID1177" count="24">-0.2743109 -0.9616411 0 -0.0604972 -0.9981683 0 0.156163 -0.9877313 0 0.3654757 -0.9308209 0 0.3654757 -0.9308209 0 0.156163 -0.9877313 0 -0.0604972 -0.9981683 0 -0.2743109 -0.9616411 0</float_array>
          <technique_common>
            <accessor count="8" source="#ID1177" stride="3">
              <param name="X" type="float" />
              <param name="Y" type="float" />
              <param name="Z" type="float" />
            </accessor>
          </technique_common>
        </source>
        <source id="ID1178">
          <float_array id="ID1179" count="16">1 0 1 0.3333333 1 0.6666666 1 1 0 1 0 0.6666666 0 0.3333333 0 0</float_array>
          <technique_common>
            <accessor count="8" source="#ID1179" stride="2">
              <param name="S" type="float" />
              <param name="T" type="float" />
            </accessor>
          </technique_common>
        </source>
        <vertices id="ID1180">
          <input semantic="POSITION" source="#ID1174" />
        </vertices>
        <triangles count="6" material="ID1181">
          <input semantic="VERTEX" source="#ID1180" offset="0" />
          <input semantic="NORMAL" source="#ID1176" offset="1" />
          <input semantic="TEXCOORD" source="#ID1178" offset="2" set="0" />
          <p>7 7 7 0 0 0 6 6 6 6 6 6 0 0 0 1 1 1 2 2 2 6 6 6 1 1 1 2 2 2 5 5 5 6 6 6 2 2 2 4 4 4 5 5 5 2 2 2 3 3 3 4 4 4</p>
        </triangles>
      </mesh>
    </geometry>
    <geometry id="ID1182">
      <mesh>
        <source id="ID1183">
          <float_array id="ID1184" count="12">-0.0908229 -0.0141882 0.008 -0.0554579 -0.0242761 0.008 -0.0554579 -0.0242761 0.0145 -0.0908229 -0.0141882 0.0145</float_array>
          <technique_common>
            <accessor count="4" source="#ID1184" stride="3">
              <param name="X" type="float" />
              <param name="Y" type="float" />
              <param name="Z" type="float" />
            </accessor>
          </technique_common>
        </source>
        <source id="ID1185">
          <float_array id="ID1186" count="12">-0.2743109 -0.9616411 0 -0.2743109 -0.9616411 0 -0.2743109 -0.9616411 0 -0.2743109 -0.9616411 0</float_array>
          <technique_common>
            <accessor count="4" source="#ID1186" stride="3">
              <param name="X" type="float" />
              <param name="Y" type="float" />
              <param name="Z" type="float" />
            </accessor>
          </technique_common>
        </source>
        <source id="ID1187">
          <float_array id="ID1188" count="8">0 0 1 0 1 1 0 1</float_array>
          <technique_common>
            <accessor count="4" source="#ID1188" stride="2">
              <param name="S" type="float" />
              <param name="T" type="float" />
            </accessor>
          </technique_common>
        </source>
        <vertices id="ID1189">
          <input semantic="POSITION" source="#ID1183" />
        </vertices>
        <triangles count="2" material="ID1190">
          <input semantic="VERTEX" source="#ID1189" offset="0" />
          <input semantic="NORMAL" source="#ID1185" offset="1" />
          <input semantic="TEXCOORD" source="#ID1187" offset="2" set="0" />
          <p>0 0 0 1 1 1 3 3 3 3 3 3 1 1 1 2 2 2</p>
        </triangles>
      </mesh>
    </geometry>
    <geometry id="ID1191">
      <mesh>
        <source id="ID1192">
          <float_array id="ID1193" count="78">-0.063 0.013 0.0145 -0.0615 0.0134019 0.0145 -0.0604019 0.0145 0.0145 -0.06 0.016 0.0145 -0.0604019 0.0175 0.0145 -0.0615 0.0185981 0.0145 -0.063 0.019 0.0145 -0.0645 0.0185981 0.0145 -0.0655981 0.0175 0.0145 -0.066 0.016 0.0145 -0.0655981 0.0145 0.0145 -0.0645 0.0134019 0.0145 -0.063 0.013 -0.0043 -0.0645 0.0134019 -0.0043 -0.0655981 0.0145 -0.0043 -0.066 0.016 -0.0043 -0.0655981 0.0175 -0.0043 -0.0645 0.0185981 -0.0043 -0.063 0.019 -0.0043 -0.0615 0.0185981 -0.0043 -0.0604019 0.0175 -0.0043 -0.06 0.016 -0.0043 -0.0604019 0.0145 -0.0043 -0.0615 0.0134019 -0.0043 -0.063 0.019 -0.0043 -0.063 0.019 0.0145</float_array>
          <technique_common>
            <accessor count="26" source="#ID1193" stride="3">
              <param name="X" type="float" />
              <param name="Y" type="float" />
              <param name="Z" type="float" />
            </accessor>
          </technique_common>
        </source>
        <source id="ID1194">
          <float_array id="ID1195" count="78">0 1 0 -0.5 0.8660254 0 -0.8660254 0.5 0 -1 0 0 -0.8660254 -0.5 0 -0.5 -0.8660254 0 0 -1 0 0.5 -0.8660254 0 0.8660254 -0.5 0 1 0 0 0.8660254 0.5 0 0.5 0.8660254 0 0 1 0 0.5 0.8660254 0 0.8660254 0.5 0 1 0 0 0.8660254 -0.5 0 0.5 -0.8660254 0 0 -1 0 -0.5 -0.8660254 0 -0.8660254 -0.5 0 -1 0 0 -0.8660254 0.5 0 -0.5 0.8660254 0 0 -1 0 0 -1 0</float_array>
          <technique_common>
            <accessor count="26" source="#ID1195" stride="3">
              <param name="X" type="float" />
              <param name="Y" type="float" />
              <param name="Z" type="float" />
            </accessor>
          </technique_common>
        </source>
        <source id="ID1196">
          <float_array id="ID1197" count="52">0 0.5 0 0.5833334 0 0.6666667 0 0.75 0 0.8333333 0 0.9166666 0 0 0 0.0833334 0 0.1666667 0 0.25 0 0.3333333 0 0.4166667 1 0.5 1 0.4166667 1 0.3333333 1 0.25 1 0.1666667 1 0.0833334 1 1 1 0.9166666 1 0.8333333 1 0.75 1 0.6666667 1 0.5833334 1 0 0 1</float_array>
          <technique_common>
            <accessor count="26" source="#ID1197" stride="2">
              <param name="S" type="float" />
              <param name="T" type="float" />
            </accessor>
          </technique_common>
        </source>
        <vertices id="ID1198">
          <input semantic="POSITION" source="#ID1192" />
        </vertices>
        <triangles count="24" material="ID1199">
          <input semantic="VERTEX" source="#ID1198" offset="0" />
          <input semantic="NORMAL" source="#ID1194" offset="1" />
          <input semantic="TEXCOORD" source="#ID1196" offset="2" set="0" />
          <p>1 1 1 12 12 12 0 0 0 1 1 1 23 23 23 12 12 12 1 1 1 2 2 2 23 23 23 23 23 23 2 2 2 22 22 22 22 22 22 2 2 2 3 3 3 21 21 21 3 3 3 4 4 4 20 20 20 4 4 4 5 5 5 19 19 19 5 5 5 25 25 25 24 24 24 6 6 6 7 7 7 17 17 17 7 7 7 8 8 8 16 16 16 8 8 8 9 9 9 15 15 15 9 9 9 10 10 10 14 14 14 10 10 10 11 11 11 13 13 13 11 11 11 0 0 0 12 12 12 13 13 13 0 0 0 13 13 13 14 14 14 11 11 11 14 14 14 15 15 15 10 10 10 15 15 15 16 16 16 9 9 9 16 16 16 17 17 17 8 8 8 17 17 17 24 24 24 7 7 7 18 18 18 19 19 19 25 25 25 19 19 19 20 20 20 5 5 5 20 20 20 21 21 21 4 4 4 21 21 21 22 22 22 3 3 3</p>
        </triangles>
      </mesh>
    </geometry>
    <geometry id="ID1200">
      <mesh>
        <source id="ID1201">
          <float_array id="ID1202" count="78">-0.063 -0.019 0.0145 -0.0615 -0.0185981 0.0145 -0.0604019 -0.0175 0.0145 -0.06 -0.016 0.0145 -0.0604019 -0.0145 0.0145 -0.0615 -0.0134019 0.0145 -0.063 -0.013 0.0145 -0.0645 -0.0134019 0.0145 -0.0655981 -0.0145 0.0145 -0.066 -0.016 0.0145 -0.0655981 -0.0175 0.0145 -0.0645 -0.0185981 0.0145 -0.063 -0.019 -0.0043 -0.0645 -0.0185981 -0.0043 -0.0655981 -0.0175 -0.0043 -0.066 -0.016 -0.0043 -0.0655981 -0.0145 -0.0043 -0.0645 -0.0134019 -0.0043 -0.063 -0.013 -0.0043 -0.0615 -0.0134019 -0.0043 -0.0604019 -0.0145 -0.0043 -0.06 -0.016 -0.0043 -0.0604019 -0.0175 -0.0043 -0.0615 -0.0185981 -0.0043 -0.063 -0.013 -0.0043 -0.063 -0.013 0.0145</float_array>
          <technique_common>
            <accessor count="26" source="#ID1202" stride="3">
              <param name="X" type="float" />
              <param name="Y" type="float" />
              <param name="Z" type="float" />
            </accessor>
          </technique_common>
        </source>
        <source id="ID1203">
          <float_array id="ID1204" count="78">0 1 0 -0.5 0.8660254 0 -0.8660254 0.5 0 -1 0 0 -0.8660254 -0.5 0 -0.5 -0.8660254 0 0 -1 0 0.5 -0.8660254 0 0.8660254 -0.5 0 1 0 0 0.8660254 0.5 0 0.5 0.8660254 0 0 1 0 0.5 0.8660254 0 0.8660254 0.5 0 1 0 0 0.8660254 -0.5 0 0.5 -0.8660254 0 0 -1 0 -0.5 -0.8660254 0 -0.8660254 -0.5 0 -1 0 0 -0.8660254 0.5 0 -0.5 0.8660254 0 0 -1 0 0 -1 0</float_array>
          <technique_common>
            <accessor count="26" source="#ID1204" stride="3">
              <param name="X" type="float" />
              <param name="Y" type="float" />
              <param name="Z" type="float" />
            </accessor>
          </technique_common>
        </source>
        <source id="ID1205">
          <float_array id="ID1206" count="52">0 0.5 0 0.5833334 0 0.6666667 0 0.75 0 0.8333333 0 0.9166666 0 0 0 0.0833334 0 0.1666667 0 0.25 0 0.3333333 0 0.4166667 1 0.5 1 0.4166667 1 0.3333333 1 0.25 1 0.1666667 1 0.0833334 1 1 1 0.9166666 1 0.8333333 1 0.75 1 0.6666667 1 0.5833334 1 0 0 1</float_array>
          <technique_common>
            <accessor count="26" source="#ID1206" stride="2">
              <param name="S" type="float" />
              <param name="T" type="float" />
            </accessor>
          </technique_common>
        </source>
        <vertices id="ID1207">
          <input semantic="POSITION" source="#ID1201" />
        </vertices>
        <triangles count="24" material="ID1208">
          <input semantic="VERTEX" source="#ID1207" offset="0" />
          <input semantic="NORMAL" source="#ID1203" offset="1" />
          <input semantic="TEXCOORD" source="#ID1205" offset="2" set="0" />
          <p>1 1 1 12 12 12 0 0 0 1 1 1 23 23 23 12 12 12 1 1 1 2 2 2 23 23 23 23 23 23 2 2 2 22 22 22 22 22 22 2 2 2 3 3 3 21 21 21 3 3 3 4 4 4 20 20 20 4 4 4 5 5 5 19 19 19 5 5 5 25 25 25 24 24 24 6 6 6 7 7 7 17 17 17 7 7 7 8 8 8 16 16 16 8 8 8 9 9 9 15 15 15 9 9 9 10 10 10 14 14 14 10 10 10 11 11 11 13 13 13 11 11 11 0 0 0 12 12 12 13 13 13 0 0 0 13 13 13 14 14 14 11 11 11 14 14 14 15 15 15 10 10 10 15 15 15 16 16 16 9 9 9 16 16 16 17 17 17 8 8 8 17 17 17 24 24 24 7 7 7 18 18 18 19 19 19 25 25 25 19 19 19 20 20 20 5 5 5 20 20 20 21 21 21 4 4 4 21 21 21 22 22 22 3 3 3</p>
        </triangles>
      </mesh>
    </geometry>
    <geometry id="ID1209">
      <mesh>
        <source id="ID1210">
          <float_array id="ID1211" count="78">-0.0495 0.00275 0.0145 -0.050875 0.0023816 0.0145 -0.0518816 0.001375 0.0145 -0.05225 0 0.0145 -0.0518816 -0.001375 0.0145 -0.050875 -0.0023816 0.0145 -0.0495 -0.00275 0.0145 -0.048125 -0.0023816 0.0145 -0.0471184 -0.001375 0.0145 -0.04675 0 0.0145 -0.0471184 0.001375 0.0145 -0.048125 0.0023816 0.0145 -0.0495 0.00275 0.0112 -0.048125 0.0023816 0.0112 -0.0471184 0.001375 0.0112 -0.04675 0 0.0112 -0.0471184 -0.001375 0.0112 -0.048125 -0.0023816 0.0112 -0.0495 -0.00275 0.0112 -0.050875 -0.0023816 0.0112 -0.0518816 -0.001375 0.0112 -0.05225 0 0.0112 -0.0518816 0.001375 0.0112 -0.050875 0.0023816 0.0112 -0.0495 -0.00275 0.0145 -0.0495 -0.00275 0.0112</float_array>
          <technique_common>
            <accessor count="26" source="#ID1211" stride="3">
              <param name="X" type="float" />
              <param name="Y" type="float" />
              <param name="Z" type="float" />
            </accessor>
          </technique_common>
        </source>
        <source id="ID1212">
          <float_array id="ID1213" count="78">0 -1 0 0.5 -0.8660254 0 0.8660254 -0.5 0 1 0 0 0.8660254 0.5 0 0.5 0.8660254 0 0 1 0 -0.5 0.8660254 0 -0.8660254 0.5 0 -1 0 0 -0.8660254 -0.5 0 -0.5 -0.8660254 0 0 -1 0 -0.5 -0.8660254 0 -0.8660254 -0.5 0 -1 0 0 -0.8660254 0.5 0 -0.5 0.8660254 0 0 1 0 0.5 0.8660254 0 0.8660254 0.5 0 1 0 0 0.8660254 -0.5 0 0.5 -0.8660254 0 0 1 0 0 1 0</float_array>
          <technique_common>
            <accessor count="26" source="#ID1213" stride="3">
              <param name="X" type="float" />
              <param name="Y" type="float" />
              <param name="Z" type="float" />
            </accessor>
          </technique_common>
        </source>
        <source id="ID1214">
          <float_array id="ID1215" count="52">1 0.5 1 0.4166667 1 0.3333333 1 0.25 1 0.1666667 1 0.0833334 1 1 1 0.9166666 1 0.8333333 1 0.75 1 0.6666667 1 0.5833334 0 0.5 0 0.5833334 0 0.6666667 0 0.75 0 0.8333333 0 0.9166666 0 0 0 0.0833334 0 0.1666667 0 0.25 0 0.3333333 0 0.4166667 1 0 0 1</float_array>
          <technique_common>
            <accessor count="26" source="#ID1215" stride="2">
              <param name="S" type="float" />
              <param name="T" type="float" />
            </accessor>
          </technique_common>
        </source>
        <vertices id="ID1216">
          <input semantic="POSITION" source="#ID1210" />
        </vertices>
        <triangles count="24" material="ID1217">
          <input semantic="VERTEX" source="#ID1216" offset="0" />
          <input semantic="NORMAL" source="#ID1212" offset="1" />
          <input semantic="TEXCOORD" source="#ID1214" offset="2" set="0" />
          <p>1 1 1 12 12 12 0 0 0 1 1 1 23 23 23 12 12 12 1 1 1 2 2 2 23 23 23 23 23 23 2 2 2 22 22 22 22 22 22 2 2 2 3 3 3 21 21 21 3 3 3 4 4 4 20 20 20 4 4 4 5 5 5 19 19 19 5 5 5 24 24 24 25 25 25 6 6 6 7 7 7 17 17 17 7 7 7 8 8 8 16 16 16 8 8 8 9 9 9 15 15 15 9 9 9 10 10 10 14 14 14 10 10 10 11 11 11 13 13 13 11 11 11 0 0 0 12 12 12 13 13 13 0 0 0 13 13 13 14 14 14 11 11 11 14 14 14 15 15 15 10 10 10 15 15 15 16 16 16 9 9 9 16 16 16 17 17 17 8 8 8 17 17 17 25 25 25 7 7 7 18 18 18 19 19 19 24 24 24 19 19 19 20 20 20 5 5 5 20 20 20 21 21 21 4 4 4 21 21 21 22 22 22 3 3 3</p>
        </triangles>
      </mesh>
    </geometry>
    <geometry id="ID1218">
      <mesh>
        <source id="ID1219">
          <float_array id="ID1220" count="24">0.0555433 0.0316815 0.0135 0.0538399 0.0313038 0.0135 0.0521101 0.0310761 0.0135 0.0503669 0.031 0.0135 0.0503669 0.031 0.009 0.0521101 0.0310761 0.009 0.0538399 0.0313038 0.009 0.0555433 0.0316815 0.009</float_array>
          <technique_common>
            <accessor count="8" source="#ID1220" stride="3">
              <param name="X" type="float" />
              <param name="Y" type="float" />
              <param name="Z" type="float" />
            </accessor>
          </technique_common>
        </source>
        <source id="ID1221">
          <float_array id="ID1222" count="24">0.258819 -0.9659258 0 0.1736482 -0.9848077 0 0.0871557 -0.9961947 0 0 -1 0 0 -1 0 0.0871557 -0.9961947 0 0.1736482 -0.9848077 0 0.258819 -0.9659258 0</float_array>
          <technique_common>
            <accessor count="8" source="#ID1222" stride="3">
              <param name="X" type="float" />
              <param name="Y" type="float" />
              <param name="Z" type="float" />
            </accessor>
          </technique_common>
        </source>
        <source id="ID1223">
          <float_array id="ID1224" count="16">1 0 1 0.333333 1 0.666667 1 1 0 1 0 0.666667 0 0.333333 0 0</float_array>
          <technique_common>
            <accessor count="8" source="#ID1224" stride="2">
              <param name="S" type="float" />
              <param name="T" type="float" />
            </accessor>
          </technique_common>
        </source>
        <vertices id="ID1225">
          <input semantic="POSITION" source="#ID1219" />
        </vertices>
        <triangles count="6" material="ID1226">
          <input semantic="VERTEX" source="#ID1225" offset="0" />
          <input semantic="NORMAL" source="#ID1221" offset="1" />
          <input semantic="TEXCOORD" source="#ID1223" offset="2" set="0" />
          <p>7 7 7 0 0 0 6 6 6 6 6 6 0 0 0 1 1 1 5 5 5 1 1 1 2 2 2 4 4 4 2 2 2 3 3 3 4 4 4 5 5 5 2 2 2 5 5 5 6 6 6 1 1 1</p>
        </triangles>
      </mesh>
    </geometry>
    <geometry id="ID1227">
      <mesh>
        <source id="ID1228">
          <float_array id="ID1229" count="15">0.0682941 0.035098 0.0135 0.0555433 0.0316815 0.0135 0.0555433 0.0316815 0.009 0.0558 0.0317503 0.009 0.0682941 0.035098 0.0096548</float_array>
          <technique_common>
            <accessor count="5" source="#ID1229" stride="3">
              <param name="X" type="float" />
              <param name="Y" type="float" />
              <param name="Z" type="float" />
            </accessor>
          </technique_common>
        </source>
        <source id="ID1230">
          <float_array id="ID1231" count="15">0.258819 -0.9659258 0 0.258819 -0.9659258 0 0.258819 -0.9659258 0 0.258819 -0.9659258 0 0.258819 -0.9659258 0</float_array>
          <technique_common>
            <accessor count="5" source="#ID1231" stride="3">
              <param name="X" type="float" />
              <param name="Y" type="float" />
              <param name="Z" type="float" />
            </accessor>
          </technique_common>
        </source>
        <source id="ID1232">
          <float_array id="ID1233" count="10">1 1 0 1 0 0 0.0201297 0 1 0.1455087</float_array>
          <technique_common>
            <accessor count="5" source="#ID1233" stride="2">
              <param name="S" type="float" />
              <param name="T" type="float" />
            </accessor>
          </technique_common>
        </source>
        <vertices id="ID1234">
          <input semantic="POSITION" source="#ID1228" />
        </vertices>
        <triangles count="3" material="ID1235">
          <input semantic="VERTEX" source="#ID1234" offset="0" />
          <input semantic="NORMAL" source="#ID1230" offset="1" />
          <input semantic="TEXCOORD" source="#ID1232" offset="2" set="0" />
          <p>4 4 4 0 0 0 3 3 3 3 3 3 0 0 0 1 1 1 2 2 2 3 3 3 1 1 1</p>
        </triangles>
      </mesh>
    </geometry>
    <geometry id="ID1236">
      <mesh>
        <source id="ID1237">
          <float_array id="ID1238" count="54">0.0558 0.0451534 0.009 0.0594364 0.0457294 0.0091906 0.0609987 0.0459351 0.0092725 0.0625697 0.0460587 0.0093548 0.0641451 0.0461 0.0094373 0.069 0.0461 0.0096918 0.0702281 0.0463728 0.0097561 0.0712251 0.0471401 0.0098084 0.0718033 0.0482574 0.0098387 0.0719 0.0486224 0.0098438 0.0719554 0.0488753 0.0098467 0.0719888 0.0491319 0.0098484 0.072 0.0493905 0.009849 0.072 0.0399277 0.009849 0.0715315 0.0378146 0.0098245 0.0702139 0.0360974 0.0097554 0.0682941 0.035098 0.0096548 0.0558 0.0317503 0.009</float_array>
          <technique_common>
            <accessor count="18" source="#ID1238" stride="3">
              <param name="X" type="float" />
              <param name="Y" type="float" />
              <param name="Z" type="float" />
            </accessor>
          </technique_common>
        </source>
        <source id="ID1239">
          <float_array id="ID1240" count="54">0.052336 0 -0.9986295 0.052336 0 -0.9986295 0.052336 0 -0.9986295 0.052336 0 -0.9986295 0.052336 0 -0.9986295 0.052336 0 -0.9986295 0.052336 0 -0.9986295 0.052336 0 -0.9986295 0.052336 0 -0.9986295 0.052336 0 -0.9986295 0.052336 0 -0.9986295 0.052336 0 -0.9986295 0.052336 0 -0.9986295 0.052336 0 -0.9986295 0.052336 0 -0.9986295 0.052336 0 -0.9986295 0.052336 0 -0.9986295 0.052336 0 -0.9986295</float_array>
          <technique_common>
            <accessor count="18" source="#ID1240" stride="3">
              <param name="X" type="float" />
              <param name="Y" type="float" />
              <param name="Z" type="float" />
            </accessor>
          </technique_common>
        </source>
        <source id="ID1241">
          <float_array id="ID1242" count="36">0 0.7598057 0.2244675 0.7924551 0.3209101 0.8041154 0.4178851 0.8111244 0.5151266 0.8134628 0.8148147 0.8134628 0.8906243 0.8289322 0.9521667 0.8724291 0.98786 0.9357675 0.9938271 0.9564568 0.9972479 0.9707898 0.9993107 0.9853404 1 1 1 0.4635651 0.9710826 0.3437771 0.8897492 0.2464356 0.7712404 0.1897807 0 0</float_array>
          <technique_common>
            <accessor count="18" source="#ID1242" stride="2">
              <param name="S" type="float" />
              <param name="T" type="float" />
            </accessor>
          </technique_common>
        </source>
        <vertices id="ID1243">
          <input semantic="POSITION" source="#ID1237" />
        </vertices>
        <triangles count="16" material="ID1244">
          <input semantic="VERTEX" source="#ID1243" offset="0" />
          <input semantic="NORMAL" source="#ID1239" offset="1" />
          <input semantic="TEXCOORD" source="#ID1241" offset="2" set="0" />
          <p>0 0 0 1 1 1 17 17 17 17 17 17 1 1 1 16 16 16 16 16 16 1 1 1 2 2 2 3 3 3 16 16 16 2 2 2 3 3 3 4 4 4 16 16 16 16 16 16 4 4 4 13 13 13 15 15 15 13 13 13 14 14 14 15 15 15 16 16 16 13 13 13 4 4 4 5 5 5 13 13 13 13 13 13 5 5 5 6 6 6 7 7 7 13 13 13 6 6 6 7 7 7 8 8 8 13 13 13 13 13 13 8 8 8 9 9 9 10 10 10 13 13 13 9 9 9 10 10 10 11 11 11 13 13 13 13 13 13 11 11 11 12 12 12</p>
        </triangles>
      </mesh>
    </geometry>
    <geometry id="ID1245">
      <mesh>
        <source id="ID1246">
          <float_array id="ID1247" count="30">0.0022398 0.04445 0.0005 0.0022398 0.04445 0.001 0.00228 0.0446 0.001 0.0022398 0.04475 0.001 0.00213 0.0448598 0.001 0.00198 0.0449 0.001 0.00198 0.0449 0.0005 0.00213 0.0448598 0.0005 0.0022398 0.04475 0.0005 0.00228 0.0446 0.0005</float_array>
          <technique_common>
            <accessor count="10" source="#ID1247" stride="3">
              <param name="X" type="float" />
              <param name="Y" type="float" />
              <param name="Z" type="float" />
            </accessor>
          </technique_common>
        </source>
        <source id="ID1248">
          <float_array id="ID1249" count="30">-0.8660594 0.499941 0 -0.8660594 0.499941 0 -1 -0.0000511 0 -0.8660084 -0.5000295 0 -0.4999852 -0.8660339 0 0 -1 0 0 -1 0 -0.4999852 -0.8660339 0 -0.8660084 -0.5000295 0 -1 -0.0000511 0</float_array>
          <technique_common>
            <accessor count="10" source="#ID1249" stride="3">
              <param name="X" type="float" />
              <param name="Y" type="float" />
              <param name="Z" type="float" />
            </accessor>
          </technique_common>
        </source>
        <source id="ID1250">
          <float_array id="ID1251" count="20">0 1 1 1 1 0.75 1 0.5 1 0.25 1 0 0 0 0 0.25 0 0.5 0 0.75</float_array>
          <technique_common>
            <accessor count="10" source="#ID1251" stride="2">
              <param name="S" type="float" />
              <param name="T" type="float" />
            </accessor>
          </technique_common>
        </source>
        <vertices id="ID1252">
          <input semantic="POSITION" source="#ID1246" />
        </vertices>
        <triangles count="8" material="ID1253">
          <input semantic="VERTEX" source="#ID1252" offset="0" />
          <input semantic="NORMAL" source="#ID1248" offset="1" />
          <input semantic="TEXCOORD" source="#ID1250" offset="2" set="0" />
          <p>1 1 1 2 2 2 0 0 0 0 0 0 2 2 2 9 9 9 9 9 9 2 2 2 3 3 3 8 8 8 3 3 3 4 4 4 7 7 7 4 4 4 5 5 5 6 6 6 7 7 7 5 5 5 7 7 7 8 8 8 4 4 4 8 8 8 9 9 9 3 3 3</p>
        </triangles>
      </mesh>
    </geometry>
    <geometry id="ID1254">
      <mesh>
        <source id="ID1255">
          <float_array id="ID1256" count="12">0.0002598 0.04102 0.0005 0.0002598 0.04102 0.001 0.0022398 0.04445 0.001 0.0022398 0.04445 0.0005</float_array>
          <technique_common>
            <accessor count="4" source="#ID1256" stride="3">
              <param name="X" type="float" />
              <param name="Y" type="float" />
              <param name="Z" type="float" />
            </accessor>
          </technique_common>
        </source>
        <source id="ID1257">
          <float_array id="ID1258" count="12">-0.8660594 0.499941 0 -0.8660594 0.499941 0 -0.8660594 0.499941 0 -0.8660594 0.499941 0</float_array>
          <technique_common>
            <accessor count="4" source="#ID1258" stride="3">
              <param name="X" type="float" />
              <param name="Y" type="float" />
              <param name="Z" type="float" />
            </accessor>
          </technique_common>
        </source>
        <source id="ID1259">
          <float_array id="ID1260" count="8">0 0 0 1 1 1 1 0</float_array>
          <technique_common>
            <accessor count="4" source="#ID1260" stride="2">
              <param name="S" type="float" />
              <param name="T" type="float" />
            </accessor>
          </technique_common>
        </source>
        <vertices id="ID1261">
          <input semantic="POSITION" source="#ID1255" />
        </vertices>
        <triangles count="2" material="ID1262">
          <input semantic="VERTEX" source="#ID1261" offset="0" />
          <input semantic="NORMAL" source="#ID1257" offset="1" />
          <input semantic="TEXCOORD" source="#ID1259" offset="2" set="0" />
          <p>1 1 1 2 2 2 0 0 0 0 0 0 2 2 2 3 3 3</p>
        </triangles>
      </mesh>
    </geometry>
    <geometry id="ID1263">
      <mesh>
        <source id="ID1264">
          <float_array id="ID1265" count="60">-0.0002598 0.04102 0.0005 -0.0002598 0.04102 0.001 -0.0002121 0.0409579 0.001 -0.00015 0.0409102 0.001 -0.0000777 0.0408802 0.001 0 0.04087 0.001 0.0000777 0.0408802 0.001 0.00015 0.0409102 0.001 0.0002121 0.0409579 0.001 0.0002598 0.04102 0.001 0.0002598 0.04102 0.0005 0.0002121 0.0409579 0.0005 0.00015 0.0409102 0.0005 0.0000777 0.0408802 0.0005 0 0.04087 0.0005 -0.0000777 0.0408802 0.0005 -0.00015 0.0409102 0.0005 -0.0002121 0.0409579 0.0005 0 0.04087 0.001 0 0.04087 0.0005</float_array>
          <technique_common>
            <accessor count="20" source="#ID1265" stride="3">
              <param name="X" type="float" />
              <param name="Y" type="float" />
              <param name="Z" type="float" />
            </accessor>
          </technique_common>
        </source>
        <source id="ID1266">
          <float_array id="ID1267" count="60">0.8660594 0.499941 0 0.8660594 0.499941 0 0.7071429 0.7070706 0 0.5000295 0.8660084 0 0.2588355 0.9659214 0 0 1 0 -0.2588355 0.9659214 0 -0.5000295 0.8660084 0 -0.7071429 0.7070706 0 -0.8660594 0.499941 0 -0.8660594 0.499941 0 -0.7071429 0.7070706 0 -0.5000295 0.8660084 0 -0.2588355 0.9659214 0 0 1 0 0.2588355 0.9659214 0 0.5000295 0.8660084 0 0.7071429 0.7070706 0 0 1 0 0 1 0</float_array>
          <technique_common>
            <accessor count="20" source="#ID1267" stride="3">
              <param name="X" type="float" />
              <param name="Y" type="float" />
              <param name="Z" type="float" />
            </accessor>
          </technique_common>
        </source>
        <source id="ID1268">
          <float_array id="ID1269" count="40">0 0.1666775 1 0.1666775 1 0.1250081 1 0.0833388 1 0.0416694 1 1 1 0.9583306 1 0.9166612 1 0.8749918 1 0.8333225 0 0.8333225 0 0.8749918 0 0.9166612 0 0.9583306 0 0 0 0.0416694 0 0.0833388 0 0.1250081 1 0 0 1</float_array>
          <technique_common>
            <accessor count="20" source="#ID1269" stride="2">
              <param name="S" type="float" />
              <param name="T" type="float" />
            </accessor>
          </technique_common>
        </source>
        <vertices id="ID1270">
          <input semantic="POSITION" source="#ID1264" />
        </vertices>
        <triangles count="16" material="ID1271">
          <input semantic="VERTEX" source="#ID1270" offset="0" />
          <input semantic="NORMAL" source="#ID1266" offset="1" />
          <input semantic="TEXCOORD" source="#ID1268" offset="2" set="0" />
          <p>0 0 0 1 1 1 17 17 17 17 17 17 1 1 1 2 2 2 3 3 3 17 17 17 2 2 2 3 3 3 16 16 16 17 17 17 3 3 3 4 4 4 16 16 16 16 16 16 4 4 4 15 15 15 15 15 15 4 4 4 14 14 14 14 14 14 4 4 4 18 18 18 13 13 13 5 5 5 6 6 6 7 7 7 13 13 13 6 6 6 7 7 7 12 12 12 13 13 13 7 7 7 8 8 8 12 12 12 12 12 12 8 8 8 11 11 11 11 11 11 8 8 8 10 10 10 10 10 10 8 8 8 9 9 9 13 13 13 19 19 19 5 5 5</p>
        </triangles>
      </mesh>
    </geometry>
    <geometry id="ID1272">
      <mesh>
        <source id="ID1273">
          <float_array id="ID1274" count="12">-0.0022398 0.04445 0.0005 -0.0022398 0.04445 0.001 -0.0002598 0.04102 0.001 -0.0002598 0.04102 0.0005</float_array>
          <technique_common>
            <accessor count="4" source="#ID1274" stride="3">
              <param name="X" type="float" />
              <param name="Y" type="float" />
              <param name="Z" type="float" />
            </accessor>
          </technique_common>
        </source>
        <source id="ID1275">
          <float_array id="ID1276" count="12">0.8660594 0.499941 0 0.8660594 0.499941 0 0.8660594 0.499941 0 0.8660594 0.499941 0</float_array>
          <technique_common>
            <accessor count="4" source="#ID1276" stride="3">
              <param name="X" type="float" />
              <param name="Y" type="float" />
              <param name="Z" type="float" />
            </accessor>
          </technique_common>
        </source>
        <source id="ID1277">
          <float_array id="ID1278" count="8">0 0 0 1 1 1 1 0</float_array>
          <technique_common>
            <accessor count="4" source="#ID1278" stride="2">
              <param name="S" type="float" />
              <param name="T" type="float" />
            </accessor>
          </technique_common>
        </source>
        <vertices id="ID1279">
          <input semantic="POSITION" source="#ID1273" />
        </vertices>
        <triangles count="2" material="ID1280">
          <input semantic="VERTEX" source="#ID1279" offset="0" />
          <input semantic="NORMAL" source="#ID1275" offset="1" />
          <input semantic="TEXCOORD" source="#ID1277" offset="2" set="0" />
          <p>1 1 1 2 2 2 0 0 0 0 0 0 2 2 2 3 3 3</p>
        </triangles>
      </mesh>
    </geometry>
    <geometry id="ID1281">
      <mesh>
        <source id="ID1282">
          <float_array id="ID1283" count="30">-0.00198 0.0449 0.0005 -0.00198 0.0449 0.001 -0.00213 0.0448598 0.001 -0.0022398 0.04475 0.001 -0.00228 0.0446 0.001 -0.0022398 0.04445 0.001 -0.0022398 0.04445 0.0005 -0.00228 0.0446 0.0005 -0.0022398 0.04475 0.0005 -0.00213 0.0448598 0.0005</float_array>
          <technique_common>
            <accessor count="10" source="#ID1283" stride="3">
              <param name="X" type="float" />
              <param name="Y" type="float" />
              <param name="Z" type="float" />
            </accessor>
          </technique_common>
        </source>
        <source id="ID1284">
          <float_array id="ID1285" count="30">0 -1 0 0 -1 0 0.4999852 -0.8660339 0 0.8660084 -0.5000295 0 1 -0.0000511 0 0.8660594 0.499941 0 0.8660594 0.499941 0 1 -0.0000511 0 0.8660084 -0.5000295 0 0.4999852 -0.8660339 0</float_array>
          <technique_common>
            <accessor count="10" source="#ID1285" stride="3">
              <param name="X" type="float" />
              <param name="Y" type="float" />
              <param name="Z" type="float" />
            </accessor>
          </technique_common>
        </source>
        <source id="ID1286">
          <float_array id="ID1287" count="20">0 1 1 1 1 0.75 1 0.5 1 0.25 1 0 0 0 0 0.25 0 0.5 0 0.75</float_array>
          <technique_common>
            <accessor count="10" source="#ID1287" stride="2">
              <param name="S" type="float" />
              <param name="T" type="float" />
            </accessor>
          </technique_common>
        </source>
        <vertices id="ID1288">
          <input semantic="POSITION" source="#ID1282" />
        </vertices>
        <triangles count="8" material="ID1289">
          <input semantic="VERTEX" source="#ID1288" offset="0" />
          <input semantic="NORMAL" source="#ID1284" offset="1" />
          <input semantic="TEXCOORD" source="#ID1286" offset="2" set="0" />
          <p>1 1 1 2 2 2 0 0 0 0 0 0 2 2 2 9 9 9 9 9 9 2 2 2 3 3 3 8 8 8 3 3 3 4 4 4 7 7 7 4 4 4 5 5 5 6 6 6 7 7 7 5 5 5 7 7 7 8 8 8 4 4 4 8 8 8 9 9 9 3 3 3</p>
        </triangles>
      </mesh>
    </geometry>
    <geometry id="ID1290">
      <mesh>
        <source id="ID1291">
          <float_array id="ID1292" count="12">0.00198 0.0449 0.0005 0.00198 0.0449 0.001 -0.00198 0.0449 0.001 -0.00198 0.0449 0.0005</float_array>
          <technique_common>
            <accessor count="4" source="#ID1292" stride="3">
              <param name="X" type="float" />
              <param name="Y" type="float" />
              <param name="Z" type="float" />
            </accessor>
          </technique_common>
        </source>
        <source id="ID1293">
          <float_array id="ID1294" count="12">0 -1 0 0 -1 0 0 -1 0 0 -1 0</float_array>
          <technique_common>
            <accessor count="4" source="#ID1294" stride="3">
              <param name="X" type="float" />
              <param name="Y" type="float" />
              <param name="Z" type="float" />
            </accessor>
          </technique_common>
        </source>
        <source id="ID1295">
          <float_array id="ID1296" count="8">0 1 1 1 1 0 0 0</float_array>
          <technique_common>
            <accessor count="4" source="#ID1296" stride="2">
              <param name="S" type="float" />
              <param name="T" type="float" />
            </accessor>
          </technique_common>
        </source>
        <vertices id="ID1297">
          <input semantic="POSITION" source="#ID1291" />
        </vertices>
        <triangles count="2" material="ID1298">
          <input semantic="VERTEX" source="#ID1297" offset="0" />
          <input semantic="NORMAL" source="#ID1293" offset="1" />
          <input semantic="TEXCOORD" source="#ID1295" offset="2" set="0" />
          <p>0 0 0 1 1 1 3 3 3 3 3 3 1 1 1 2 2 2</p>
        </triangles>
      </mesh>
    </geometry>
    <geometry id="ID1299">
      <mesh>
        <source id="ID1300">
          <float_array id="ID1301" count="30">0.0432398 0.04805 0.0005 0.0432398 0.04805 0.001 0.04328 0.0482 0.001 0.0432398 0.04835 0.001 0.04313 0.0484598 0.001 0.04298 0.0485 0.001 0.04298 0.0485 0.0005 0.04313 0.0484598 0.0005 0.0432398 0.04835 0.0005 0.04328 0.0482 0.0005</float_array>
          <technique_common>
            <accessor count="10" source="#ID1301" stride="3">
              <param name="X" type="float" />
              <param name="Y" type="float" />
              <param name="Z" type="float" />
            </accessor>
          </technique_common>
        </source>
        <source id="ID1302">
          <float_array id="ID1303" count="30">-0.8660594 0.499941 0 -0.8660594 0.499941 0 -1 -0.0000511 0 -0.8660084 -0.5000295 0 -0.4999852 -0.8660339 0 0 -1 0 0 -1 0 -0.4999852 -0.8660339 0 -0.8660084 -0.5000295 0 -1 -0.0000511 0</float_array>
          <technique_common>
            <accessor count="10" source="#ID1303" stride="3">
              <param name="X" type="float" />
              <param name="Y" type="float" />
              <param name="Z" type="float" />
            </accessor>
          </technique_common>
        </source>
        <source id="ID1304">
          <float_array id="ID1305" count="20">0 1 1 1 1 0.75 1 0.5 1 0.25 1 0 0 0 0 0.25 0 0.5 0 0.75</float_array>
          <technique_common>
            <accessor count="10" source="#ID1305" stride="2">
              <param name="S" type="float" />
              <param name="T" type="float" />
            </accessor>
          </technique_common>
        </source>
        <vertices id="ID1306">
          <input semantic="POSITION" source="#ID1300" />
        </vertices>
        <triangles count="8" material="ID1307">
          <input semantic="VERTEX" source="#ID1306" offset="0" />
          <input semantic="NORMAL" source="#ID1302" offset="1" />
          <input semantic="TEXCOORD" source="#ID1304" offset="2" set="0" />
          <p>1 1 1 2 2 2 0 0 0 0 0 0 2 2 2 9 9 9 9 9 9 2 2 2 3 3 3 8 8 8 3 3 3 4 4 4 7 7 7 4 4 4 5 5 5 6 6 6 7 7 7 5 5 5 7 7 7 8 8 8 4 4 4 8 8 8 9 9 9 3 3 3</p>
        </triangles>
      </mesh>
    </geometry>
    <geometry id="ID1308">
      <mesh>
        <source id="ID1309">
          <float_array id="ID1310" count="12">0.0412598 0.04462 0.0005 0.0412598 0.04462 0.001 0.0432398 0.04805 0.001 0.0432398 0.04805 0.0005</float_array>
          <technique_common>
            <accessor count="4" source="#ID1310" stride="3">
              <param name="X" type="float" />
              <param name="Y" type="float" />
              <param name="Z" type="float" />
            </accessor>
          </technique_common>
        </source>
        <source id="ID1311">
          <float_array id="ID1312" count="12">-0.8660594 0.499941 0 -0.8660594 0.499941 0 -0.8660594 0.499941 0 -0.8660594 0.499941 0</float_array>
          <technique_common>
            <accessor count="4" source="#ID1312" stride="3">
              <param name="X" type="float" />
              <param name="Y" type="float" />
              <param name="Z" type="float" />
            </accessor>
          </technique_common>
        </source>
        <source id="ID1313">
          <float_array id="ID1314" count="8">0 0 0 1 1 1 1 0</float_array>
          <technique_common>
            <accessor count="4" source="#ID1314" stride="2">
              <param name="S" type="float" />
              <param name="T" type="float" />
            </accessor>
          </technique_common>
        </source>
        <vertices id="ID1315">
          <input semantic="POSITION" source="#ID1309" />
        </vertices>
        <triangles count="2" material="ID1316">
          <input semantic="VERTEX" source="#ID1315" offset="0" />
          <input semantic="NORMAL" source="#ID1311" offset="1" />
          <input semantic="TEXCOORD" source="#ID1313" offset="2" set="0" />
          <p>1 1 1 2 2 2 0 0 0 0 0 0 2 2 2 3 3 3</p>
        </triangles>
      </mesh>
    </geometry>
    <geometry id="ID1317">
      <mesh>
        <source id="ID1318">
          <float_array id="ID1319" count="60">0.0407402 0.04462 0.0005 0.0407402 0.04462 0.001 0.0407879 0.0445579 0.001 0.04085 0.0445102 0.001 0.0409223 0.0444802 0.001 0.041 0.04447 0.001 0.0410777 0.0444802 0.001 0.04115 0.0445102 0.001 0.0412121 0.0445579 0.001 0.0412598 0.04462 0.001 0.0412598 0.04462 0.0005 0.0412121 0.0445579 0.0005 0.04115 0.0445102 0.0005 0.0410777 0.0444802 0.0005 0.041 0.04447 0.0005 0.0409223 0.0444802 0.0005 0.04085 0.0445102 0.0005 0.0407879 0.0445579 0.0005 0.041 0.04447 0.001 0.041 0.04447 0.0005</float_array>
          <technique_common>
            <accessor count="20" source="#ID1319" stride="3">
              <param name="X" type="float" />
              <param name="Y" type="float" />
              <param name="Z" type="float" />
            </accessor>
          </technique_common>
        </source>
        <source id="ID1320">
          <float_array id="ID1321" count="60">0.8660594 0.499941 0 0.8660594 0.499941 0 0.7071429 0.7070706 0 0.5000295 0.8660084 0 0.2588355 0.9659214 0 0 1 0 -0.2588355 0.9659214 0 -0.5000295 0.8660084 0 -0.7071429 0.7070706 0 -0.8660594 0.499941 0 -0.8660594 0.499941 0 -0.7071429 0.7070706 0 -0.5000295 0.8660084 0 -0.2588355 0.9659214 0 0 1 0 0.2588355 0.9659214 0 0.5000295 0.8660084 0 0.7071429 0.7070706 0 0 1 0 0 1 0</float_array>
          <technique_common>
            <accessor count="20" source="#ID1321" stride="3">
              <param name="X" type="float" />
              <param name="Y" type="float" />
              <param name="Z" type="float" />
            </accessor>
          </technique_common>
        </source>
        <source id="ID1322">
          <float_array id="ID1323" count="40">0 0.1666775 1 0.1666775 1 0.1250081 1 0.0833388 1 0.0416694 1 1 1 0.9583306 1 0.9166612 1 0.8749918 1 0.8333225 0 0.8333225 0 0.8749918 0 0.9166612 0 0.9583306 0 0 0 0.0416694 0 0.0833388 0 0.1250081 1 0 0 1</float_array>
          <technique_common>
            <accessor count="20" source="#ID1323" stride="2">
              <param name="S" type="float" />
              <param name="T" type="float" />
            </accessor>
          </technique_common>
        </source>
        <vertices id="ID1324">
          <input semantic="POSITION" source="#ID1318" />
        </vertices>
        <triangles count="16" material="ID1325">
          <input semantic="VERTEX" source="#ID1324" offset="0" />
          <input semantic="NORMAL" source="#ID1320" offset="1" />
          <input semantic="TEXCOORD" source="#ID1322" offset="2" set="0" />
          <p>0 0 0 1 1 1 17 17 17 17 17 17 1 1 1 2 2 2 3 3 3 17 17 17 2 2 2 3 3 3 16 16 16 17 17 17 3 3 3 4 4 4 16 16 16 16 16 16 4 4 4 15 15 15 15 15 15 4 4 4 14 14 14 14 14 14 4 4 4 18 18 18 13 13 13 5 5 5 6 6 6 7 7 7 13 13 13 6 6 6 7 7 7 12 12 12 13 13 13 7 7 7 8 8 8 12 12 12 12 12 12 8 8 8 11 11 11 11 11 11 8 8 8 10 10 10 10 10 10 8 8 8 9 9 9 13 13 13 19 19 19 5 5 5</p>
        </triangles>
      </mesh>
    </geometry>
    <geometry id="ID1326">
      <mesh>
        <source id="ID1327">
          <float_array id="ID1328" count="12">0.0387602 0.04805 0.0005 0.0387602 0.04805 0.001 0.0407402 0.04462 0.001 0.0407402 0.04462 0.0005</float_array>
          <technique_common>
            <accessor count="4" source="#ID1328" stride="3">
              <param name="X" type="float" />
              <param name="Y" type="float" />
              <param name="Z" type="float" />
            </accessor>
          </technique_common>
        </source>
        <source id="ID1329">
          <float_array id="ID1330" count="12">0.8660594 0.499941 0 0.8660594 0.499941 0 0.8660594 0.499941 0 0.8660594 0.499941 0</float_array>
          <technique_common>
            <accessor count="4" source="#ID1330" stride="3">
              <param name="X" type="float" />
              <param name="Y" type="float" />
              <param name="Z" type="float" />
            </accessor>
          </technique_common>
        </source>
        <source id="ID1331">
          <float_array id="ID1332" count="8">0 0 0 1 1 1 1 0</float_array>
          <technique_common>
            <accessor count="4" source="#ID1332" stride="2">
              <param name="S" type="float" />
              <param name="T" type="float" />
            </accessor>
          </technique_common>
        </source>
        <vertices id="ID1333">
          <input semantic="POSITION" source="#ID1327" />
        </vertices>
        <triangles count="2" material="ID1334">
          <input semantic="VERTEX" source="#ID1333" offset="0" />
          <input semantic="NORMAL" source="#ID1329" offset="1" />
          <input semantic="TEXCOORD" source="#ID1331" offset="2" set="0" />
          <p>1 1 1 2 2 2 0 0 0 0 0 0 2 2 2 3 3 3</p>
        </triangles>
      </mesh>
    </geometry>
    <geometry id="ID1335">
      <mesh>
        <source id="ID1336">
          <float_array id="ID1337" count="30">0.03902 0.0485 0.0005 0.03902 0.0485 0.001 0.03887 0.0484598 0.001 0.0387602 0.04835 0.001 0.03872 0.0482 0.001 0.0387602 0.04805 0.001 0.0387602 0.04805 0.0005 0.03872 0.0482 0.0005 0.0387602 0.04835 0.0005 0.03887 0.0484598 0.0005</float_array>
          <technique_common>
            <accessor count="10" source="#ID1337" stride="3">
              <param name="X" type="float" />
              <param name="Y" type="float" />
              <param name="Z" type="float" />
            </accessor>
          </technique_common>
        </source>
        <source id="ID1338">
          <float_array id="ID1339" count="30">0 -1 0 0 -1 0 0.4999852 -0.8660339 0 0.8660084 -0.5000295 0 1 -0.0000511 0 0.8660594 0.499941 0 0.8660594 0.499941 0 1 -0.0000511 0 0.8660084 -0.5000295 0 0.4999852 -0.8660339 0</float_array>
          <technique_common>
            <accessor count="10" source="#ID1339" stride="3">
              <param name="X" type="float" />
              <param name="Y" type="float" />
              <param name="Z" type="float" />
            </accessor>
          </technique_common>
        </source>
        <source id="ID1340">
          <float_array id="ID1341" count="20">0 1 1 1 1 0.75 1 0.5 1 0.25 1 0 0 0 0 0.25 0 0.5 0 0.75</float_array>
          <technique_common>
            <accessor count="10" source="#ID1341" stride="2">
              <param name="S" type="float" />
              <param name="T" type="float" />
            </accessor>
          </technique_common>
        </source>
        <vertices id="ID1342">
          <input semantic="POSITION" source="#ID1336" />
        </vertices>
        <triangles count="8" material="ID1343">
          <input semantic="VERTEX" source="#ID1342" offset="0" />
          <input semantic="NORMAL" source="#ID1338" offset="1" />
          <input semantic="TEXCOORD" source="#ID1340" offset="2" set="0" />
          <p>1 1 1 2 2 2 0 0 0 0 0 0 2 2 2 9 9 9 9 9 9 2 2 2 3 3 3 8 8 8 3 3 3 4 4 4 7 7 7 4 4 4 5 5 5 6 6 6 7 7 7 5 5 5 7 7 7 8 8 8 4 4 4 8 8 8 9 9 9 3 3 3</p>
        </triangles>
      </mesh>
    </geometry>
    <geometry id="ID1344">
      <mesh>
        <source id="ID1345">
          <float_array id="ID1346" count="12">0.04298 0.0485 0.0005 0.04298 0.0485 0.001 0.03902 0.0485 0.001 0.03902 0.0485 0.0005</float_array>
          <technique_common>
            <accessor count="4" source="#ID1346" stride="3">
              <param name="X" type="float" />
              <param name="Y" type="float" />
              <param name="Z" type="float" />
            </accessor>
          </technique_common>
        </source>
        <source id="ID1347">
          <float_array id="ID1348" count="12">0 -1 0 0 -1 0 0 -1 0 0 -1 0</float_array>
          <technique_common>
            <accessor count="4" source="#ID1348" stride="3">
              <param name="X" type="float" />
              <param name="Y" type="float" />
              <param name="Z" type="float" />
            </accessor>
          </technique_common>
        </source>
        <source id="ID1349">
          <float_array id="ID1350" count="8">0 1 1 1 1 0 0 0</float_array>
          <technique_common>
            <accessor count="4" source="#ID1350" stride="2">
              <param name="S" type="float" />
              <param name="T" type="float" />
            </accessor>
          </technique_common>
        </source>
        <vertices id="ID1351">
          <input semantic="POSITION" source="#ID1345" />
        </vertices>
        <triangles count="2" material="ID1352">
          <input semantic="VERTEX" source="#ID1351" offset="0" />
          <input semantic="NORMAL" source="#ID1347" offset="1" />
          <input semantic="TEXCOORD" source="#ID1349" offset="2" set="0" />
          <p>0 0 0 1 1 1 3 3 3 3 3 3 1 1 1 2 2 2</p>
        </triangles>
      </mesh>
    </geometry>
    <geometry id="ID1353">
      <mesh>
        <source id="ID1354">
          <float_array id="ID1355" count="24">-0.004 0.0399 0.0005 -0.0013353 0.0400778 0.0005 0.0013353 0.0400778 0.0005 0.004 0.0399 0.0005 0.004 0.0399 0.009 0.0013353 0.0400778 0.009 -0.0013353 0.0400778 0.009 -0.004 0.0399 0.009</float_array>
          <technique_common>
            <accessor count="8" source="#ID1355" stride="3">
              <param name="X" type="float" />
              <param name="Y" type="float" />
              <param name="Z" type="float" />
            </accessor>
          </technique_common>
        </source>
        <source id="ID1356">
          <float_array id="ID1357" count="24">0.0997506 -0.9950125 0 0.0332994 -0.9994454 0 -0.0332994 -0.9994454 0 -0.0997506 -0.9950125 0 -0.0997506 -0.9950125 0 -0.0332994 -0.9994454 0 0.0332994 -0.9994454 0 0.0997506 -0.9950125 0</float_array>
          <technique_common>
            <accessor count="8" source="#ID1357" stride="3">
              <param name="X" type="float" />
              <param name="Y" type="float" />
              <param name="Z" type="float" />
            </accessor>
          </technique_common>
        </source>
        <source id="ID1358">
          <float_array id="ID1359" count="16">0 0 0 0.3333334 0 0.6666666 0 1 1 1 1 0.6666666 1 0.3333334 1 0</float_array>
          <technique_common>
            <accessor count="8" source="#ID1359" stride="2">
              <param name="S" type="float" />
              <param name="T" type="float" />
            </accessor>
          </technique_common>
        </source>
        <vertices id="ID1360">
          <input semantic="POSITION" source="#ID1354" />
        </vertices>
        <triangles count="6" material="ID1361">
          <input semantic="VERTEX" source="#ID1360" offset="0" />
          <input semantic="NORMAL" source="#ID1356" offset="1" />
          <input semantic="TEXCOORD" source="#ID1358" offset="2" set="0" />
          <p>7 7 7 0 0 0 6 6 6 6 6 6 0 0 0 1 1 1 5 5 5 1 1 1 2 2 2 4 4 4 2 2 2 3 3 3 4 4 4 5 5 5 2 2 2 5 5 5 6 6 6 1 1 1</p>
        </triangles>
      </mesh>
    </geometry>
    <geometry id="ID1362">
      <mesh>
        <source id="ID1363">
          <float_array id="ID1364" count="12">0.004 0.0399 0.0005 0.0102779 0.0399 0.0005 0.0102779 0.0399 0.009 0.004 0.0399 0.009</float_array>
          <technique_common>
            <accessor count="4" source="#ID1364" stride="3">
              <param name="X" type="float" />
              <param name="Y" type="float" />
              <param name="Z" type="float" />
            </accessor>
          </technique_common>
        </source>
        <source id="ID1365">
          <float_array id="ID1366" count="12">0 -1 0 0 -1 0 0 -1 0 0 -1 0</float_array>
          <technique_common>
            <accessor count="4" source="#ID1366" stride="3">
              <param name="X" type="float" />
              <param name="Y" type="float" />
              <param name="Z" type="float" />
            </accessor>
          </technique_common>
        </source>
        <source id="ID1367">
          <float_array id="ID1368" count="8">1 1 0 1 0 0 1 0</float_array>
          <technique_common>
            <accessor count="4" source="#ID1368" stride="2">
              <param name="S" type="float" />
              <param name="T" type="float" />
            </accessor>
          </technique_common>
        </source>
        <vertices id="ID1369">
          <input semantic="POSITION" source="#ID1363" />
        </vertices>
        <triangles count="2" material="ID1370">
          <input semantic="VERTEX" source="#ID1369" offset="0" />
          <input semantic="NORMAL" source="#ID1365" offset="1" />
          <input semantic="TEXCOORD" source="#ID1367" offset="2" set="0" />
          <p>0 0 0 1 1 1 3 3 3 3 3 3 1 1 1 2 2 2</p>
        </triangles>
      </mesh>
    </geometry>
    <geometry id="ID1371">
      <mesh>
        <source id="ID1372">
          <float_array id="ID1373" count="24">0.0102779 0.0399 0.0005 0.0118428 0.039941 0.0005 0.0134034 0.0400638 0.0005 0.0149553 0.0402681 0.0005 0.0149553 0.0402681 0.009 0.0134034 0.0400638 0.009 0.0118428 0.039941 0.009 0.0102779 0.0399 0.009</float_array>
          <technique_common>
            <accessor count="8" source="#ID1373" stride="3">
              <param name="X" type="float" />
              <param name="Y" type="float" />
              <param name="Z" type="float" />
            </accessor>
          </technique_common>
        </source>
        <source id="ID1374">
          <float_array id="ID1375" count="24">0 -1 0 0.052336 -0.9986295 0 0.1045285 -0.9945219 0 0.1564345 -0.9876884 0 0.1564345 -0.9876884 0 0.1045285 -0.9945219 0 0.052336 -0.9986295 0 0 -1 0</float_array>
          <technique_common>
            <accessor count="8" source="#ID1375" stride="3">
              <param name="X" type="float" />
              <param name="Y" type="float" />
              <param name="Z" type="float" />
            </accessor>
          </technique_common>
        </source>
        <source id="ID1376">
          <float_array id="ID1377" count="16">0 1 0 0.6666667 0 0.3333333 0 0 1 0 1 0.3333333 1 0.6666667 1 1</float_array>
          <technique_common>
            <accessor count="8" source="#ID1377" stride="2">
              <param name="S" type="float" />
              <param name="T" type="float" />
            </accessor>
          </technique_common>
        </source>
        <vertices id="ID1378">
          <input semantic="POSITION" source="#ID1372" />
        </vertices>
        <triangles count="6" material="ID1379">
          <input semantic="VERTEX" source="#ID1378" offset="0" />
          <input semantic="NORMAL" source="#ID1374" offset="1" />
          <input semantic="TEXCOORD" source="#ID1376" offset="2" set="0" />
          <p>7 7 7 0 0 0 6 6 6 6 6 6 0 0 0 1 1 1 5 5 5 1 1 1 2 2 2 4 4 4 2 2 2 3 3 3 4 4 4 5 5 5 2 2 2 5 5 5 6 6 6 1 1 1</p>
        </triangles>
      </mesh>
    </geometry>
    <geometry id="ID1380">
      <mesh>
        <source id="ID1381">
          <float_array id="ID1382" count="12">0.0149553 0.0402681 0.0005 0.0344297 0.0433526 0.0005 0.0344297 0.0433526 0.009 0.0149553 0.0402681 0.009</float_array>
          <technique_common>
            <accessor count="4" source="#ID1382" stride="3">
              <param name="X" type="float" />
              <param name="Y" type="float" />
              <param name="Z" type="float" />
            </accessor>
          </technique_common>
        </source>
        <source id="ID1383">
          <float_array id="ID1384" count="12">0.1564345 -0.9876884 0 0.1564345 -0.9876884 0 0.1564345 -0.9876884 0 0.1564345 -0.9876884 0</float_array>
          <technique_common>
            <accessor count="4" source="#ID1384" stride="3">
              <param name="X" type="float" />
              <param name="Y" type="float" />
              <param name="Z" type="float" />
            </accessor>
          </technique_common>
        </source>
        <source id="ID1385">
          <float_array id="ID1386" count="8">1 1 0 1 0 0 1 0</float_array>
          <technique_common>
            <accessor count="4" source="#ID1386" stride="2">
              <param name="S" type="float" />
              <param name="T" type="float" />
            </accessor>
          </technique_common>
        </source>
        <vertices id="ID1387">
          <input semantic="POSITION" source="#ID1381" />
        </vertices>
        <triangles count="2" material="ID1388">
          <input semantic="VERTEX" source="#ID1387" offset="0" />
          <input semantic="NORMAL" source="#ID1383" offset="1" />
          <input semantic="TEXCOORD" source="#ID1385" offset="2" set="0" />
          <p>0 0 0 1 1 1 3 3 3 3 3 3 1 1 1 2 2 2</p>
        </triangles>
      </mesh>
    </geometry>
    <geometry id="ID1389">
      <mesh>
        <source id="ID1390">
          <float_array id="ID1391" count="24">0.0344297 0.0433526 0.0005 0.035473 0.0434899 0.0005 0.0365221 0.0435725 0.0005 0.037574 0.0436 0.0005 0.037574 0.0436 0.009 0.0365221 0.0435725 0.009 0.035473 0.0434899 0.009 0.0344297 0.0433526 0.009</float_array>
          <technique_common>
            <accessor count="8" source="#ID1391" stride="3">
              <param name="X" type="float" />
              <param name="Y" type="float" />
              <param name="Z" type="float" />
            </accessor>
          </technique_common>
        </source>
        <source id="ID1392">
          <float_array id="ID1393" count="24">0.1564345 -0.9876884 0 0.1045285 -0.9945219 0 0.052336 -0.9986295 0 0 -1 0 0 -1 0 0.052336 -0.9986295 0 0.1045285 -0.9945219 0 0.1564345 -0.9876884 0</float_array>
          <technique_common>
            <accessor count="8" source="#ID1393" stride="3">
              <param name="X" type="float" />
              <param name="Y" type="float" />
              <param name="Z" type="float" />
            </accessor>
          </technique_common>
        </source>
        <source id="ID1394">
          <float_array id="ID1395" count="16">0 0 0 0.3333333 0 0.6666667 0 1 1 1 1 0.6666667 1 0.3333333 1 0</float_array>
          <technique_common>
            <accessor count="8" source="#ID1395" stride="2">
              <param name="S" type="float" />
              <param name="T" type="float" />
            </accessor>
          </technique_common>
        </source>
        <vertices id="ID1396">
          <input semantic="POSITION" source="#ID1390" />
        </vertices>
        <triangles count="6" material="ID1397">
          <input semantic="VERTEX" source="#ID1396" offset="0" />
          <input semantic="NORMAL" source="#ID1392" offset="1" />
          <input semantic="TEXCOORD" source="#ID1394" offset="2" set="0" />
          <p>7 7 7 0 0 0 6 6 6 6 6 6 0 0 0 1 1 1 5 5 5 1 1 1 2 2 2 4 4 4 2 2 2 3 3 3 4 4 4 5 5 5 2 2 2 5 5 5 6 6 6 1 1 1</p>
        </triangles>
      </mesh>
    </geometry>
    <geometry id="ID1398">
      <mesh>
        <source id="ID1399">
          <float_array id="ID1400" count="12">0.037574 0.0436 0.0005 0.044426 0.0436 0.0005 0.044426 0.0436 0.009 0.037574 0.0436 0.009</float_array>
          <technique_common>
            <accessor count="4" source="#ID1400" stride="3">
              <param name="X" type="float" />
              <param name="Y" type="float" />
              <param name="Z" type="float" />
            </accessor>
          </technique_common>
        </source>
        <source id="ID1401">
          <float_array id="ID1402" count="12">0 -1 0 0 -1 0 0 -1 0 0 -1 0</float_array>
          <technique_common>
            <accessor count="4" source="#ID1402" stride="3">
              <param name="X" type="float" />
              <param name="Y" type="float" />
              <param name="Z" type="float" />
            </accessor>
          </technique_common>
        </source>
        <source id="ID1403">
          <float_array id="ID1404" count="8">1 1 0 1 0 0 1 0</float_array>
          <technique_common>
            <accessor count="4" source="#ID1404" stride="2">
              <param name="S" type="float" />
              <param name="T" type="float" />
            </accessor>
          </technique_common>
        </source>
        <vertices id="ID1405">
          <input semantic="POSITION" source="#ID1399" />
        </vertices>
        <triangles count="2" material="ID1406">
          <input semantic="VERTEX" source="#ID1405" offset="0" />
          <input semantic="NORMAL" source="#ID1401" offset="1" />
          <input semantic="TEXCOORD" source="#ID1403" offset="2" set="0" />
          <p>0 0 0 1 1 1 3 3 3 3 3 3 1 1 1 2 2 2</p>
        </triangles>
      </mesh>
    </geometry>
    <geometry id="ID1407">
      <mesh>
        <source id="ID1408">
          <float_array id="ID1409" count="24">0.044426 0.0436 0.0005 0.0454675 0.0436273 0.0005 0.0465061 0.043709 0.0005 0.047539 0.043845 0.0005 0.047539 0.043845 0.009 0.0465061 0.043709 0.009 0.0454675 0.0436273 0.009 0.044426 0.0436 0.009</float_array>
          <technique_common>
            <accessor count="8" source="#ID1409" stride="3">
              <param name="X" type="float" />
              <param name="Y" type="float" />
              <param name="Z" type="float" />
            </accessor>
          </technique_common>
        </source>
        <source id="ID1410">
          <float_array id="ID1411" count="24">0 -1 0 0.052336 -0.9986295 0 0.1045285 -0.9945219 0 0.1564345 -0.9876884 0 0.1564345 -0.9876884 0 0.1045285 -0.9945219 0 0.052336 -0.9986295 0 0 -1 0</float_array>
          <technique_common>
            <accessor count="8" source="#ID1411" stride="3">
              <param name="X" type="float" />
              <param name="Y" type="float" />
              <param name="Z" type="float" />
            </accessor>
          </technique_common>
        </source>
        <source id="ID1412">
          <float_array id="ID1413" count="16">0 1 0 0.6666667 0 0.3333333 0 0 1 0 1 0.3333333 1 0.6666667 1 1</float_array>
          <technique_common>
            <accessor count="8" source="#ID1413" stride="2">
              <param name="S" type="float" />
              <param name="T" type="float" />
            </accessor>
          </technique_common>
        </source>
        <vertices id="ID1414">
          <input semantic="POSITION" source="#ID1408" />
        </vertices>
        <triangles count="6" material="ID1415">
          <input semantic="VERTEX" source="#ID1414" offset="0" />
          <input semantic="NORMAL" source="#ID1410" offset="1" />
          <input semantic="TEXCOORD" source="#ID1412" offset="2" set="0" />
          <p>7 7 7 0 0 0 6 6 6 6 6 6 0 0 0 1 1 1 5 5 5 1 1 1 2 2 2 4 4 4 2 2 2 3 3 3 4 4 4 5 5 5 2 2 2 5 5 5 6 6 6 1 1 1</p>
        </triangles>
      </mesh>
    </geometry>
    <geometry id="ID1416">
      <mesh>
        <source id="ID1417">
          <float_array id="ID1418" count="15">0.047539 0.043845 0.0005 0.0594364 0.0457294 0.0005 0.0594364 0.0457294 0.0091906 0.0558 0.0451534 0.009 0.047539 0.043845 0.009</float_array>
          <technique_common>
            <accessor count="5" source="#ID1418" stride="3">
              <param name="X" type="float" />
              <param name="Y" type="float" />
              <param name="Z" type="float" />
            </accessor>
          </technique_common>
        </source>
        <source id="ID1419">
          <float_array id="ID1420" count="15">0.1564345 -0.9876884 0 0.1564345 -0.9876884 0 0.1564345 -0.9876884 0 0.1564345 -0.9876884 0 0.1564345 -0.9876884 0</float_array>
          <technique_common>
            <accessor count="5" source="#ID1420" stride="3">
              <param name="X" type="float" />
              <param name="Y" type="float" />
              <param name="Z" type="float" />
            </accessor>
          </technique_common>
        </source>
        <source id="ID1421">
          <float_array id="ID1422" count="10">1 1 0 1 0 0 0.3056454 0.0219288 1 0.0219288</float_array>
          <technique_common>
            <accessor count="5" source="#ID1422" stride="2">
              <param name="S" type="float" />
              <param name="T" type="float" />
            </accessor>
          </technique_common>
        </source>
        <vertices id="ID1423">
          <input semantic="POSITION" source="#ID1417" />
        </vertices>
        <triangles count="3" material="ID1424">
          <input semantic="VERTEX" source="#ID1423" offset="0" />
          <input semantic="NORMAL" source="#ID1419" offset="1" />
          <input semantic="TEXCOORD" source="#ID1421" offset="2" set="0" />
          <p>4 4 4 0 0 0 3 3 3 3 3 3 0 0 0 1 1 1 2 2 2 3 3 3 1 1 1</p>
        </triangles>
      </mesh>
    </geometry>
    <geometry id="ID1425">
      <mesh>
        <source id="ID1426">
          <float_array id="ID1427" count="24">0.0594364 0.0457294 0.0005 0.0609987 0.0459351 0.0005 0.0625697 0.0460587 0.0005 0.0641451 0.0461 0.0005 0.0641451 0.0461 0.0094373 0.0625697 0.0460587 0.0093548 0.0609987 0.0459351 0.0092725 0.0594364 0.0457294 0.0091906</float_array>
          <technique_common>
            <accessor count="8" source="#ID1427" stride="3">
              <param name="X" type="float" />
              <param name="Y" type="float" />
              <param name="Z" type="float" />
            </accessor>
          </technique_common>
        </source>
        <source id="ID1428">
          <float_array id="ID1429" count="24">0.1564345 -0.9876884 0 0.1045285 -0.9945219 0 0.052336 -0.9986295 0 0 -1 0 0 -1 0 0.052336 -0.9986295 0 0.1045285 -0.9945219 0 0.1564345 -0.9876884 0</float_array>
          <technique_common>
            <accessor count="8" source="#ID1429" stride="3">
              <param name="X" type="float" />
              <param name="Y" type="float" />
              <param name="Z" type="float" />
            </accessor>
          </technique_common>
        </source>
        <source id="ID1430">
          <float_array id="ID1431" count="16">0 0 0 0.3333333 0 0.6666667 0 1 1 1 0.9907625 0.6666667 0.9815503 0.3333333 0.9723886 0</float_array>
          <technique_common>
            <accessor count="8" source="#ID1431" stride="2">
              <param name="S" type="float" />
              <param name="T" type="float" />
            </accessor>
          </technique_common>
        </source>
        <vertices id="ID1432">
          <input semantic="POSITION" source="#ID1426" />
        </vertices>
        <triangles count="6" material="ID1433">
          <input semantic="VERTEX" source="#ID1432" offset="0" />
          <input semantic="NORMAL" source="#ID1428" offset="1" />
          <input semantic="TEXCOORD" source="#ID1430" offset="2" set="0" />
          <p>7 7 7 0 0 0 6 6 6 6 6 6 0 0 0 1 1 1 5 5 5 1 1 1 2 2 2 4 4 4 2 2 2 3 3 3 4 4 4 5 5 5 2 2 2 5 5 5 6 6 6 1 1 1</p>
        </triangles>
      </mesh>
    </geometry>
    <geometry id="ID1434">
      <mesh>
        <source id="ID1435">
          <float_array id="ID1436" count="12">0.0641451 0.0461 0.0005 0.069 0.0461 0.0005 0.069 0.0461 0.0096918 0.0641451 0.0461 0.0094373</float_array>
          <technique_common>
            <accessor count="4" source="#ID1436" stride="3">
              <param name="X" type="float" />
              <param name="Y" type="float" />
              <param name="Z" type="float" />
            </accessor>
          </technique_common>
        </source>
        <source id="ID1437">
          <float_array id="ID1438" count="12">0 -1 0 0 -1 0 0 -1 0 0 -1 0</float_array>
          <technique_common>
            <accessor count="4" source="#ID1438" stride="3">
              <param name="X" type="float" />
              <param name="Y" type="float" />
              <param name="Z" type="float" />
            </accessor>
          </technique_common>
        </source>
        <source id="ID1439">
          <float_array id="ID1440" count="8">1 1 0 1 0 0 1 0.0276809</float_array>
          <technique_common>
            <accessor count="4" source="#ID1440" stride="2">
              <param name="S" type="float" />
              <param name="T" type="float" />
            </accessor>
          </technique_common>
        </source>
        <vertices id="ID1441">
          <input semantic="POSITION" source="#ID1435" />
        </vertices>
        <triangles count="2" material="ID1442">
          <input semantic="VERTEX" source="#ID1441" offset="0" />
          <input semantic="NORMAL" source="#ID1437" offset="1" />
          <input semantic="TEXCOORD" source="#ID1439" offset="2" set="0" />
          <p>0 0 0 1 1 1 3 3 3 3 3 3 1 1 1 2 2 2</p>
        </triangles>
      </mesh>
    </geometry>
    <geometry id="ID1443">
      <mesh>
        <source id="ID1444">
          <float_array id="ID1445" count="24">0.069 0.0461 0.0005 0.0702281 0.0463728 0.0005 0.0712251 0.0471401 0.0005 0.0718033 0.0482574 0.0005 0.0718033 0.0482574 0.0098387 0.0712251 0.0471401 0.0098084 0.0702281 0.0463728 0.0097561 0.069 0.0461 0.0096918</float_array>
          <technique_common>
            <accessor count="8" source="#ID1445" stride="3">
              <param name="X" type="float" />
              <param name="Y" type="float" />
              <param name="Z" type="float" />
            </accessor>
          </technique_common>
        </source>
        <source id="ID1446">
          <float_array id="ID1447" count="24">0 -1 0 0.4234875 -0.905902 0 0.7672763 -0.6413167 0 0.9666666 -0.2560382 0 0.9666666 -0.2560382 0 0.7672763 -0.6413167 0 0.4234875 -0.905902 0 0 -1 0</float_array>
          <technique_common>
            <accessor count="8" source="#ID1447" stride="3">
              <param name="X" type="float" />
              <param name="Y" type="float" />
              <param name="Z" type="float" />
            </accessor>
          </technique_common>
        </source>
        <source id="ID1448">
          <float_array id="ID1449" count="16">0 1 0 0.6666667 0 0.3333333 0 0 1 0 0.9967551 0.3333333 0.9911601 0.6666667 0.9842681 1</float_array>
          <technique_common>
            <accessor count="8" source="#ID1449" stride="2">
              <param name="S" type="float" />
              <param name="T" type="float" />
            </accessor>
          </technique_common>
        </source>
        <vertices id="ID1450">
          <input semantic="POSITION" source="#ID1444" />
        </vertices>
        <triangles count="6" material="ID1451">
          <input semantic="VERTEX" source="#ID1450" offset="0" />
          <input semantic="NORMAL" source="#ID1446" offset="1" />
          <input semantic="TEXCOORD" source="#ID1448" offset="2" set="0" />
          <p>0 0 0 1 1 1 7 7 7 7 7 7 1 1 1 6 6 6 6 6 6 1 1 1 2 2 2 5 5 5 2 2 2 3 3 3 4 4 4 5 5 5 3 3 3 5 5 5 6 6 6 2 2 2</p>
        </triangles>
      </mesh>
    </geometry>
    <geometry id="ID1452">
      <mesh>
        <source id="ID1453">
          <float_array id="ID1454" count="12">0.0719 0.0486224 0.0005 0.0719 0.0486224 0.0098438 0.0718033 0.0482574 0.0098387 0.0718033 0.0482574 0.0005</float_array>
          <technique_common>
            <accessor count="4" source="#ID1454" stride="3">
              <param name="X" type="float" />
              <param name="Y" type="float" />
              <param name="Z" type="float" />
            </accessor>
          </technique_common>
        </source>
        <source id="ID1455">
          <float_array id="ID1456" count="12">0.9666666 -0.2560382 0 0.9666666 -0.2560382 0 0.9666666 -0.2560382 0 0.9666666 -0.2560382 0</float_array>
          <technique_common>
            <accessor count="4" source="#ID1456" stride="3">
              <param name="X" type="float" />
              <param name="Y" type="float" />
              <param name="Z" type="float" />
            </accessor>
          </technique_common>
        </source>
        <source id="ID1457">
          <float_array id="ID1458" count="8">0 1 0 0 1 0.0005422 1 1</float_array>
          <technique_common>
            <accessor count="4" source="#ID1458" stride="2">
              <param name="S" type="float" />
              <param name="T" type="float" />
            </accessor>
          </technique_common>
        </source>
        <vertices id="ID1459">
          <input semantic="POSITION" source="#ID1453" />
        </vertices>
        <triangles count="2" material="ID1460">
          <input semantic="VERTEX" source="#ID1459" offset="0" />
          <input semantic="NORMAL" source="#ID1455" offset="1" />
          <input semantic="TEXCOORD" source="#ID1457" offset="2" set="0" />
          <p>1 1 1 2 2 2 0 0 0 0 0 0 2 2 2 3 3 3</p>
        </triangles>
      </mesh>
    </geometry>
    <geometry id="ID1461">
      <mesh>
        <source id="ID1462">
          <float_array id="ID1463" count="24">0.0719 0.0486224 0.0005 0.0719554 0.0488753 0.0005 0.0719888 0.0491319 0.0005 0.072 0.0493905 0.0005 0.072 0.0493905 0.009849 0.0719888 0.0491319 0.0098484 0.0719554 0.0488753 0.0098467 0.0719 0.0486224 0.0098438</float_array>
          <technique_common>
            <accessor count="8" source="#ID1463" stride="3">
              <param name="X" type="float" />
              <param name="Y" type="float" />
              <param name="Z" type="float" />
            </accessor>
          </technique_common>
        </source>
        <source id="ID1464">
          <float_array id="ID1465" count="24">0.9666666 -0.2560382 0 0.9851391 -0.1717584 0 0.9962779 -0.0862001 0 1 0 0 1 0 0 0.9962779 -0.0862001 0 0.9851391 -0.1717584 0 0.9666666 -0.2560382 0</float_array>
          <technique_common>
            <accessor count="8" source="#ID1465" stride="3">
              <param name="X" type="float" />
              <param name="Y" type="float" />
              <param name="Z" type="float" />
            </accessor>
          </technique_common>
        </source>
        <source id="ID1466">
          <float_array id="ID1467" count="16">1 0 1 0.3333333 1 0.6666667 1 1 0 1 0.0000626 0.6666667 0.0002499 0.3333333 0.0005605 0</float_array>
          <technique_common>
            <accessor count="8" source="#ID1467" stride="2">
              <param name="S" type="float" />
              <param name="T" type="float" />
            </accessor>
          </technique_common>
        </source>
        <vertices id="ID1468">
          <input semantic="POSITION" source="#ID1462" />
        </vertices>
        <triangles count="6" material="ID1469">
          <input semantic="VERTEX" source="#ID1468" offset="0" />
          <input semantic="NORMAL" source="#ID1464" offset="1" />
          <input semantic="TEXCOORD" source="#ID1466" offset="2" set="0" />
          <p>7 7 7 0 0 0 6 6 6 6 6 6 0 0 0 1 1 1 5 5 5 1 1 1 2 2 2 4 4 4 2 2 2 3 3 3 4 4 4 5 5 5 2 2 2 5 5 5 6 6 6 1 1 1</p>
        </triangles>
      </mesh>
    </geometry>
    <geometry id="ID1470">
      <mesh>
        <source id="ID1471">
          <float_array id="ID1472" count="84">-0.0382173 0.0377159 -0.0043 -0.0380387 0.0366963 -0.0042995 -0.0382173 0.0356767 -0.0043 -0.0390699 0.0344327 -0.0043 -0.04042 0.0337608 -0.0043 -0.0410387 0.0336963 -0.0043 -0.0419265 0.0338307 -0.0043 -0.0432086 0.0346247 -0.0043 -0.0439424 0.0359423 -0.0043 -0.0439424 0.0374504 -0.0043 -0.0432086 0.0387679 -0.0043 -0.0419265 0.0395619 -0.0043 -0.04042 0.0396318 -0.0043 -0.0390699 0.0389599 -0.0043 -0.0410387 0.0336963 -0.0013 -0.0395387 0.0340982 -0.0013 -0.0384407 0.0351963 -0.0013 -0.0380387 0.0366963 -0.0013 -0.0384407 0.0381963 -0.0013 -0.0395387 0.0392944 -0.0013 -0.0410387 0.0396963 -0.0013 -0.0425387 0.0392944 -0.0013 -0.0436368 0.0381963 -0.0013 -0.0440387 0.0366963 -0.0013 -0.0436368 0.0351963 -0.0013 -0.0425387 0.0340982 -0.0013 -0.0410387 0.0336963 -0.0013 -0.0410387 0.0336963 -0.0043</float_array>
          <technique_common>
            <accessor count="28" source="#ID1472" stride="3">
              <param name="X" type="float" />
              <param name="Y" type="float" />
              <param name="Z" type="float" />
            </accessor>
          </technique_common>
        </source>
        <source id="ID1473">
          <float_array id="ID1474" count="84">-0.9404723 -0.3398704 0 -1 -0.0000007 0 -0.9404723 0.3398704 0 -0.6562736 0.754523 0 -0.2062308 0.9785033 0 0 1 0 0.2959276 0.9552104 0 0.7233035 0.6905302 0 0.9678965 0.2513492 0 0.9678965 -0.2513492 0 0.7233035 -0.6905302 0 0.2959276 -0.9552104 0 -0.2062308 -0.9785033 0 -0.6562736 -0.754523 0 0 1 0 -0.5 0.8660254 0 -0.8660254 0.5 0 -1 0 0 -0.8660254 -0.5 0 -0.5 -0.8660254 0 0 -1 0 0.5 -0.8660254 0 0.8660254 -0.5 0 1 0 0 0.8660254 0.5 0 0.5 0.8660254 0 0 1 0 0 1 0</float_array>
          <technique_common>
            <accessor count="28" source="#ID1474" stride="3">
              <param name="X" type="float" />
              <param name="Y" type="float" />
              <param name="Z" type="float" />
            </accessor>
          </technique_common>
        </source>
        <source id="ID1475">
          <float_array id="ID1476" count="56">0 0.6948084 0.0001772 0.7499998 0 0.8051916 0 0.8860658 0 0.9669402 0 0 0 0.0478144 0 0.1286886 0 0.2095629 0 0.2904371 0 0.3713114 0 0.4521856 0 0.5330599 0 0.6139342 1 1 1 0.9166666 1 0.8333333 1 0.75 1 0.6666667 1 0.5833334 1 0.5 1 0.4166667 1 0.3333333 1 0.25 1 0.1666667 1 0.0833334 1 0 0 1</float_array>
          <technique_common>
            <accessor count="28" source="#ID1476" stride="2">
              <param name="S" type="float" />
              <param name="T" type="float" />
            </accessor>
          </technique_common>
        </source>
        <vertices id="ID1477">
          <input semantic="POSITION" source="#ID1471" />
        </vertices>
        <triangles count="26" material="ID1478">
          <input semantic="VERTEX" source="#ID1477" offset="0" />
          <input semantic="NORMAL" source="#ID1473" offset="1" />
          <input semantic="TEXCOORD" source="#ID1475" offset="2" set="0" />
          <p>1 1 1 17 17 17 0 0 0 1 1 1 2 2 2 17 17 17 17 17 17 2 2 2 16 16 16 16 16 16 2 2 2 3 3 3 15 15 15 3 3 3 4 4 4 14 14 14 4 4 4 27 27 27 6 6 6 26 26 26 5 5 5 6 6 6 25 25 25 26 26 26 6 6 6 7 7 7 25 25 25 25 25 25 7 7 7 24 24 24 24 24 24 7 7 7 8 8 8 23 23 23 8 8 8 9 9 9 22 22 22 9 9 9 10 10 10 21 21 21 10 10 10 11 11 11 20 20 20 11 11 11 12 12 12 19 19 19 12 12 12 13 13 13 18 18 18 13 13 13 0 0 0 17 17 17 18 18 18 0 0 0 14 14 14 15 15 15 4 4 4 15 15 15 16 16 16 3 3 3 18 18 18 19 19 19 13 13 13 19 19 19 20 20 20 12 12 12 20 20 20 21 21 21 11 11 11 21 21 21 22 22 22 10 10 10 22 22 22 23 23 23 9 9 9 23 23 23 24 24 24 8 8 8</p>
        </triangles>
      </mesh>
    </geometry>
    <geometry id="ID1479">
      <mesh>
        <source id="ID1480">
          <float_array id="ID1481" count="30">-0.093 -0.04 -0.0043 -0.0918582 -0.0457402 -0.0043 -0.0886066 -0.0506066 -0.0043 -0.0837402 -0.0538582 -0.0043 -0.078 -0.055 -0.0043 -0.078 -0.055 0.0145 -0.0837402 -0.0538582 0.0145 -0.0886066 -0.0506066 0.0145 -0.0918582 -0.0457402 0.0145 -0.093 -0.04 0.0145</float_array>
          <technique_common>
            <accessor count="10" source="#ID1481" stride="3">
              <param name="X" type="float" />
              <param name="Y" type="float" />
              <param name="Z" type="float" />
            </accessor>
          </technique_common>
        </source>
        <source id="ID1482">
          <float_array id="ID1483" count="30">-1 0 0 -0.9238795 -0.3826834 0 -0.7071068 -0.7071068 0 -0.3826834 -0.9238795 0 0 -1 0 0 -1 0 -0.3826834 -0.9238795 0 -0.7071068 -0.7071068 0 -0.9238795 -0.3826834 0 -1 0 0</float_array>
          <technique_common>
            <accessor count="10" source="#ID1483" stride="3">
              <param name="X" type="float" />
              <param name="Y" type="float" />
              <param name="Z" type="float" />
            </accessor>
          </technique_common>
        </source>
        <source id="ID1484">
          <float_array id="ID1485" count="20">0 1 0 0.75 0 0.5 0 0.25 0 0 1 0 1 0.25 1 0.5 1 0.75 1 1</float_array>
          <technique_common>
            <accessor count="10" source="#ID1485" stride="2">
              <param name="S" type="float" />
              <param name="T" type="float" />
            </accessor>
          </technique_common>
        </source>
        <vertices id="ID1486">
          <input semantic="POSITION" source="#ID1480" />
        </vertices>
        <triangles count="8" material="ID1487">
          <input semantic="VERTEX" source="#ID1486" offset="0" />
          <input semantic="NORMAL" source="#ID1482" offset="1" />
          <input semantic="TEXCOORD" source="#ID1484" offset="2" set="0" />
          <p>0 0 0 1 1 1 9 9 9 9 9 9 1 1 1 8 8 8 8 8 8 1 1 1 2 2 2 7 7 7 2 2 2 3 3 3 6 6 6 3 3 3 4 4 4 5 5 5 6 6 6 4 4 4 6 6 6 7 7 7 3 3 3 7 7 7 8 8 8 2 2 2</p>
        </triangles>
      </mesh>
    </geometry>
    <geometry id="ID1488">
      <mesh>
        <source id="ID1489">
          <float_array id="ID1490" count="24">-0.093 0.0113032 0.0145 -0.0927257 0.0125565 0.0145 -0.0919529 0.0135806 0.0145 -0.0908229 0.0141882 0.0145 -0.0908229 0.0141882 0.008 -0.0919529 0.0135806 0.008 -0.0927257 0.0125565 0.008 -0.093 0.0113032 0.008</float_array>
          <technique_common>
            <accessor count="8" source="#ID1490" stride="3">
              <param name="X" type="float" />
              <param name="Y" type="float" />
              <param name="Z" type="float" />
            </accessor>
          </technique_common>
        </source>
        <source id="ID1491">
          <float_array id="ID1492" count="24">-1 0 0 -0.9085591 0.4177563 0 -0.6509593 0.7591126 0 -0.2743109 0.9616411 0 -0.2743109 0.9616411 0 -0.6509593 0.7591126 0 -0.9085591 0.4177563 0 -1 0 0</float_array>
          <technique_common>
            <accessor count="8" source="#ID1492" stride="3">
              <param name="X" type="float" />
              <param name="Y" type="float" />
              <param name="Z" type="float" />
            </accessor>
          </technique_common>
        </source>
        <source id="ID1493">
          <float_array id="ID1494" count="16">0 1 0 0.6666666 0 0.3333333 0 0 1 0 1 0.3333333 1 0.6666666 1 1</float_array>
          <technique_common>
            <accessor count="8" source="#ID1494" stride="2">
              <param name="S" type="float" />
              <param name="T" type="float" />
            </accessor>
          </technique_common>
        </source>
        <vertices id="ID1495">
          <input semantic="POSITION" source="#ID1489" />
        </vertices>
        <triangles count="6" material="ID1496">
          <input semantic="VERTEX" source="#ID1495" offset="0" />
          <input semantic="NORMAL" source="#ID1491" offset="1" />
          <input semantic="TEXCOORD" source="#ID1493" offset="2" set="0" />
          <p>0 0 0 1 1 1 7 7 7 7 7 7 1 1 1 6 6 6 6 6 6 1 1 1 2 2 2 5 5 5 2 2 2 3 3 3 4 4 4 5 5 5 3 3 3 5 5 5 6 6 6 2 2 2</p>
        </triangles>
      </mesh>
    </geometry>
    <geometry id="ID1497">
      <mesh>
        <source id="ID1498">
          <float_array id="ID1499" count="27">-0.0908229 -0.0141882 0.0145 -0.0919529 -0.0135806 0.0145 -0.0927257 -0.0125565 0.0145 -0.093 -0.0113032 0.0145 -0.093 -0.0113032 0.0116646 -0.093 -0.0113032 0.008 -0.0927257 -0.0125565 0.008 -0.0919529 -0.0135806 0.008 -0.0908229 -0.0141882 0.008</float_array>
          <technique_common>
            <accessor count="9" source="#ID1499" stride="3">
              <param name="X" type="float" />
              <param name="Y" type="float" />
              <param name="Z" type="float" />
            </accessor>
          </technique_common>
        </source>
        <source id="ID1500">
          <float_array id="ID1501" count="27">-0.2743109 -0.9616411 0 -0.6509593 -0.7591126 0 -0.9085591 -0.4177563 0 -1 0 0 -1 0 0 -1 0 0 -0.9085591 -0.4177563 0 -0.6509593 -0.7591126 0 -0.2743109 -0.9616411 0</float_array>
          <technique_common>
            <accessor count="9" source="#ID1501" stride="3">
              <param name="X" type="float" />
              <param name="Y" type="float" />
              <param name="Z" type="float" />
            </accessor>
          </technique_common>
        </source>
        <source id="ID1502">
          <float_array id="ID1503" count="18">1 0 1 0.3333333 1 0.6666666 1 1 0.563787 1 0 1 0 0.6666666 0 0.3333333 0 0</float_array>
          <technique_common>
            <accessor count="9" source="#ID1503" stride="2">
              <param name="S" type="float" />
              <param name="T" type="float" />
            </accessor>
          </technique_common>
        </source>
        <vertices id="ID1504">
          <input semantic="POSITION" source="#ID1498" />
        </vertices>
        <triangles count="7" material="ID1505">
          <input semantic="VERTEX" source="#ID1504" offset="0" />
          <input semantic="NORMAL" source="#ID1500" offset="1" />
          <input semantic="TEXCOORD" source="#ID1502" offset="2" set="0" />
          <p>0 0 0 1 1 1 8 8 8 8 8 8 1 1 1 7 7 7 7 7 7 1 1 1 2 2 2 6 6 6 2 2 2 4 4 4 5 5 5 6 6 6 4 4 4 2 2 2 3 3 3 4 4 4 6 6 6 7 7 7 2 2 2</p>
        </triangles>
      </mesh>
    </geometry>
    <geometry id="ID1506">
      <mesh>
        <source id="ID1507">
          <float_array id="ID1508" count="30">-0.093 -0.0328332 0.0145 -0.0926476 -0.0314224 0.0145 -0.091673 -0.030343 0.0145 -0.0903054 -0.0298488 0.0145 -0.088866 -0.0300558 0.0145 -0.088866 -0.0300558 0.008 -0.0903054 -0.0298488 0.008 -0.091673 -0.030343 0.008 -0.0926476 -0.0314224 0.008 -0.093 -0.0328332 0.008</float_array>
          <technique_common>
            <accessor count="10" source="#ID1508" stride="3">
              <param name="X" type="float" />
              <param name="Y" type="float" />
              <param name="Z" type="float" />
            </accessor>
          </technique_common>
        </source>
        <source id="ID1509">
          <float_array id="ID1510" count="30">-1 0 0 -0.8825172 0.4702802 0 -0.5576731 0.8300607 0 -0.101795 0.9948054 0 0.3780015 0.925805 0 0.3780015 0.925805 0 -0.101795 0.9948054 0 -0.5576731 0.8300607 0 -0.8825172 0.4702802 0 -1 0 0</float_array>
          <technique_common>
            <accessor count="10" source="#ID1510" stride="3">
              <param name="X" type="float" />
              <param name="Y" type="float" />
              <param name="Z" type="float" />
            </accessor>
          </technique_common>
        </source>
        <source id="ID1511">
          <float_array id="ID1512" count="20">0 1 0 0.75 0 0.5 0 0.25 0 0 1 0 1 0.25 1 0.5 1 0.75 1 1</float_array>
          <technique_common>
            <accessor count="10" source="#ID1512" stride="2">
              <param name="S" type="float" />
              <param name="T" type="float" />
            </accessor>
          </technique_common>
        </source>
        <vertices id="ID1513">
          <input semantic="POSITION" source="#ID1507" />
        </vertices>
        <triangles count="8" material="ID1514">
          <input semantic="VERTEX" source="#ID1513" offset="0" />
          <input semantic="NORMAL" source="#ID1509" offset="1" />
          <input semantic="TEXCOORD" source="#ID1511" offset="2" set="0" />
          <p>0 0 0 1 1 1 9 9 9 9 9 9 1 1 1 8 8 8 8 8 8 1 1 1 2 2 2 7 7 7 2 2 2 3 3 3 6 6 6 3 3 3 4 4 4 5 5 5 6 6 6 4 4 4 6 6 6 7 7 7 3 3 3 7 7 7 8 8 8 2 2 2</p>
        </triangles>
      </mesh>
    </geometry>
    <geometry id="ID1515">
      <mesh>
        <source id="ID1516">
          <float_array id="ID1517" count="27">0.069 0.055 0.0138082 0.0705 0.0545981 0.0137296 0.0715981 0.0535 0.0136721 0.0718978 0.0527765 0.0136564 0.072 0.052 0.013651 0.072 0.052 0.0005 0.0715981 0.0535 0.0005 0.0705 0.0545981 0.0005 0.069 0.055 0.0005</float_array>
          <technique_common>
            <accessor count="9" source="#ID1517" stride="3">
              <param name="X" type="float" />
              <param name="Y" type="float" />
              <param name="Z" type="float" />
            </accessor>
          </technique_common>
        </source>
        <source id="ID1518">
          <float_array id="ID1519" count="27">0 1 0 0.5 0.8660254 0 0.8660254 0.5 0 0.9659258 0.258819 0 1 0 0 1 0 0 0.8660254 0.5 0 0.5 0.8660254 0 0 1 0</float_array>
          <technique_common>
            <accessor count="9" source="#ID1519" stride="3">
              <param name="X" type="float" />
              <param name="Y" type="float" />
              <param name="Z" type="float" />
            </accessor>
          </technique_common>
        </source>
        <source id="ID1520">
          <float_array id="ID1521" count="18">1 0 0.9940931 0.3333333 0.9897688 0.6666667 0.9885886 0.8333333 0.988186 1 0 1 0 0.6666667 0 0.3333333 0 0</float_array>
          <technique_common>
            <accessor count="9" source="#ID1521" stride="2">
              <param name="S" type="float" />
              <param name="T" type="float" />
            </accessor>
          </technique_common>
        </source>
        <vertices id="ID1522">
          <input semantic="POSITION" source="#ID1516" />
        </vertices>
        <triangles count="7" material="ID1523">
          <input semantic="VERTEX" source="#ID1522" offset="0" />
          <input semantic="NORMAL" source="#ID1518" offset="1" />
          <input semantic="TEXCOORD" source="#ID1520" offset="2" set="0" />
          <p>0 0 0 1 1 1 8 8 8 8 8 8 1 1 1 7 7 7 7 7 7 1 1 1 2 2 2 6 6 6 2 2 2 3 3 3 5 5 5 3 3 3 4 4 4 5 5 5 6 6 6 3 3 3 6 6 6 7 7 7 2 2 2</p>
        </triangles>
      </mesh>
    </geometry>
    <geometry id="ID1524">
      <mesh>
        <source id="ID1525">
          <float_array id="ID1526" count="18">0.072 0.052 0.013651 0.072 0.0399277 0.013651 0.072 0.0399277 0.009849 0.072 0.0493905 0.009849 0.072 0.0493905 0.0005 0.072 0.052 0.0005</float_array>
          <technique_common>
            <accessor count="6" source="#ID1526" stride="3">
              <param name="X" type="float" />
              <param name="Y" type="float" />
              <param name="Z" type="float" />
            </accessor>
          </technique_common>
        </source>
        <source id="ID1527">
          <float_array id="ID1528" count="18">1 0 0 1 0 0 1 0 0 1 0 0 1 0 0 1 0 0</float_array>
          <technique_common>
            <accessor count="6" source="#ID1528" stride="3">
              <param name="X" type="float" />
              <param name="Y" type="float" />
              <param name="Z" type="float" />
            </accessor>
          </technique_common>
        </source>
        <source id="ID1529">
          <float_array id="ID1530" count="12">0 1 0 0 0.2891028 0 0.2891028 0.7838467 1 0.7838467 1 1</float_array>
          <technique_common>
            <accessor count="6" source="#ID1530" stride="2">
              <param name="S" type="float" />
              <param name="T" type="float" />
            </accessor>
          </technique_common>
        </source>
        <vertices id="ID1531">
          <input semantic="POSITION" source="#ID1525" />
        </vertices>
        <triangles count="4" material="ID1532">
          <input semantic="VERTEX" source="#ID1531" offset="0" />
          <input semantic="NORMAL" source="#ID1527" offset="1" />
          <input semantic="TEXCOORD" source="#ID1529" offset="2" set="0" />
          <p>5 5 5 0 0 0 3 3 3 4 4 4 5 5 5 3 3 3 2 2 2 3 3 3 1 1 1 1 1 1 3 3 3 0 0 0</p>
        </triangles>
      </mesh>
    </geometry>
    <geometry id="ID1533">
      <mesh>
        <source id="ID1534">
          <float_array id="ID1535" count="36">0.0715247 0.0378 0.0136759 0.0715247 0.0378 0.0135 0.070728 0.0365957 0.0135 0.0696203 0.0356693 0.0135 0.0682941 0.035098 0.0135 0.0682941 0.035098 0.0096548 0.0702139 0.0360974 0.0097554 0.0715315 0.0378146 0.0098245 0.072 0.0399277 0.009849 0.072 0.0399277 0.013651 0.0719464 0.0391977 0.0136538 0.0717869 0.0384834 0.0136622</float_array>
          <technique_common>
            <accessor count="12" source="#ID1535" stride="3">
              <param name="X" type="float" />
              <param name="Y" type="float" />
              <param name="Z" type="float" />
            </accessor>
          </technique_common>
        </source>
        <source id="ID1536">
          <float_array id="ID1537" count="36">0.9049425 -0.4255339 0 0.9049425 -0.4255339 0 0.7455965 -0.6663977 0 0.5240629 -0.8516796 0 0.258819 -0.9659258 0 0.258819 -0.9659258 0 0.6427876 -0.7660444 0 0.9063078 -0.4226183 0 1 0 0 1 0 0 0.9892855 -0.1459936 0 0.9573717 -0.2888587 0</float_array>
          <technique_common>
            <accessor count="12" source="#ID1537" stride="3">
              <param name="X" type="float" />
              <param name="Y" type="float" />
              <param name="Z" type="float" />
            </accessor>
          </technique_common>
        </source>
        <source id="ID1538">
          <float_array id="ID1539" count="24">1 0.3357928 0.9562552 0.3357928 0.9562552 0.5571953 0.9562552 0.7785977 0.9562552 1 0 1 0.0250217 0.6666667 0.042194 0.3333334 0.0482996 0 0.9938058 0 0.9945037 0.111931 0.9965836 0.2238619</float_array>
          <technique_common>
            <accessor count="12" source="#ID1539" stride="2">
              <param name="S" type="float" />
              <param name="T" type="float" />
            </accessor>
          </technique_common>
        </source>
        <vertices id="ID1540">
          <input semantic="POSITION" source="#ID1534" />
        </vertices>
        <triangles count="10" material="ID1541">
          <input semantic="VERTEX" source="#ID1540" offset="0" />
          <input semantic="NORMAL" source="#ID1536" offset="1" />
          <input semantic="TEXCOORD" source="#ID1538" offset="2" set="0" />
          <p>0 0 0 1 1 1 11 11 11 11 11 11 1 1 1 7 7 7 8 8 8 11 11 11 7 7 7 8 8 8 10 10 10 11 11 11 8 8 8 9 9 9 10 10 10 1 1 1 2 2 2 7 7 7 7 7 7 2 2 2 6 6 6 6 6 6 2 2 2 3 3 3 5 5 5 3 3 3 4 4 4 5 5 5 6 6 6 3 3 3</p>
        </triangles>
      </mesh>
    </geometry>
    <geometry id="ID1542">
      <mesh>
        <source id="ID1543">
          <float_array id="ID1544" count="66">-0.0260151 0.027345 0.0135 -0.0219246 0.0293528 0.0135 -0.0175377 0.0305847 0.0135 -0.013 0.031 0.0135 0.0503669 0.031 0.0135 0.0521101 0.0310761 0.0135 0.0538399 0.0313038 0.0135 0.0555433 0.0316815 0.0135 0.0682941 0.035098 0.0135 0.0696203 0.0356693 0.0135 0.070728 0.0365957 0.0135 0.0715247 0.0378 0.0135 0 0.0378 0.0135 -0.0073396 0.0370806 0.0135 -0.0143998 0.0349497 0.0135 -0.0209119 0.0314886 0.0135 -0.0240283 0.0287905 0.0135 -0.0240723 0.0287537 0.0135 -0.0241162 0.0287169 0.0135 -0.0241601 0.02868 0.0135 -0.0247555 0.0282037 0.0135 -0.0253744 0.0277583 0.0135</float_array>
          <technique_common>
            <accessor count="22" source="#ID1544" stride="3">
              <param name="X" type="float" />
              <param name="Y" type="float" />
              <param name="Z" type="float" />
            </accessor>
          </technique_common>
        </source>
        <source id="ID1545">
          <float_array id="ID1546" count="66">0 0 1 0 0 1 0 0 1 0 0 1 0 0 1 0 0 1 0 0 1 0 0 1 0 0 1 0 0 1 0 0 1 0 0 1 0 0 1 0 0 1 0 0 1 0 0 1 0 0 1 0 0 1 0 0 1 0 0 1 0 0 1 0 0 1</float_array>
          <technique_common>
            <accessor count="22" source="#ID1546" stride="3">
              <param name="X" type="float" />
              <param name="Y" type="float" />
              <param name="Z" type="float" />
            </accessor>
          </technique_common>
        </source>
        <source id="ID1547">
          <float_array id="ID1548" count="44">1 0 0.8079605 0.0419362 0.6901241 0.086912 0.6504055 0.1334333 0.6504055 0.7830858 0.6431262 0.8009567 0.6213434 0.8186914 0.585223 0.8361553 0.2584365 0.966879 0.2037994 0.9804757 0.1151906 0.9918317 0 1 0 0.2667123 0.06881 0.191465 0.2726204 0.1190819 0.6036739 0.0523183 0.8617442 0.0203685 0.8652598 0.0199177 0.8687819 0.0194674 0.8723103 0.0190178 0.9178632 0.0129133 0.9604631 0.0065685</float_array>
          <technique_common>
            <accessor count="22" source="#ID1548" stride="2">
              <param name="S" type="float" />
              <param name="T" type="float" />
            </accessor>
          </technique_common>
        </source>
        <vertices id="ID1549">
          <input semantic="POSITION" source="#ID1543" />
        </vertices>
        <triangles count="20" material="ID1550">
          <input semantic="VERTEX" source="#ID1549" offset="0" />
          <input semantic="NORMAL" source="#ID1545" offset="1" />
          <input semantic="TEXCOORD" source="#ID1547" offset="2" set="0" />
          <p>0 0 0 1 1 1 21 21 21 21 21 21 1 1 1 20 20 20 20 20 20 1 1 1 19 19 19 19 19 19 1 1 1 18 18 18 18 18 18 1 1 1 17 17 17 17 17 17 1 1 1 16 16 16 16 16 16 1 1 1 15 15 15 15 15 15 1 1 1 2 2 2 14 14 14 2 2 2 3 3 3 13 13 13 3 3 3 12 12 12 13 13 13 14 14 14 3 3 3 3 3 3 4 4 4 12 12 12 12 12 12 4 4 4 11 11 11 11 11 11 4 4 4 7 7 7 8 8 8 11 11 11 7 7 7 8 8 8 9 9 9 11 11 11 11 11 11 9 9 9 10 10 10 4 4 4 5 5 5 7 7 7 7 7 7 5 5 5 6 6 6 14 14 14 15 15 15 2 2 2</p>
        </triangles>
      </mesh>
    </geometry>
    <geometry id="ID1551">
      <mesh>
        <source id="ID1552">
          <float_array id="ID1553" count="12">0.0503669 0.031 0.0135 -0.013 0.031 0.0135 -0.013 0.031 0.009 0.0503669 0.031 0.009</float_array>
          <technique_common>
            <accessor count="4" source="#ID1553" stride="3">
              <param name="X" type="float" />
              <param name="Y" type="float" />
              <param name="Z" type="float" />
            </accessor>
          </technique_common>
        </source>
        <source id="ID1554">
          <float_array id="ID1555" count="12">0 -1 0 0 -1 0 0 -1 0 0 -1 0</float_array>
          <technique_common>
            <accessor count="4" source="#ID1555" stride="3">
              <param name="X" type="float" />
              <param name="Y" type="float" />
              <param name="Z" type="float" />
            </accessor>
          </technique_common>
        </source>
        <source id="ID1556">
          <float_array id="ID1557" count="8">0 1 0 0 1 0 1 1</float_array>
          <technique_common>
            <accessor count="4" source="#ID1557" stride="2">
              <param name="S" type="float" />
              <param name="T" type="float" />
            </accessor>
          </technique_common>
        </source>
        <vertices id="ID1558">
          <input semantic="POSITION" source="#ID1552" />
        </vertices>
        <triangles count="2" material="ID1559">
          <input semantic="VERTEX" source="#ID1558" offset="0" />
          <input semantic="NORMAL" source="#ID1554" offset="1" />
          <input semantic="TEXCOORD" source="#ID1556" offset="2" set="0" />
          <p>1 1 1 2 2 2 0 0 0 0 0 0 2 2 2 3 3 3</p>
        </triangles>
      </mesh>
    </geometry>
    <geometry id="ID1560">
      <mesh>
        <source id="ID1561">
          <float_array id="ID1562" count="72">-0.0410387 0.0351963 -0.0013 -0.0402887 0.0353973 -0.0013 -0.0397397 0.0359463 -0.0013 -0.0395387 0.0366963 -0.0013 -0.0397397 0.0374463 -0.0013 -0.0402887 0.0379953 -0.0013 -0.0410387 0.0381963 -0.0013 -0.0417887 0.0379953 -0.0013 -0.0423378 0.0374463 -0.0013 -0.0425387 0.0366963 -0.0013 -0.0423378 0.0359463 -0.0013 -0.0417887 0.0353973 -0.0013 -0.0410387 0.0336963 -0.0013 -0.0425387 0.0340982 -0.0013 -0.0436368 0.0351963 -0.0013 -0.0440387 0.0366963 -0.0013 -0.0436368 0.0381963 -0.0013 -0.0425387 0.0392944 -0.0013 -0.0410387 0.0396963 -0.0013 -0.0395387 0.0392944 -0.0013 -0.0384407 0.0381963 -0.0013 -0.0380387 0.0366963 -0.0013 -0.0384407 0.0351963 -0.0013 -0.0395387 0.0340982 -0.0013</float_array>
          <technique_common>
            <accessor count="24" source="#ID1562" stride="3">
              <param name="X" type="float" />
              <param name="Y" type="float" />
              <param name="Z" type="float" />
            </accessor>
          </technique_common>
        </source>
        <source id="ID1563">
          <float_array id="ID1564" count="72">0 0 -1 0 0 -1 0 0 -1 0 0 -1 0 0 -1 0 0 -1 0 0 -1 0 0 -1 0 0 -1 0 0 -1 0 0 -1 0 0 -1 0 0 -1 0 0 -1 0 0 -1 0 0 -1 0 0 -1 0 0 -1 0 0 -1 0 0 -1 0 0 -1 0 0 -1 0 0 -1 0 0 -1</float_array>
          <technique_common>
            <accessor count="24" source="#ID1564" stride="3">
              <param name="X" type="float" />
              <param name="Y" type="float" />
              <param name="Z" type="float" />
            </accessor>
          </technique_common>
        </source>
        <source id="ID1565">
          <float_array id="ID1566" count="48">0.25 0.5 0.2834937 0.375 0.375 0.2834937 0.5 0.25 0.625 0.2834937 0.7165063 0.375 0.75 0.5 0.7165063 0.625 0.625 0.7165063 0.5 0.75 0.375 0.7165063 0.2834937 0.625 0 0.5 0.0669873 0.75 0.25 0.9330127 0.5 1 0.75 0.9330127 0.9330127 0.75 1 0.5 0.9330127 0.25 0.75 0.0669873 0.5 0 0.25 0.0669873 0.0669873 0.25</float_array>
          <technique_common>
            <accessor count="24" source="#ID1566" stride="2">
              <param name="S" type="float" />
              <param name="T" type="float" />
            </accessor>
          </technique_common>
        </source>
        <vertices id="ID1567">
          <input semantic="POSITION" source="#ID1561" />
        </vertices>
        <triangles count="24" material="ID1568">
          <input semantic="VERTEX" source="#ID1567" offset="0" />
          <input semantic="NORMAL" source="#ID1563" offset="1" />
          <input semantic="TEXCOORD" source="#ID1565" offset="2" set="0" />
          <p>11 11 11 0 0 0 12 12 12 13 13 13 11 11 11 12 12 12 13 13 13 10 10 10 11 11 11 13 13 13 14 14 14 10 10 10 10 10 10 14 14 14 9 9 9 9 9 9 14 14 14 15 15 15 16 16 16 9 9 9 15 15 15 16 16 16 8 8 8 9 9 9 16 16 16 17 17 17 8 8 8 8 8 8 17 17 17 7 7 7 7 7 7 17 17 17 6 6 6 6 6 6 17 17 17 18 18 18 5 5 5 18 18 18 19 19 19 4 4 4 19 19 19 20 20 20 3 3 3 20 20 20 21 21 21 22 22 22 3 3 3 21 21 21 22 22 22 2 2 2 3 3 3 22 22 22 23 23 23 2 2 2 2 2 2 23 23 23 1 1 1 1 1 1 23 23 23 12 12 12 0 0 0 1 1 1 12 12 12 3 3 3 4 4 4 20 20 20 4 4 4 5 5 5 19 19 19 5 5 5 6 6 6 18 18 18</p>
        </triangles>
      </mesh>
    </geometry>
    <geometry id="ID1569">
      <mesh>
        <source id="ID1570">
          <float_array id="ID1571" count="72">-0.0445108 0.0263535 -0.0013 -0.0437608 0.0265545 -0.0013 -0.0432117 0.0271035 -0.0013 -0.0430108 0.0278535 -0.0013 -0.0432117 0.0286035 -0.0013 -0.0437608 0.0291525 -0.0013 -0.0445108 0.0293535 -0.0013 -0.0452608 0.0291525 -0.0013 -0.0458098 0.0286035 -0.0013 -0.0460108 0.0278535 -0.0013 -0.0458098 0.0271035 -0.0013 -0.0452608 0.0265545 -0.0013 -0.0445108 0.0248535 -0.0013 -0.0460108 0.0252554 -0.0013 -0.0471088 0.0263535 -0.0013 -0.0475108 0.0278535 -0.0013 -0.0471088 0.0293535 -0.0013 -0.0460108 0.0304516 -0.0013 -0.0445108 0.0308535 -0.0013 -0.0430108 0.0304516 -0.0013 -0.0419127 0.0293535 -0.0013 -0.0415108 0.0278535 -0.0013 -0.0419127 0.0263535 -0.0013 -0.0430108 0.0252554 -0.0013</float_array>
          <technique_common>
            <accessor count="24" source="#ID1571" stride="3">
              <param name="X" type="float" />
              <param name="Y" type="float" />
              <param name="Z" type="float" />
            </accessor>
          </technique_common>
        </source>
        <source id="ID1572">
          <float_array id="ID1573" count="72">0 0 -1 0 0 -1 0 0 -1 0 0 -1 0 0 -1 0 0 -1 0 0 -1 0 0 -1 0 0 -1 0 0 -1 0 0 -1 0 0 -1 0 0 -1 0 0 -1 0 0 -1 0 0 -1 0 0 -1 0 0 -1 0 0 -1 0 0 -1 0 0 -1 0 0 -1 0 0 -1 0 0 -1</float_array>
          <technique_common>
            <accessor count="24" source="#ID1573" stride="3">
              <param name="X" type="float" />
              <param name="Y" type="float" />
              <param name="Z" type="float" />
            </accessor>
          </technique_common>
        </source>
        <source id="ID1574">
          <float_array id="ID1575" count="48">0.25 0.5 0.2834937 0.375 0.375 0.2834937 0.5 0.25 0.625 0.2834937 0.7165063 0.375 0.75 0.5 0.7165063 0.625 0.625 0.7165063 0.5 0.75 0.375 0.7165063 0.2834937 0.625 0 0.5 0.0669873 0.75 0.25 0.9330127 0.5 1 0.75 0.9330127 0.9330127 0.75 1 0.5 0.9330127 0.25 0.75 0.0669873 0.5 0 0.25 0.0669873 0.0669873 0.25</float_array>
          <technique_common>
            <accessor count="24" source="#ID1575" stride="2">
              <param name="S" type="float" />
              <param name="T" type="float" />
            </accessor>
          </technique_common>
        </source>
        <vertices id="ID1576">
          <input semantic="POSITION" source="#ID1570" />
        </vertices>
        <triangles count="24" material="ID1577">
          <input semantic="VERTEX" source="#ID1576" offset="0" />
          <input semantic="NORMAL" source="#ID1572" offset="1" />
          <input semantic="TEXCOORD" source="#ID1574" offset="2" set="0" />
          <p>11 11 11 0 0 0 12 12 12 13 13 13 11 11 11 12 12 12 13 13 13 10 10 10 11 11 11 13 13 13 14 14 14 10 10 10 10 10 10 14 14 14 9 9 9 9 9 9 14 14 14 15 15 15 16 16 16 9 9 9 15 15 15 16 16 16 8 8 8 9 9 9 16 16 16 17 17 17 8 8 8 8 8 8 17 17 17 7 7 7 7 7 7 17 17 17 6 6 6 6 6 6 17 17 17 18 18 18 5 5 5 18 18 18 19 19 19 4 4 4 19 19 19 20 20 20 3 3 3 20 20 20 21 21 21 22 22 22 3 3 3 21 21 21 22 22 22 2 2 2 3 3 3 22 22 22 23 23 23 2 2 2 2 2 2 23 23 23 1 1 1 1 1 1 23 23 23 12 12 12 0 0 0 1 1 1 12 12 12 3 3 3 4 4 4 20 20 20 4 4 4 5 5 5 19 19 19 5 5 5 6 6 6 18 18 18</p>
        </triangles>
      </mesh>
    </geometry>
    <geometry id="ID1578">
      <mesh>
        <source id="ID1579">
          <float_array id="ID1580" count="492">-0.071 0.025 -0.0043 -0.071 0.046 -0.0043 -0.0719378 0.0495 -0.0043 -0.0745 0.0520622 -0.0043 -0.078 0.053 -0.0043 -0.0815 0.0520622 -0.0043 -0.0840622 0.0495 -0.0043 -0.085 0.046 -0.0043 -0.085 0.025 -0.0043 -0.0840622 0.0215 -0.0043 -0.0815 0.0189378 -0.0043 -0.078 0.018 -0.0043 -0.0745 0.0189378 -0.0043 -0.0719378 0.0215 -0.0043 -0.071 -0.046 -0.0043 -0.071 -0.025 -0.0043 -0.0719378 -0.0215 -0.0043 -0.0745 -0.0189378 -0.0043 -0.078 -0.018 -0.0043 -0.0815 -0.0189378 -0.0043 -0.0840622 -0.0215 -0.0043 -0.085 -0.025 -0.0043 -0.085 -0.046 -0.0043 -0.0840622 -0.0495 -0.0043 -0.0815 -0.0520622 -0.0043 -0.078 -0.053 -0.0043 -0.0745 -0.0520622 -0.0043 -0.0719378 -0.0495 -0.0043 -0.0382173 0.0377159 -0.0043 -0.0390699 0.0389599 -0.0043 -0.04042 0.0396318 -0.0043 -0.0419265 0.0395619 -0.0043 -0.0432086 0.0387679 -0.0043 -0.0439424 0.0374504 -0.0043 -0.0439424 0.0359423 -0.0043 -0.0432086 0.0346247 -0.0043 -0.0419265 0.0338307 -0.0043 -0.0410387 0.0336963 -0.0043 -0.04042 0.0337608 -0.0043 -0.0390699 0.0344327 -0.0043 -0.0382173 0.0356767 -0.0043 -0.0382173 0.0187132 -0.0043 -0.0400391 0.0142676 -0.0043 -0.0412775 0.0096256 -0.0043 -0.0419123 0.0048633 -0.0043 -0.042223 0.0039221 -0.0043 -0.0429474 0.0032456 -0.0043 -0.0439076 0.003 -0.0043 -0.0455 0.003 -0.0043 -0.0474262 0.0045497 -0.0043 -0.0498594 0.0049871 -0.0043 -0.0522047 0.0042053 -0.0043 -0.0538888 0.0023955 -0.0043 -0.0545 0 -0.0043 -0.0538888 -0.0023955 -0.0043 -0.0522047 -0.0042053 -0.0043 -0.0498594 -0.0049871 -0.0043 -0.0495 -0.005 -0.0043 -0.0474262 -0.0045497 -0.0043 -0.0455 -0.003 -0.0043 -0.0439076 -0.003 -0.0043 -0.0429474 -0.0032456 -0.0043 -0.042223 -0.0039221 -0.0043 -0.0419123 -0.0048633 -0.0043 -0.0412775 -0.0096256 -0.0043 -0.0400391 -0.0142676 -0.0043 -0.0382173 -0.0187132 -0.0043 -0.0382173 -0.0356767 -0.0043 -0.0390699 -0.0344327 -0.0043 -0.04042 -0.0337608 -0.0043 -0.0419265 -0.0338307 -0.0043 -0.0432086 -0.0346247 -0.0043 -0.0439424 -0.0359423 -0.0043 -0.0439424 -0.0374504 -0.0043 -0.0432086 -0.0387679 -0.0043 -0.0419265 -0.0395619 -0.0043 -0.0410387 -0.0396963 -0.0043 -0.04042 -0.0396318 -0.0043 -0.0390699 -0.0389599 -0.0043 -0.0382173 -0.0377159 -0.0043 -0.0382173 -0.055 -0.0043 -0.078 -0.055 -0.0043 -0.0837402 -0.0538582 -0.0043 -0.0886066 -0.0506066 -0.0043 -0.0918582 -0.0457402 -0.0043 -0.093 -0.04 -0.0043 -0.093 0.04 -0.0043 -0.0918582 0.0457402 -0.0043 -0.0886066 0.0506066 -0.0043 -0.0837402 0.0538582 -0.0043 -0.078 0.055 -0.0043 -0.0382173 0.055 -0.0043 -0.0445108 -0.0308535 -0.0043 -0.0430108 -0.0304516 -0.0043 -0.0419127 -0.0293535 -0.0043 -0.0415108 -0.0278535 -0.0043 -0.0419127 -0.0263535 -0.0043 -0.0430108 -0.0252554 -0.0043 -0.0445108 -0.0248535 -0.0043 -0.0460108 -0.0252554 -0.0043 -0.0471088 -0.0263535 -0.0043 -0.0475108 -0.0278535 -0.0043 -0.0471088 -0.0293535 -0.0043 -0.0460108 -0.0304516 -0.0043 -0.0445108 0.0248535 -0.0043 -0.0430108 0.0252554 -0.0043 -0.0419127 0.0263535 -0.0043 -0.0415108 0.0278535 -0.0043 -0.0419127 0.0293535 -0.0043 -0.0430108 0.0304516 -0.0043 -0.0445108 0.0308535 -0.0043 -0.0460108 0.0304516 -0.0043 -0.0471088 0.0293535 -0.0043 -0.0475108 0.0278535 -0.0043 -0.0471088 0.0263535 -0.0043 -0.0460108 0.0252554 -0.0043 -0.063 -0.019 -0.0043 -0.0615 -0.0185981 -0.0043 -0.0604019 -0.0175 -0.0043 -0.06 -0.016 -0.0043 -0.0604019 -0.0145 -0.0043 -0.0615 -0.0134019 -0.0043 -0.063 -0.013 -0.0043 -0.0645 -0.0134019 -0.0043 -0.0655981 -0.0145 -0.0043 -0.066 -0.016 -0.0043 -0.0655981 -0.0175 -0.0043 -0.0645 -0.0185981 -0.0043 -0.063 0.013 -0.0043 -0.0615 0.0134019 -0.0043 -0.0604019 0.0145 -0.0043 -0.06 0.016 -0.0043 -0.0604019 0.0175 -0.0043 -0.0615 0.0185981 -0.0043 -0.063 0.019 -0.0043 -0.0645 0.0185981 -0.0043 -0.0655981 0.0175 -0.0043 -0.066 0.016 -0.0043 -0.0655981 0.0145 -0.0043 -0.0645 0.0134019 -0.0043 -0.063 -0.051666 -0.0043 -0.062167 -0.0514428 -0.0043 -0.0615572 -0.050833 -0.0043 -0.061334 -0.05 -0.0043 -0.0615572 -0.049167 -0.0043 -0.062167 -0.0485572 -0.0043 -0.063 -0.048334 -0.0043 -0.063833 -0.0485572 -0.0043 -0.0644428 -0.049167 -0.0043 -0.064666 -0.05 -0.0043 -0.0644428 -0.050833 -0.0043 -0.063833 -0.0514428 -0.0043 -0.063 0.048334 -0.0043 -0.062167 0.0485572 -0.0043 -0.0615572 0.049167 -0.0043 -0.061334 0.05 -0.0043 -0.0615572 0.050833 -0.0043 -0.062167 0.0514428 -0.0043 -0.063 0.051666 -0.0043 -0.063833 0.0514428 -0.0043 -0.0644428 0.050833 -0.0043 -0.064666 0.05 -0.0043 -0.0644428 0.049167 -0.0043 -0.063833 0.0485572 -0.0043</float_array>
          <technique_common>
            <accessor count="164" source="#ID1580" stride="3">
              <param name="X" type="float" />
              <param name="Y" type="float" />
              <param name="Z" type="float" />
            </accessor>
          </technique_common>
        </source>
        <source id="ID1581">
          <float_array id="ID1582" count="492">0 0 -1 0 0 -1 0 0 -1 0 0 -1 0 0 -1 0 0 -1 0 0 -1 0 0 -1 0 0 -1 0 0 -1 0 0 -1 0 0 -1 0 0 -1 0 0 -1 0 0 -1 0 0 -1 0 0 -1 0 0 -1 0 0 -1 0 0 -1 0 0 -1 0 0 -1 0 0 -1 0 0 -1 0 0 -1 0 0 -1 0 0 -1 0 0 -1 0 0 -1 0 0 -1 0 0 -1 0 0 -1 0 0 -1 0 0 -1 0 0 -1 0 0 -1 0 0 -1 0 0 -1 0 0 -1 0 0 -1 0 0 -1 0 0 -1 0 0 -1 0 0 -1 0 0 -1 0 0 -1 0 0 -1 0 0 -1 0 0 -1 0 0 -1 0 0 -1 0 0 -1 0 0 -1 0 0 -1 0 0 -1 0 0 -1 0 0 -1 0 0 -1 0 0 -1 0 0 -1 0 0 -1 0 0 -1 0 0 -1 0 0 -1 0 0 -1 0 0 -1 0 0 -1 0 0 -1 0 0 -1 0 0 -1 0 0 -1 0 0 -1 0 0 -1 0 0 -1 0 0 -1 0 0 -1 0 0 -1 0 0 -1 0 0 -1 0 0 -1 0 0 -1 0 0 -1 0 0 -1 0 0 -1 0 0 -1 0 0 -1 0 0 -1 0 0 -1 0 0 -1 0 0 -1 0 0 -1 0 0 -1 0 0 -1 0 0 -1 0 0 -1 0 0 -1 0 0 -1 0 0 -1 0 0 -1 0 0 -1 0 0 -1 0 0 -1 0 0 -1 0 0 -1 0 0 -1 0 0 -1 0 0 -1 0 0 -1 0 0 -1 0 0 -1 0 0 -1 0 0 -1 0 0 -1 0 0 -1 0 0 -1 0 0 -1 0 0 -1 0 0 -1 0 0 -1 0 0 -1 0 0 -1 0 0 -1 0 0 -1 0 0 -1 0 0 -1 0 0 -1 0 0 -1 0 0 -1 0 0 -1 0 0 -1 0 0 -1 0 0 -1 0 0 -1 0 0 -1 0 0 -1 0 0 -1 0 0 -1 0 0 -1 0 0 -1 0 0 -1 0 0 -1 0 0 -1 0 0 -1 0 0 -1 0 0 -1 0 0 -1 0 0 -1 0 0 -1 0 0 -1 0 0 -1 0 0 -1 0 0 -1 0 0 -1 0 0 -1 0 0 -1 0 0 -1 0 0 -1 0 0 -1 0 0 -1 0 0 -1 0 0 -1 0 0 -1 0 0 -1 0 0 -1</float_array>
          <technique_common>
            <accessor count="164" source="#ID1582" stride="3">
              <param name="X" type="float" />
              <param name="Y" type="float" />
              <param name="Z" type="float" />
            </accessor>
          </technique_common>
        </source>
        <source id="ID1583">
          <float_array id="ID1584" count="328">0.2727273 0.4015868 0.0818182 0.4015868 0.05 0.3844678 0.0267075 0.337698 0.0181818 0.2738092 0.0267075 0.2099204 0.05 0.1631505 0.0818182 0.1460316 0.2727273 0.1460316 0.3045455 0.1631505 0.327838 0.2099204 0.3363636 0.2738092 0.327838 0.337698 0.3045455 0.3844678 0.9181818 0.4015868 0.7272727 0.4015868 0.6954545 0.3844678 0.672162 0.337698 0.6636364 0.2738092 0.672162 0.2099204 0.6954545 0.1631505 0.7272727 0.1460316 0.9181818 0.1460316 0.95 0.1631505 0.9732925 0.2099204 0.9818182 0.2738092 0.9732925 0.337698 0.95 0.3844678 0.157128 1 0.1458193 0.9844368 0.1397107 0.9597916 0.140346 0.9322925 0.1475645 0.9088886 0.1595422 0.8954942 0.1732522 0.8954942 0.1852298 0.9088886 0.1924484 0.9322925 0.1936699 0.9484981 0.1930836 0.9597916 0.1869751 0.9844368 0.1756664 1 0.3298802 1 0.3702947 0.9667455 0.4124949 0.9441392 0.4557883 0.9325522 0.4643447 0.9268814 0.4704946 0.913658 0.4727273 0.8961297 0.4727273 0.8670623 0.4586394 0.8319014 0.454663 0.7874861 0.4617701 0.7446747 0.4782231 0.7139332 0.5 0.7027768 0.5217769 0.7139332 0.5382299 0.7446747 0.545337 0.7874861 0.5454546 0.7940466 0.5413606 0.8319014 0.5272727 0.8670623 0.5272727 0.8961297 0.5295054 0.913658 0.5356553 0.9268814 0.5442117 0.9325522 0.5875052 0.9441392 0.6297053 0.9667455 0.6701198 1 0.8243336 1 0.8130249 0.9844368 0.8069164 0.9597916 0.8075516 0.9322925 0.8147702 0.9088886 0.8267478 0.8954942 0.8404578 0.8954942 0.8524355 0.9088886 0.859654 0.9322925 0.8608755 0.9484981 0.8602893 0.9597916 0.8541807 0.9844368 0.842872 1 1 1 1 0.2738092 0.9896199 0.1690269 0.9600601 0.0801969 0.9158205 0.0208425 0.8636364 0 0.1363636 0 0.0841795 0.0208425 0.03994 0.0801969 0.0103801 0.1690269 0 0.2738092 0 1 0.7804865 0.8851199 0.7768326 0.9125009 0.7668501 0.9325451 0.7532138 0.9398817 0.7395774 0.9325451 0.7295948 0.9125009 0.7259411 0.8851199 0.7295948 0.857739 0.7395774 0.8376949 0.7532138 0.8303581 0.7668501 0.8376949 0.7768326 0.857739 0.274059 0.8851199 0.2704051 0.9125009 0.2604226 0.9325451 0.2467863 0.9398817 0.2331499 0.9325451 0.2231674 0.9125009 0.2195135 0.8851199 0.2231674 0.857739 0.2331499 0.8376949 0.2467863 0.8303581 0.2604226 0.8376949 0.2704051 0.857739 0.6727273 0.5476183 0.6690734 0.5749993 0.6590909 0.5950435 0.6454545 0.6023802 0.6318182 0.5950435 0.6218356 0.5749993 0.6181818 0.5476183 0.6218356 0.5202374 0.6318182 0.5001932 0.6454545 0.4928565 0.6590909 0.5001932 0.6690734 0.5202374 0.3818182 0.5476183 0.3781643 0.5749993 0.3681818 0.5950435 0.3545454 0.6023802 0.3409091 0.5950435 0.3309266 0.5749993 0.3272727 0.5476183 0.3309266 0.5202374 0.3409091 0.5001932 0.3545454 0.4928565 0.3681818 0.5001932 0.3781643 0.5202374 0.9696909 0.5476183 0.9676618 0.5628239 0.9621182 0.5739551 0.9545454 0.5780294 0.9469727 0.5739551 0.9414291 0.5628239 0.9394 0.5476183 0.9414291 0.5324128 0.9469727 0.5212815 0.9545454 0.5172073 0.9621182 0.5212815 0.9676618 0.5324128 0.0606 0.5476183 0.0585709 0.5628239 0.0530273 0.5739551 0.0454545 0.5780294 0.0378818 0.5739551 0.0323382 0.5628239 0.0303091 0.5476183 0.0323382 0.5324128 0.0378818 0.5212815 0.0454545 0.5172073 0.0530273 0.5212815 0.0585709 0.5324128</float_array>
          <technique_common>
            <accessor count="164" source="#ID1584" stride="2">
              <param name="S" type="float" />
              <param name="T" type="float" />
            </accessor>
          </technique_common>
        </source>
        <vertices id="ID1585">
          <input semantic="POSITION" source="#ID1579" />
        </vertices>
        <triangles count="178" material="ID1586">
          <input semantic="VERTEX" source="#ID1585" offset="0" />
          <input semantic="NORMAL" source="#ID1581" offset="1" />
          <input semantic="TEXCOORD" source="#ID1583" offset="2" set="0" />
          <p>162 162 162 163 163 163 1 1 1 161 161 161 1 1 1 2 2 2 160 160 160 2 2 2 3 3 3 159 159 159 3 3 3 90 90 90 158 158 158 90 90 90 91 91 91 157 157 157 91 91 91 156 156 156 157 157 157 158 158 158 91 91 91 3 3 3 4 4 4 90 90 90 90 90 90 4 4 4 5 5 5 89 89 89 5 5 5 6 6 6 88 88 88 6 6 6 7 7 7 87 87 87 7 7 7 86 86 86 87 87 87 88 88 88 7 7 7 7 7 7 8 8 8 86 86 86 86 86 86 8 8 8 9 9 9 20 20 20 9 9 9 19 19 19 20 20 20 86 86 86 9 9 9 20 20 20 85 85 85 86 86 86 20 20 20 21 21 21 85 85 85 85 85 85 21 21 21 22 22 22 84 84 84 22 22 22 83 83 83 84 84 84 85 85 85 22 22 22 9 9 9 10 10 10 19 19 19 19 19 19 10 10 10 18 18 18 18 18 18 10 10 10 11 11 11 123 123 123 11 11 11 139 139 139 53 53 53 139 139 139 128 128 128 52 52 52 128 128 128 129 129 129 51 51 51 129 129 129 130 130 130 50 50 50 130 130 130 131 131 131 42 42 42 131 131 131 115 115 115 104 104 104 42 42 42 115 115 115 104 104 104 41 41 41 42 42 42 104 104 104 105 105 105 41 41 41 41 41 41 105 105 105 106 106 106 107 107 107 41 41 41 106 106 106 107 107 107 39 39 39 41 41 41 107 107 107 108 108 108 39 39 39 39 39 39 108 108 108 38 38 38 38 38 38 108 108 108 37 37 37 37 37 37 108 108 108 109 109 109 36 36 36 109 109 109 110 110 110 35 35 35 110 110 110 111 111 111 34 34 34 111 111 111 112 112 112 33 33 33 112 112 112 153 153 153 154 154 154 33 33 33 153 153 153 154 154 154 32 32 32 33 33 33 154 154 154 155 155 155 32 32 32 32 32 32 155 155 155 91 91 91 31 31 31 91 91 91 30 30 30 31 31 31 32 32 32 91 91 91 139 139 139 11 11 11 138 138 138 138 138 138 11 11 11 12 12 12 137 137 137 12 12 12 13 13 13 136 136 136 13 13 13 135 135 135 136 136 136 137 137 137 13 13 13 13 13 13 0 0 0 135 135 135 135 135 135 0 0 0 134 134 134 134 134 134 0 0 0 113 113 113 133 133 133 113 113 113 114 114 114 132 132 132 114 114 114 115 115 115 131 131 131 132 132 132 115 115 115 101 101 101 102 102 102 15 15 15 116 116 116 15 15 15 127 127 127 116 116 116 101 101 101 15 15 15 116 116 116 117 117 117 101 101 101 101 101 101 117 117 117 100 100 100 100 100 100 117 117 117 118 118 118 99 99 99 118 118 118 119 119 119 65 65 65 119 119 119 57 57 57 64 64 64 57 57 57 58 58 58 63 63 63 58 58 58 59 59 59 60 60 60 63 63 63 59 59 59 60 60 60 61 61 61 63 63 63 63 63 63 61 61 61 62 62 62 15 15 15 16 16 16 127 127 127 127 127 127 16 16 16 126 126 126 126 126 126 16 16 16 125 125 125 125 125 125 16 16 16 17 17 17 124 124 124 17 17 17 18 18 18 123 123 123 18 18 18 11 11 11 123 123 123 124 124 124 18 18 18 22 22 22 23 23 23 83 83 83 83 83 83 23 23 23 82 82 82 82 82 82 23 23 23 24 24 24 81 81 81 24 24 24 25 25 25 26 26 26 81 81 81 25 25 25 26 26 26 151 151 151 81 81 81 26 26 26 150 150 150 151 151 151 26 26 26 27 27 27 150 150 150 150 150 150 27 27 27 149 149 149 149 149 149 27 27 27 14 14 14 148 148 148 14 14 14 147 147 147 148 148 148 149 149 149 14 14 14 28 28 28 29 29 29 91 91 91 91 91 91 29 29 29 30 30 30 33 33 33 34 34 34 112 112 112 34 34 34 35 35 35 111 111 111 35 35 35 36 36 36 110 110 110 36 36 36 37 37 37 109 109 109 39 39 39 40 40 40 41 41 41 131 131 131 42 42 42 50 50 50 50 50 50 42 42 42 43 43 43 49 49 49 43 43 43 44 44 44 48 48 48 44 44 44 47 47 47 48 48 48 49 49 49 44 44 44 45 45 45 46 46 46 44 44 44 44 44 44 46 46 46 47 47 47 49 49 49 50 50 50 43 43 43 50 50 50 51 51 51 130 130 130 51 51 51 52 52 52 129 129 129 52 52 52 53 53 53 128 128 128 57 57 57 119 119 119 56 56 56 56 56 56 119 119 119 120 120 120 55 55 55 120 120 120 121 121 121 54 54 54 121 121 121 122 122 122 53 53 53 122 122 122 123 123 123 139 139 139 53 53 53 123 123 123 54 54 54 55 55 55 121 121 121 55 55 55 56 56 56 120 120 120 63 63 63 64 64 64 58 58 58 64 64 64 65 65 65 57 57 57 96 96 96 97 97 97 66 66 66 95 95 95 66 66 66 68 68 68 94 94 94 68 68 68 69 69 69 93 93 93 69 69 69 70 70 70 92 92 92 70 70 70 71 71 71 103 103 103 71 71 71 72 72 72 102 102 102 72 72 72 73 73 73 145 145 145 73 73 73 144 144 144 145 145 145 102 102 102 73 73 73 145 145 145 146 146 146 102 102 102 102 102 102 146 146 146 15 15 15 15 15 15 146 146 146 14 14 14 14 14 14 146 146 146 147 147 147 66 66 66 67 67 67 68 68 68 73 73 73 74 74 74 144 144 144 144 144 144 74 74 74 143 143 143 143 143 143 74 74 74 80 80 80 142 142 142 80 80 80 141 141 141 142 142 142 143 143 143 80 80 80 74 74 74 75 75 75 80 80 80 80 80 80 75 75 75 76 76 76 77 77 77 80 80 80 76 76 76 77 77 77 78 78 78 80 80 80 80 80 80 78 78 78 79 79 79 141 141 141 80 80 80 140 140 140 140 140 140 80 80 80 81 81 81 151 151 151 140 140 140 81 81 81 81 81 81 82 82 82 24 24 24 88 88 88 89 89 89 6 6 6 89 89 89 90 90 90 5 5 5 92 92 92 93 93 93 70 70 70 93 93 93 94 94 94 69 69 69 94 94 94 95 95 95 68 68 68 95 95 95 96 96 96 66 66 66 97 97 97 98 98 98 66 66 66 66 66 66 98 98 98 65 65 65 65 65 65 98 98 98 99 99 99 119 119 119 65 65 65 99 99 99 99 99 99 100 100 100 118 118 118 102 102 102 103 103 103 72 72 72 103 103 103 92 92 92 71 71 71 113 113 113 0 0 0 112 112 112 112 112 112 0 0 0 152 152 152 153 153 153 112 112 112 152 152 152 124 124 124 125 125 125 17 17 17 132 132 132 133 133 133 114 114 114 133 133 133 134 134 134 113 113 113 137 137 137 138 138 138 12 12 12 155 155 155 156 156 156 91 91 91 158 158 158 159 159 159 90 90 90 159 159 159 160 160 160 3 3 3 160 160 160 161 161 161 2 2 2 161 161 161 162 162 162 1 1 1 163 163 163 152 152 152 1 1 1 1 1 1 152 152 152 0 0 0 54 54 54 122 122 122 53 53 53</p>
        </triangles>
      </mesh>
    </geometry>
    <geometry id="ID1587">
      <mesh>
        <source id="ID1588">
          <float_array id="ID1589" count="27">-0.0439076 0.003 -0.0043 -0.0429474 0.0032456 -0.0043 -0.042223 0.0039221 -0.0043 -0.0419123 0.0048633 -0.0043 -0.0419123 0.0048633 0.0014881 -0.0419123 0.0048633 0.0047 -0.042223 0.0039221 0.0047 -0.0429474 0.0032456 0.0047 -0.0439076 0.003 0.0047</float_array>
          <technique_common>
            <accessor count="9" source="#ID1589" stride="3">
              <param name="X" type="float" />
              <param name="Y" type="float" />
              <param name="Z" type="float" />
            </accessor>
          </technique_common>
        </source>
        <source id="ID1590">
          <float_array id="ID1591" count="27">0 -1 0 0.4801241 -0.8772005 0 0.8423303 -0.5389617 0 0.9976611 -0.0683544 0 0.9976611 -0.0683544 0 0.9976611 -0.0683544 0 0.8423303 -0.5389617 0 0.4801241 -0.8772005 0 0 -1 0</float_array>
          <technique_common>
            <accessor count="9" source="#ID1591" stride="3">
              <param name="X" type="float" />
              <param name="Y" type="float" />
              <param name="Z" type="float" />
            </accessor>
          </technique_common>
        </source>
        <source id="ID1592">
          <float_array id="ID1593" count="18">1 0 1 0.3333333 1 0.6666667 1 1 0.3568825 1 0 1 0 0.6666667 0 0.3333333 0 0</float_array>
          <technique_common>
            <accessor count="9" source="#ID1593" stride="2">
              <param name="S" type="float" />
              <param name="T" type="float" />
            </accessor>
          </technique_common>
        </source>
        <vertices id="ID1594">
          <input semantic="POSITION" source="#ID1588" />
        </vertices>
        <triangles count="7" material="ID1595">
          <input semantic="VERTEX" source="#ID1594" offset="0" />
          <input semantic="NORMAL" source="#ID1590" offset="1" />
          <input semantic="TEXCOORD" source="#ID1592" offset="2" set="0" />
          <p>0 0 0 1 1 1 8 8 8 8 8 8 1 1 1 7 7 7 7 7 7 1 1 1 2 2 2 6 6 6 2 2 2 4 4 4 5 5 5 6 6 6 4 4 4 2 2 2 3 3 3 4 4 4 6 6 6 7 7 7 2 2 2</p>
        </triangles>
      </mesh>
    </geometry>
    <geometry id="ID1596">
      <mesh>
        <source id="ID1597">
          <float_array id="ID1598" count="54">-0.0439076 -0.003 0.0047 -0.0455 -0.003 0.0047 -0.0446146 -0.0010643 0.0047 -0.0446146 0.0010643 0.0047 -0.0455 0.003 0.0047 -0.0439076 0.003 0.0047 -0.0429474 0.0032456 0.0047 -0.042223 0.0039221 0.0047 -0.0419123 0.0048633 0.0047 -0.041961 0.0040096 0.0047 -0.0419902 0.003155 0.0047 -0.042 0.0023 0.0047 -0.042 -0.0023 0.0047 -0.0419902 -0.003155 0.0047 -0.041961 -0.0040096 0.0047 -0.0419123 -0.0048633 0.0047 -0.042223 -0.0039221 0.0047 -0.0429474 -0.0032456 0.0047</float_array>
          <technique_common>
            <accessor count="18" source="#ID1598" stride="3">
              <param name="X" type="float" />
              <param name="Y" type="float" />
              <param name="Z" type="float" />
            </accessor>
          </technique_common>
        </source>
        <source id="ID1599">
          <float_array id="ID1600" count="54">0 0 -1 0 0 -1 0 0 -1 0 0 -1 0 0 -1 0 0 -1 0 0 -1 0 0 -1 0 0 -1 0 0 -1 0 0 -1 0 0 -1 0 0 -1 0 0 -1 0 0 -1 0 0 -1 0 0 -1 0 0 -1</float_array>
          <technique_common>
            <accessor count="18" source="#ID1600" stride="3">
              <param name="X" type="float" />
              <param name="Y" type="float" />
              <param name="Z" type="float" />
            </accessor>
          </technique_common>
        </source>
        <source id="ID1601">
          <float_array id="ID1602" count="36">0.4438448 0.1915669 0 0.1915669 0.2467909 0.3905786 0.2467909 0.6094214 0 0.8084331 0.4438448 0.8084331 0.7114944 0.8336834 0.9134091 0.9032328 1 1 0.9864205 0.9122312 0.97827 0.8243712 0.9755528 0.7364653 0.9755528 0.2635346 0.97827 0.1756288 0.9864205 0.0877687 1 0 0.9134091 0.0967672 0.7114944 0.1663166</float_array>
          <technique_common>
            <accessor count="18" source="#ID1602" stride="2">
              <param name="S" type="float" />
              <param name="T" type="float" />
            </accessor>
          </technique_common>
        </source>
        <vertices id="ID1603">
          <input semantic="POSITION" source="#ID1597" />
        </vertices>
        <triangles count="16" material="ID1604">
          <input semantic="VERTEX" source="#ID1603" offset="0" />
          <input semantic="NORMAL" source="#ID1599" offset="1" />
          <input semantic="TEXCOORD" source="#ID1601" offset="2" set="0" />
          <p>1 1 1 2 2 2 0 0 0 0 0 0 2 2 2 12 12 12 17 17 17 12 12 12 13 13 13 16 16 16 13 13 13 14 14 14 15 15 15 16 16 16 14 14 14 12 12 12 2 2 2 11 11 11 11 11 11 2 2 2 3 3 3 5 5 5 3 3 3 4 4 4 5 5 5 11 11 11 3 3 3 5 5 5 6 6 6 11 11 11 11 11 11 6 6 6 10 10 10 10 10 10 6 6 6 7 7 7 9 9 9 7 7 7 8 8 8 9 9 9 10 10 10 7 7 7 16 16 16 17 17 17 13 13 13 17 17 17 0 0 0 12 12 12</p>
        </triangles>
      </mesh>
    </geometry>
    <geometry id="ID1605">
      <mesh>
        <source id="ID1606">
          <float_array id="ID1607" count="12">-0.042 -0.0023 0.0047 -0.042 0.0023 0.0047 -0.042 0.0023 0.009 -0.042 -0.0023 0.009</float_array>
          <technique_common>
            <accessor count="4" source="#ID1607" stride="3">
              <param name="X" type="float" />
              <param name="Y" type="float" />
              <param name="Z" type="float" />
            </accessor>
          </technique_common>
        </source>
        <source id="ID1608">
          <float_array id="ID1609" count="12">1 0 0 1 0 0 1 0 0 1 0 0</float_array>
          <technique_common>
            <accessor count="4" source="#ID1609" stride="3">
              <param name="X" type="float" />
              <param name="Y" type="float" />
              <param name="Z" type="float" />
            </accessor>
          </technique_common>
        </source>
        <source id="ID1610">
          <float_array id="ID1611" count="8">1 0 1 1 0 1 0 0</float_array>
          <technique_common>
            <accessor count="4" source="#ID1611" stride="2">
              <param name="S" type="float" />
              <param name="T" type="float" />
            </accessor>
          </technique_common>
        </source>
        <vertices id="ID1612">
          <input semantic="POSITION" source="#ID1606" />
        </vertices>
        <triangles count="2" material="ID1613">
          <input semantic="VERTEX" source="#ID1612" offset="0" />
          <input semantic="NORMAL" source="#ID1608" offset="1" />
          <input semantic="TEXCOORD" source="#ID1610" offset="2" set="0" />
          <p>1 1 1 2 2 2 0 0 0 0 0 0 2 2 2 3 3 3</p>
        </triangles>
      </mesh>
    </geometry>
    <geometry id="ID1614">
      <mesh>
        <source id="ID1615">
          <float_array id="ID1616" count="66">-0.0374761 -0.0134835 0.009 -0.0392096 -0.0164948 0.009 -0.0407511 -0.0118972 0.009 -0.0416865 -0.007139 0.009 -0.042 -0.0023 0.009 -0.042 0.0023 0.009 -0.0416865 0.007139 0.009 -0.0407511 0.0118972 0.009 -0.0392096 0.0164948 0.009 -0.0374761 0.0134835 0.009 -0.0372805 0.0130141 0.009 -0.0372096 0.0125105 0.009 -0.037268 0.0120053 0.009 -0.0376738 0.0100254 0.009 -0.0379183 0.0080193 0.009 -0.038 0.006 0.009 -0.038 -0.006 0.009 -0.0379183 -0.0080193 0.009 -0.0376738 -0.0100255 0.009 -0.037268 -0.0120053 0.009 -0.0372096 -0.0125105 0.009 -0.0372805 -0.0130141 0.009</float_array>
          <technique_common>
            <accessor count="22" source="#ID1616" stride="3">
              <param name="X" type="float" />
              <param name="Y" type="float" />
              <param name="Z" type="float" />
            </accessor>
          </technique_common>
        </source>
        <source id="ID1617">
          <float_array id="ID1618" count="66">0 0 -1 0 0 -1 0 0 -1 0 0 -1 0 0 -1 0 0 -1 0 0 -1 0 0 -1 0 0 -1 0 0 -1 0 0 -1 0 0 -1 0 0 -1 0 0 -1 0 0 -1 0 0 -1 0 0 -1 0 0 -1 0 0 -1 0 0 -1 0 0 -1 0 0 -1</float_array>
          <technique_common>
            <accessor count="22" source="#ID1618" stride="3">
              <param name="X" type="float" />
              <param name="Y" type="float" />
              <param name="Z" type="float" />
            </accessor>
          </technique_common>
        </source>
        <source id="ID1619">
          <float_array id="ID1620" count="44">0.9087194 0.9443624 1 0.5824968 0.8606336 0.2607038 0.7164026 0.0654499 0.569719 0 0.430281 0 0.2835974 0.0654499 0.1393663 0.2607038 0 0.5824968 0.0912805 0.9443624 0.1055103 0.9851995 0.1207755 1 0.1360892 0.9878083 0.1961026 0.9031033 0.2569135 0.8520589 0.3181244 0.8350064 0.6818756 0.8350064 0.7430865 0.8520589 0.8038973 0.9031033 0.8639107 0.9878083 0.8792245 1 0.8944898 0.9851995</float_array>
          <technique_common>
            <accessor count="22" source="#ID1620" stride="2">
              <param name="S" type="float" />
              <param name="T" type="float" />
            </accessor>
          </technique_common>
        </source>
        <vertices id="ID1621">
          <input semantic="POSITION" source="#ID1615" />
        </vertices>
        <triangles count="20" material="ID1622">
          <input semantic="VERTEX" source="#ID1621" offset="0" />
          <input semantic="NORMAL" source="#ID1617" offset="1" />
          <input semantic="TEXCOORD" source="#ID1619" offset="2" set="0" />
          <p>1 1 1 2 2 2 0 0 0 0 0 0 2 2 2 21 21 21 21 21 21 2 2 2 20 20 20 20 20 20 2 2 2 19 19 19 19 19 19 2 2 2 18 18 18 18 18 18 2 2 2 3 3 3 17 17 17 3 3 3 16 16 16 17 17 17 18 18 18 3 3 3 3 3 3 4 4 4 16 16 16 16 16 16 4 4 4 5 5 5 15 15 15 5 5 5 6 6 6 14 14 14 6 6 6 13 13 13 14 14 14 15 15 15 6 6 6 6 6 6 7 7 7 13 13 13 13 13 13 7 7 7 12 12 12 12 12 12 7 7 7 11 11 11 11 11 11 7 7 7 10 10 10 10 10 10 7 7 7 9 9 9 9 9 9 7 7 7 8 8 8 15 15 15 16 16 16 5 5 5</p>
        </triangles>
      </mesh>
    </geometry>
    <geometry id="ID1623">
      <mesh>
        <source id="ID1624">
          <float_array id="ID1625" count="24">-0.0374761 0.0134835 0.0145 -0.0372805 0.0130141 0.0145 -0.0372096 0.0125105 0.0145 -0.037268 0.0120053 0.0145 -0.037268 0.0120053 0.009 -0.0372096 0.0125105 0.009 -0.0372805 0.0130141 0.009 -0.0374761 0.0134835 0.009</float_array>
          <technique_common>
            <accessor count="8" source="#ID1625" stride="3">
              <param name="X" type="float" />
              <param name="Y" type="float" />
              <param name="Z" type="float" />
            </accessor>
          </technique_common>
        </source>
        <source id="ID1626">
          <float_array id="ID1627" count="24">0.8666604 0.4988985 0 0.9644724 0.2641836 0 0.9999233 0.0123869 0 0.9707208 -0.2402106 0 0.9707208 -0.2402106 0 0.9999233 0.0123869 0 0.9644724 0.2641836 0 0.8666604 0.4988985 0</float_array>
          <technique_common>
            <accessor count="8" source="#ID1627" stride="3">
              <param name="X" type="float" />
              <param name="Y" type="float" />
              <param name="Z" type="float" />
            </accessor>
          </technique_common>
        </source>
        <source id="ID1628">
          <float_array id="ID1629" count="16">1 0 1 0.3333333 1 0.6666667 1 1 0 1 0 0.6666667 0 0.3333333 0 0</float_array>
          <technique_common>
            <accessor count="8" source="#ID1629" stride="2">
              <param name="S" type="float" />
              <param name="T" type="float" />
            </accessor>
          </technique_common>
        </source>
        <vertices id="ID1630">
          <input semantic="POSITION" source="#ID1624" />
        </vertices>
        <triangles count="6" material="ID1631">
          <input semantic="VERTEX" source="#ID1630" offset="0" />
          <input semantic="NORMAL" source="#ID1626" offset="1" />
          <input semantic="TEXCOORD" source="#ID1628" offset="2" set="0" />
          <p>7 7 7 0 0 0 6 6 6 6 6 6 0 0 0 1 1 1 2 2 2 6 6 6 1 1 1 2 2 2 5 5 5 6 6 6 2 2 2 3 3 3 5 5 5 5 5 5 3 3 3 4 4 4</p>
        </triangles>
      </mesh>
    </geometry>
    <geometry id="ID1632">
      <mesh>
        <source id="ID1633">
          <float_array id="ID1634" count="222">-0.0495 0.00275 0.0145 -0.048125 0.0023816 0.0145 -0.0471184 0.001375 0.0145 -0.04675 0 0.0145 -0.0471184 -0.001375 0.0145 -0.048125 -0.0023816 0.0145 -0.0495 -0.00275 0.0145 -0.050875 -0.0023816 0.0145 -0.0518816 -0.001375 0.0145 -0.05225 0 0.0145 -0.0518816 0.001375 0.0145 -0.050875 0.0023816 0.0145 -0.063 -0.019 0.0145 -0.0645 -0.0185981 0.0145 -0.0655981 -0.0175 0.0145 -0.066 -0.016 0.0145 -0.0655981 -0.0145 0.0145 -0.0645 -0.0134019 0.0145 -0.063 -0.013 0.0145 -0.0615 -0.0134019 0.0145 -0.0604019 -0.0145 0.0145 -0.06 -0.016 0.0145 -0.0604019 -0.0175 0.0145 -0.0615 -0.0185981 0.0145 -0.063 0.013 0.0145 -0.0645 0.0134019 0.0145 -0.0655981 0.0145 0.0145 -0.066 0.016 0.0145 -0.0655981 0.0175 0.0145 -0.0645 0.0185981 0.0145 -0.063 0.019 0.0145 -0.0615 0.0185981 0.0145 -0.0604019 0.0175 0.0145 -0.06 0.016 0.0145 -0.0604019 0.0145 0.0145 -0.0615 0.0134019 0.0145 -0.093 -0.0113032 0.0145 -0.0927257 -0.0125565 0.0145 -0.0919529 -0.0135806 0.0145 -0.0908229 -0.0141882 0.0145 -0.0554579 -0.0242761 0.0145 -0.0541751 -0.0244953 0.0145 -0.0528751 -0.0244327 0.0145 -0.0516192 -0.0240912 0.0145 -0.0430302 -0.0207188 0.0145 -0.0419397 -0.020142 0.0145 -0.0410052 -0.0193367 0.0145 -0.0402737 -0.0183433 0.0145 -0.0374761 -0.0134835 0.0145 -0.0372805 -0.0130141 0.0145 -0.0372096 -0.0125105 0.0145 -0.037268 -0.0120053 0.0145 -0.0376738 -0.0100255 0.0145 -0.0379183 -0.0080193 0.0145 -0.038 -0.006 0.0145 -0.038 0.006 0.0145 -0.0379183 0.0080193 0.0145 -0.0376738 0.0100254 0.0145 -0.037268 0.0120053 0.0145 -0.0372096 0.0125105 0.0145 -0.0372805 0.0130141 0.0145 -0.0374761 0.0134835 0.0145 -0.0402737 0.0183433 0.0145 -0.0410052 0.0193367 0.0145 -0.0419397 0.020142 0.0145 -0.0430302 0.0207188 0.0145 -0.0516192 0.0240912 0.0145 -0.0528751 0.0244327 0.0145 -0.0541751 0.0244953 0.0145 -0.0554579 0.0242761 0.0145 -0.0908229 0.0141882 0.0145 -0.0919529 0.0135806 0.0145 -0.0927257 0.0125565 0.0145 -0.093 0.0113032 0.0145</float_array>
          <technique_common>
            <accessor count="74" source="#ID1634" stride="3">
              <param name="X" type="float" />
              <param name="Y" type="float" />
              <param name="Z" type="float" />
            </accessor>
          </technique_common>
        </source>
        <source id="ID1635">
          <float_array id="ID1636" count="222">0 0 1 0 0 1 0 0 1 0 0 1 0 0 1 0 0 1 0 0 1 0 0 1 0 0 1 0 0 1 0 0 1 0 0 1 0 0 1 0 0 1 0 0 1 0 0 1 0 0 1 0 0 1 0 0 1 0 0 1 0 0 1 0 0 1 0 0 1 0 0 1 0 0 1 0 0 1 0 0 1 0 0 1 0 0 1 0 0 1 0 0 1 0 0 1 0 0 1 0 0 1 0 0 1 0 0 1 0 0 1 0 0 1 0 0 1 0 0 1 0 0 1 0 0 1 0 0 1 0 0 1 0 0 1 0 0 1 0 0 1 0 0 1 0 0 1 0 0 1 0 0 1 0 0 1 0 0 1 0 0 1 0 0 1 0 0 1 0 0 1 0 0 1 0 0 1 0 0 1 0 0 1 0 0 1 0 0 1 0 0 1 0 0 1 0 0 1 0 0 1 0 0 1 0 0 1 0 0 1 0 0 1 0 0 1 0 0 1 0 0 1</float_array>
          <technique_common>
            <accessor count="74" source="#ID1636" stride="3">
              <param name="X" type="float" />
              <param name="Y" type="float" />
              <param name="Z" type="float" />
            </accessor>
          </technique_common>
        </source>
        <source id="ID1637">
          <float_array id="ID1638" count="148">0.4438668 0.7797043 0.4513873 0.8043501 0.4719334 0.8223921 0.5000001 0.8289959 0.5280666 0.8223921 0.5486128 0.8043501 0.5561333 0.7797043 0.5486128 0.7550585 0.5280666 0.7370165 0.5000001 0.7304126 0.4719334 0.7370165 0.4513873 0.7550585 0.8878296 0.5377271 0.8796255 0.5108407 0.8572115 0.4911586 0.8265934 0.4839544 0.7959753 0.4911586 0.7735612 0.5108407 0.7653571 0.5377271 0.7735612 0.5646135 0.7959753 0.5842956 0.8265934 0.5914998 0.8572115 0.5842956 0.8796255 0.5646135 0.234643 0.5377271 0.2264389 0.5108407 0.2040248 0.4911586 0.1734067 0.4839544 0.1427886 0.4911586 0.1203746 0.5108407 0.1121705 0.5377271 0.1203746 0.5646135 0.1427886 0.5842956 0.1734067 0.5914998 0.2040248 0.5842956 0.2264389 0.5646135 0.7307227 0 0.7563046 0.004917 0.7772079 0.0187688 0.78961 0.0390223 0.9955264 0.6729127 1 0.6959074 0.9987218 0.7192082 0.9917518 0.7417188 0.9229149 0.8956701 0.9111408 0.9152166 0.8947017 0.931967 0.8744244 0.9450786 0.775226 0.9952227 0.765644 0.9987292 0.7553646 1 0.7450525 0.9989532 0.7046403 0.9916801 0.6636911 0.9872972 0.6224725 0.985833 0.3775275 0.985833 0.336309 0.9872972 0.2953598 0.9916801 0.2549475 0.9989532 0.2446354 1 0.2343561 0.9987292 0.224774 0.9952227 0.1255756 0.9450786 0.1052984 0.931967 0.0888592 0.9152166 0.0770853 0.8956701 0.0082482 0.7417188 0.0012783 0.7192082 0 0.6959074 0.0044736 0.6729127 0.2103901 0.0390223 0.2227921 0.0187688 0.2436955 0.004917 0.2692774 0</float_array>
          <technique_common>
            <accessor count="74" source="#ID1638" stride="2">
              <param name="S" type="float" />
              <param name="T" type="float" />
            </accessor>
          </technique_common>
        </source>
        <vertices id="ID1639">
          <input semantic="POSITION" source="#ID1633" />
        </vertices>
        <triangles count="78" material="ID1640">
          <input semantic="VERTEX" source="#ID1639" offset="0" />
          <input semantic="NORMAL" source="#ID1635" offset="1" />
          <input semantic="TEXCOORD" source="#ID1637" offset="2" set="0" />
          <p>55 55 55 56 56 56 1 1 1 2 2 2 55 55 55 1 1 1 2 2 2 3 3 3 55 55 55 55 55 55 3 3 3 54 54 54 54 54 54 3 3 3 4 4 4 5 5 5 54 54 54 4 4 4 5 5 5 53 53 53 54 54 54 5 5 5 52 52 52 53 53 53 5 5 5 6 6 6 52 52 52 52 52 52 6 6 6 47 47 47 48 48 48 52 52 52 47 47 47 48 48 48 51 51 51 52 52 52 48 48 48 49 49 49 51 51 51 51 51 51 49 49 49 50 50 50 65 65 65 33 33 33 0 0 0 62 62 62 0 0 0 57 57 57 61 61 61 57 57 57 58 58 58 60 60 60 58 58 58 59 59 59 60 60 60 61 61 61 58 58 58 0 0 0 34 34 34 11 11 11 0 0 0 33 33 33 34 34 34 11 11 11 35 35 35 10 10 10 11 11 11 34 34 34 35 35 35 10 10 10 24 24 24 9 9 9 10 10 10 35 35 35 24 24 24 23 23 23 12 12 12 40 40 40 22 22 22 40 40 40 21 21 21 22 22 22 23 23 23 40 40 40 14 14 14 39 39 39 13 13 13 14 14 14 15 15 15 39 39 39 39 39 39 15 15 15 16 16 16 36 36 36 16 16 16 17 17 17 25 25 25 17 17 17 24 24 24 25 25 25 36 36 36 17 17 17 25 25 25 73 73 73 36 36 36 25 25 25 26 26 26 73 73 73 73 73 73 26 26 26 70 70 70 72 72 72 70 70 70 71 71 71 72 72 72 73 73 73 70 70 70 17 17 17 18 18 18 24 24 24 24 24 24 18 18 18 9 9 9 9 9 9 18 18 18 8 8 8 8 8 8 18 18 18 19 19 19 7 7 7 19 19 19 20 20 20 6 6 6 20 20 20 21 21 21 44 44 44 21 21 21 43 43 43 44 44 44 6 6 6 21 21 21 44 44 44 47 47 47 6 6 6 44 44 44 45 45 45 47 47 47 47 47 47 45 45 45 46 46 46 26 26 26 27 27 27 70 70 70 70 70 70 27 27 27 28 28 28 29 29 29 70 70 70 28 28 28 29 29 29 69 69 69 70 70 70 29 29 29 30 30 30 69 69 69 69 69 69 30 30 30 31 31 31 32 32 32 69 69 69 31 31 31 32 32 32 33 33 33 69 69 69 69 69 69 33 33 33 66 66 66 68 68 68 66 66 66 67 67 67 68 68 68 69 69 69 66 66 66 16 16 16 36 36 36 39 39 39 39 39 39 36 36 36 37 37 37 38 38 38 39 39 39 37 37 37 39 39 39 40 40 40 13 13 13 13 13 13 40 40 40 12 12 12 21 21 21 40 40 40 43 43 43 43 43 43 40 40 40 41 41 41 42 42 42 43 43 43 41 41 41 56 56 56 57 57 57 1 1 1 1 1 1 57 57 57 0 0 0 61 61 61 62 62 62 57 57 57 63 63 63 64 64 64 62 62 62 62 62 62 64 64 64 65 65 65 0 0 0 62 62 62 65 65 65 65 65 65 66 66 66 33 33 33 8 8 8 19 19 19 7 7 7 20 20 20 6 6 6 7 7 7</p>
        </triangles>
      </mesh>
    </geometry>
    <geometry id="ID1641">
      <mesh>
        <source id="ID1642">
          <float_array id="ID1643" count="102">0.0558 0.0451534 0.009 0.0558 0.0317503 0.009 0.0555433 0.0316815 0.009 0.0538399 0.0313038 0.009 0.0521101 0.0310761 0.009 0.0503669 0.031 0.009 -0.013 0.031 0.009 -0.0178269 0.0305296 0.009 -0.0224722 0.0291361 0.009 -0.026761 0.0268719 0.009 -0.0277355 0.0265456 0.009 -0.0287434 0.0267464 0.009 -0.0295186 0.0274212 0.009 -0.0298562 0.0283918 0.009 -0.0299737 0.0299559 0.009 -0.0224019 0.0353648 0.009 -0.0137337 0.0387486 0.009 -0.0045 0.0399 0.009 -0.004 0.0399 0.009 -0.0013353 0.0400778 0.009 0.0013353 0.0400778 0.009 0.004 0.0399 0.009 0.0102779 0.0399 0.009 0.0118428 0.039941 0.009 0.0134034 0.0400638 0.009 0.0149553 0.0402681 0.009 0.0344297 0.0433526 0.009 0.035473 0.0434899 0.009 0.0365221 0.0435725 0.009 0.037574 0.0436 0.009 0.044426 0.0436 0.009 0.0454675 0.0436273 0.009 0.0465061 0.043709 0.009 0.047539 0.043845 0.009</float_array>
          <technique_common>
            <accessor count="34" source="#ID1643" stride="3">
              <param name="X" type="float" />
              <param name="Y" type="float" />
              <param name="Z" type="float" />
            </accessor>
          </technique_common>
        </source>
        <source id="ID1644">
          <float_array id="ID1645" count="102">0 0 -1 0 0 -1 0 0 -1 0 0 -1 0 0 -1 0 0 -1 0 0 -1 0 0 -1 0 0 -1 0 0 -1 0 0 -1 0 0 -1 0 0 -1 0 0 -1 0 0 -1 0 0 -1 0 0 -1 0 0 -1 0 0 -1 0 0 -1 0 0 -1 0 0 -1 0 0 -1 0 0 -1 0 0 -1 0 0 -1 0 0 -1 0 0 -1 0 0 -1 0 0 -1 0 0 -1 0 0 -1 0 0 -1 0 0 -1</float_array>
          <technique_common>
            <accessor count="34" source="#ID1645" stride="3">
              <param name="X" type="float" />
              <param name="Y" type="float" />
              <param name="Z" type="float" />
            </accessor>
          </technique_common>
        </source>
        <source id="ID1646">
          <float_array id="ID1647" count="68">0 1 0.7202986 1 0.7239945 0.9970076 0.7442892 0.9771482 0.756528 0.9569806 0.7606179 0.9366583 0.7606179 0.1978896 0.7858983 0.1416146 0.8607871 0.0874573 0.9824667 0.037456 1 0.0260942 0.9892102 0.0143436 0.9529464 0.0053066 0.9007832 0.0013696 0.8167282 0 0.5260504 0.0882762 0.344203 0.1893352 0.2823242 0.2969875 0.2823242 0.3028168 0.272771 0.3338833 0.272771 0.3650189 0.2823242 0.3960854 0.2823242 0.4692774 0.280122 0.4875213 0.2735217 0.5057152 0.2625412 0.5238091 0.0967805 0.7508526 0.0893991 0.7630162 0.084962 0.7752469 0.0834818 0.7875111 0.0834818 0.8673949 0.082016 0.8795371 0.0776232 0.8916461 0.0703152 0.9036886</float_array>
          <technique_common>
            <accessor count="34" source="#ID1647" stride="2">
              <param name="S" type="float" />
              <param name="T" type="float" />
            </accessor>
          </technique_common>
        </source>
        <vertices id="ID1648">
          <input semantic="POSITION" source="#ID1642" />
        </vertices>
        <triangles count="32" material="ID1649">
          <input semantic="VERTEX" source="#ID1648" offset="0" />
          <input semantic="NORMAL" source="#ID1644" offset="1" />
          <input semantic="TEXCOORD" source="#ID1646" offset="2" set="0" />
          <p>1 1 1 2 2 2 0 0 0 0 0 0 2 2 2 3 3 3 33 33 33 3 3 3 4 4 4 5 5 5 33 33 33 4 4 4 5 5 5 32 32 32 33 33 33 5 5 5 31 31 31 32 32 32 5 5 5 30 30 30 31 31 31 5 5 5 29 29 29 30 30 30 5 5 5 28 28 28 29 29 29 5 5 5 27 27 27 28 28 28 5 5 5 26 26 26 27 27 27 5 5 5 25 25 25 26 26 26 5 5 5 24 24 24 25 25 25 5 5 5 6 6 6 24 24 24 24 24 24 6 6 6 23 23 23 23 23 23 6 6 6 22 22 22 22 22 22 6 6 6 21 21 21 21 21 21 6 6 6 20 20 20 20 20 20 6 6 6 19 19 19 19 19 19 6 6 6 18 18 18 18 18 18 6 6 6 17 17 17 17 17 17 6 6 6 16 16 16 16 16 16 6 6 6 7 7 7 15 15 15 7 7 7 8 8 8 14 14 14 8 8 8 9 9 9 13 13 13 9 9 9 12 12 12 13 13 13 14 14 14 9 9 9 10 10 10 11 11 11 9 9 9 9 9 9 11 11 11 12 12 12 14 14 14 15 15 15 8 8 8 15 15 15 16 16 16 7 7 7 33 33 33 0 0 0 3 3 3</p>
        </triangles>
      </mesh>
    </geometry>
    <geometry id="ID1650">
      <mesh>
        <source id="ID1651">
          <float_array id="ID1652" count="12">-0.0045 0.0399 0.0005 -0.004 0.0399 0.0005 -0.004 0.0399 0.009 -0.0045 0.0399 0.009</float_array>
          <technique_common>
            <accessor count="4" source="#ID1652" stride="3">
              <param name="X" type="float" />
              <param name="Y" type="float" />
              <param name="Z" type="float" />
            </accessor>
          </technique_common>
        </source>
        <source id="ID1653">
          <float_array id="ID1654" count="12">0 -1 0 0 -1 0 0 -1 0 0 -1 0</float_array>
          <technique_common>
            <accessor count="4" source="#ID1654" stride="3">
              <param name="X" type="float" />
              <param name="Y" type="float" />
              <param name="Z" type="float" />
            </accessor>
          </technique_common>
        </source>
        <source id="ID1655">
          <float_array id="ID1656" count="8">1 1 0 1 0 0 1 0</float_array>
          <technique_common>
            <accessor count="4" source="#ID1656" stride="2">
              <param name="S" type="float" />
              <param name="T" type="float" />
            </accessor>
          </technique_common>
        </source>
        <vertices id="ID1657">
          <input semantic="POSITION" source="#ID1651" />
        </vertices>
        <triangles count="2" material="ID1658">
          <input semantic="VERTEX" source="#ID1657" offset="0" />
          <input semantic="NORMAL" source="#ID1653" offset="1" />
          <input semantic="TEXCOORD" source="#ID1655" offset="2" set="0" />
          <p>0 0 0 1 1 1 3 3 3 3 3 3 1 1 1 2 2 2</p>
        </triangles>
      </mesh>
    </geometry>
    <geometry id="ID1659">
      <mesh>
        <source id="ID1660">
          <float_array id="ID1661" count="297">0.072 0.0493905 0.0005 0.0719888 0.0491319 0.0005 0.0719554 0.0488753 0.0005 0.0719 0.0486224 0.0005 0.0718033 0.0482574 0.0005 0.0712251 0.0471401 0.0005 0.0702281 0.0463728 0.0005 0.069 0.0461 0.0005 0.0641451 0.0461 0.0005 0.0625697 0.0460587 0.0005 0.0609987 0.0459351 0.0005 0.0594364 0.0457294 0.0005 0.047539 0.043845 0.0005 0.0465061 0.043709 0.0005 0.0454675 0.0436273 0.0005 0.044426 0.0436 0.0005 0.037574 0.0436 0.0005 0.0365221 0.0435725 0.0005 0.035473 0.0434899 0.0005 0.0344297 0.0433526 0.0005 0.0149553 0.0402681 0.0005 0.0134034 0.0400638 0.0005 0.0118428 0.039941 0.0005 0.0102779 0.0399 0.0005 0.004 0.0399 0.0005 0.0013353 0.0400778 0.0005 -0.0013353 0.0400778 0.0005 -0.004 0.0399 0.0005 -0.0045 0.0399 0.0005 -0.0090726 0.0396209 0.0005 -0.0135774 0.0387878 0.0005 -0.0179474 0.0374131 0.0005 -0.0179474 0.055 0.0005 0.069 0.055 0.0005 0.0705 0.0545981 0.0005 0.0715981 0.0535 0.0005 0.072 0.052 0.0005 0.04298 0.0485 0.0005 0.03902 0.0485 0.0005 0.03887 0.0484598 0.0005 0.0387602 0.04835 0.0005 0.03872 0.0482 0.0005 0.0387602 0.04805 0.0005 0.0407402 0.04462 0.0005 0.0407879 0.0445579 0.0005 0.04085 0.0445102 0.0005 0.0409223 0.0444802 0.0005 0.041 0.04447 0.0005 0.0410777 0.0444802 0.0005 0.04115 0.0445102 0.0005 0.0412121 0.0445579 0.0005 0.0412598 0.04462 0.0005 0.0432398 0.04805 0.0005 0.04328 0.0482 0.0005 0.0432398 0.04835 0.0005 0.04313 0.0484598 0.0005 0.00198 0.0449 0.0005 -0.00198 0.0449 0.0005 -0.00213 0.0448598 0.0005 -0.0022398 0.04475 0.0005 -0.00228 0.0446 0.0005 -0.0022398 0.04445 0.0005 -0.0002598 0.04102 0.0005 -0.0002121 0.0409579 0.0005 -0.00015 0.0409102 0.0005 -0.0000777 0.0408802 0.0005 0 0.04087 0.0005 0.0000777 0.0408802 0.0005 0.00015 0.0409102 0.0005 0.0002121 0.0409579 0.0005 0.0002598 0.04102 0.0005 0.0022398 0.04445 0.0005 0.00228 0.0446 0.0005 0.0022398 0.04475 0.0005 0.00213 0.0448598 0.0005 0.057 0.048334 0.0005 0.057833 0.0485572 0.0005 0.0584428 0.049167 0.0005 0.058666 0.05 0.0005 0.0584428 0.050833 0.0005 0.057833 0.0514428 0.0005 0.057 0.051666 0.0005 0.056167 0.0514428 0.0005 0.0555572 0.050833 0.0005 0.055334 0.05 0.0005 0.0555572 0.049167 0.0005 0.056167 0.0485572 0.0005 -0.013 0.048334 0.0005 -0.012167 0.0485572 0.0005 -0.0115572 0.049167 0.0005 -0.011334 0.05 0.0005 -0.0115572 0.050833 0.0005 -0.012167 0.0514428 0.0005 -0.013 0.051666 0.0005 -0.013833 0.0514428 0.0005 -0.0144428 0.050833 0.0005 -0.014666 0.05 0.0005 -0.0144428 0.049167 0.0005 -0.013833 0.0485572 0.0005</float_array>
          <technique_common>
            <accessor count="99" source="#ID1661" stride="3">
              <param name="X" type="float" />
              <param name="Y" type="float" />
              <param name="Z" type="float" />
            </accessor>
          </technique_common>
        </source>
        <source id="ID1662">
          <float_array id="ID1663" count="297">0 0 -1 0 0 -1 0 0 -1 0 0 -1 0 0 -1 0 0 -1 0 0 -1 0 0 -1 0 0 -1 0 0 -1 0 0 -1 0 0 -1 0 0 -1 0 0 -1 0 0 -1 0 0 -1 0 0 -1 0 0 -1 0 0 -1 0 0 -1 0 0 -1 0 0 -1 0 0 -1 0 0 -1 0 0 -1 0 0 -1 0 0 -1 0 0 -1 0 0 -1 0 0 -1 0 0 -1 0 0 -1 0 0 -1 0 0 -1 0 0 -1 0 0 -1 0 0 -1 0 0 -1 0 0 -1 0 0 -1 0 0 -1 0 0 -1 0 0 -1 0 0 -1 0 0 -1 0 0 -1 0 0 -1 0 0 -1 0 0 -1 0 0 -1 0 0 -1 0 0 -1 0 0 -1 0 0 -1 0 0 -1 0 0 -1 0 0 -1 0 0 -1 0 0 -1 0 0 -1 0 0 -1 0 0 -1 0 0 -1 0 0 -1 0 0 -1 0 0 -1 0 0 -1 0 0 -1 0 0 -1 0 0 -1 0 0 -1 0 0 -1 0 0 -1 0 0 -1 0 0 -1 0 0 -1 0 0 -1 0 0 -1 0 0 -1 0 0 -1 0 0 -1 0 0 -1 0 0 -1 0 0 -1 0 0 -1 0 0 -1 0 0 -1 0 0 -1 0 0 -1 0 0 -1 0 0 -1 0 0 -1 0 0 -1 0 0 -1 0 0 -1 0 0 -1 0 0 -1 0 0 -1 0 0 -1</float_array>
          <technique_common>
            <accessor count="99" source="#ID1663" stride="3">
              <param name="X" type="float" />
              <param name="Y" type="float" />
              <param name="Z" type="float" />
            </accessor>
          </technique_common>
        </source>
        <source id="ID1664">
          <float_array id="ID1665" count="198">0.3189571 1 0.3336607 0.9998758 0.3482558 0.9995043 0.3626323 0.9988883 0.383384 0.9978136 0.4469146 0.9913849 0.4905429 0.9803008 0.5060595 0.9666472 0.5060595 0.9126717 0.5084055 0.8951581 0.515435 0.8776923 0.5271305 0.8603225 0.6342755 0.7280524 0.6420078 0.7165686 0.6466565 0.7050216 0.6482078 0.6934428 0.6482078 0.6172657 0.6497729 0.6055705 0.6544685 0.5939074 0.6622771 0.5823082 0.8376596 0.3658 0.8492787 0.3485456 0.8562614 0.331196 0.8585918 0.3137985 0.8585918 0.2440028 0.848484 0.2143779 0.848484 0.1846869 0.8585918 0.155062 0.8585918 0.1495032 0.8744606 0.0986663 0.9218309 0.0485841 1 0 0 0 0 0.9666472 0.0228531 0.9833236 0.0852905 0.9955316 0.1705811 1 0.3695923 0.6773671 0.3695923 0.6333414 0.3718776 0.6316738 0.378121 0.630453 0.3866498 0.6300061 0.3951785 0.6304528 0.59021 0.6524656 0.5937429 0.6529957 0.5964542 0.6536865 0.5981582 0.6544909 0.5987395 0.6553542 0.5981582 0.6562175 0.5964542 0.657022 0.5937429 0.6577128 0.59021 0.6582428 0.3951785 0.6802557 0.3866498 0.6807023 0.378121 0.6802555 0.3718776 0.6790347 0.57429 0.2215452 0.57429 0.1775196 0.5765744 0.1758519 0.5828178 0.1746312 0.5913465 0.1741843 0.5998761 0.174631 0.7949067 0.1966438 0.7984397 0.1971739 0.8011519 0.1978647 0.8028558 0.1986691 0.8034372 0.1995324 0.8028558 0.2003957 0.8011519 0.2012001 0.7984397 0.2018909 0.7949067 0.202421 0.5998761 0.2244339 0.5913465 0.2248805 0.5828178 0.2244337 0.5765744 0.2232129 0.3790312 0.8332359 0.3663396 0.8424969 0.3316661 0.8492764 0.2843018 0.8517578 0.2369375 0.8492764 0.202264 0.8424969 0.1895724 0.8332359 0.202264 0.823975 0.2369375 0.8171955 0.2843018 0.814714 0.3316661 0.8171955 0.3663396 0.823975 0.3790312 0.0550035 0.3663396 0.0642645 0.3316661 0.071044 0.2843018 0.0735255 0.2369375 0.071044 0.202264 0.0642645 0.1895724 0.0550035 0.202264 0.0457426 0.2369375 0.0389631 0.2843018 0.0364816 0.3316661 0.0389631 0.3663396 0.0457426</float_array>
          <technique_common>
            <accessor count="99" source="#ID1665" stride="2">
              <param name="S" type="float" />
              <param name="T" type="float" />
            </accessor>
          </technique_common>
        </source>
        <vertices id="ID1666">
          <input semantic="POSITION" source="#ID1660" />
        </vertices>
        <triangles count="105" material="ID1667">
          <input semantic="VERTEX" source="#ID1666" offset="0" />
          <input semantic="NORMAL" source="#ID1662" offset="1" />
          <input semantic="TEXCOORD" source="#ID1664" offset="2" set="0" />
          <p>1 1 1 2 2 2 0 0 0 0 0 0 2 2 2 3 3 3 7 7 7 3 3 3 4 4 4 6 6 6 4 4 4 5 5 5 6 6 6 7 7 7 4 4 4 9 9 9 78 78 78 8 8 8 9 9 9 10 10 10 78 78 78 78 78 78 10 10 10 77 77 77 77 77 77 10 10 10 11 11 11 76 76 76 11 11 11 75 75 75 76 76 76 77 77 77 11 11 11 75 75 75 11 11 11 86 86 86 86 86 86 11 11 11 12 12 12 85 85 85 12 12 12 84 84 84 85 85 85 86 86 86 12 12 12 13 13 13 52 52 52 12 12 12 13 13 13 14 14 14 52 52 52 52 52 52 14 14 14 15 15 15 51 51 51 15 15 15 50 50 50 51 51 51 52 52 52 15 15 15 45 45 45 46 46 46 16 16 16 44 44 44 16 16 16 43 43 43 44 44 44 45 45 45 16 16 16 43 43 43 16 16 16 42 42 42 42 42 42 16 16 16 17 17 17 18 18 18 42 42 42 17 17 17 18 18 18 41 41 41 42 42 42 18 18 18 19 19 19 41 41 41 41 41 41 19 19 19 40 40 40 40 40 40 19 19 19 20 20 20 39 39 39 20 20 20 74 74 74 92 92 92 74 74 74 56 56 56 91 91 91 56 56 56 57 57 57 90 90 90 57 57 57 58 58 58 59 59 59 90 90 90 58 58 58 59 59 59 89 89 89 90 90 90 59 59 59 60 60 60 89 89 89 89 89 89 60 60 60 29 29 29 88 88 88 29 29 29 87 87 87 88 88 88 89 89 89 29 29 29 74 74 74 20 20 20 73 73 73 73 73 73 20 20 20 21 21 21 22 22 22 73 73 73 21 21 21 22 22 22 23 23 23 73 73 73 73 73 73 23 23 23 72 72 72 72 72 72 23 23 23 24 24 24 71 71 71 24 24 24 25 25 25 70 70 70 25 25 25 69 69 69 70 70 70 71 71 71 25 25 25 64 64 64 65 65 65 26 26 26 63 63 63 26 26 26 62 62 62 63 63 63 64 64 64 26 26 26 62 62 62 26 26 26 61 61 61 61 61 61 26 26 26 27 27 27 28 28 28 61 61 61 27 27 27 28 28 28 60 60 60 61 61 61 28 28 28 29 29 29 60 60 60 29 29 29 30 30 30 87 87 87 87 87 87 30 30 30 98 98 98 98 98 98 30 30 30 31 31 31 97 97 97 31 31 31 32 32 32 96 96 96 32 32 32 95 95 95 96 96 96 97 97 97 32 32 32 79 79 79 80 80 80 33 33 33 78 78 78 33 33 33 8 8 8 78 78 78 79 79 79 33 33 33 34 34 34 36 36 36 33 33 33 34 34 34 35 35 35 36 36 36 36 36 36 0 0 0 33 33 33 33 33 33 0 0 0 7 7 7 8 8 8 33 33 33 7 7 7 55 55 55 37 37 37 82 82 82 83 83 83 55 55 55 82 82 82 83 83 83 54 54 54 55 55 55 83 83 83 84 84 84 54 54 54 54 54 54 84 84 84 53 53 53 53 53 53 84 84 84 12 12 12 52 52 52 53 53 53 12 12 12 74 74 74 92 92 92 39 39 39 39 39 39 92 92 92 32 32 32 38 38 38 32 32 32 81 81 81 82 82 82 38 38 38 81 81 81 82 82 82 37 37 37 38 38 38 39 39 39 40 40 40 20 20 20 46 46 46 47 47 47 16 16 16 16 16 16 47 47 47 15 15 15 15 15 15 47 47 47 48 48 48 49 49 49 15 15 15 48 48 48 49 49 49 50 50 50 15 15 15 65 65 65 66 66 66 26 26 26 26 26 26 66 66 66 25 25 25 25 25 25 66 66 66 67 67 67 68 68 68 25 25 25 67 67 67 68 68 68 69 69 69 25 25 25 71 71 71 72 72 72 24 24 24 80 80 80 81 81 81 33 33 33 33 33 33 81 81 81 32 32 32 90 90 90 91 91 91 57 57 57 91 91 91 92 92 92 56 56 56 92 92 92 93 93 93 32 32 32 32 32 32 93 93 93 94 94 94 95 95 95 32 32 32 94 94 94 97 97 97 98 98 98 31 31 31 0 0 0 3 3 3 7 7 7 39 39 39 32 32 32 38 38 38</p>
        </triangles>
      </mesh>
    </geometry>
    <geometry id="ID1668">
      <mesh>
        <source id="ID1669">
          <float_array id="ID1670" count="18">-0.0179474 0.0374131 0.0005 -0.0242867 0.0342726 -0.0009054 -0.0242867 0.055 -0.0009054 -0.0222495 0.055 -0.0001302 -0.0201214 0.055 0.0003416 -0.0179474 0.055 0.0005</float_array>
          <technique_common>
            <accessor count="6" source="#ID1670" stride="3">
              <param name="X" type="float" />
              <param name="Y" type="float" />
              <param name="Z" type="float" />
            </accessor>
          </technique_common>
        </source>
        <source id="ID1671">
          <float_array id="ID1672" count="18">0 0 -1 0.4226183 0 -0.9063078 0.4226183 0 -0.9063078 0.2868032 0 -0.9579895 0.1449319 0 -0.9894416 0 0 -1</float_array>
          <technique_common>
            <accessor count="6" source="#ID1672" stride="3">
              <param name="X" type="float" />
              <param name="Y" type="float" />
              <param name="Z" type="float" />
            </accessor>
          </technique_common>
        </source>
        <source id="ID1673">
          <float_array id="ID1674" count="12">0.8484875 1 1 0 0 0 0 0.3333333 0 0.6666666 0 1</float_array>
          <technique_common>
            <accessor count="6" source="#ID1674" stride="2">
              <param name="S" type="float" />
              <param name="T" type="float" />
            </accessor>
          </technique_common>
        </source>
        <vertices id="ID1675">
          <input semantic="POSITION" source="#ID1669" />
        </vertices>
        <triangles count="4" material="ID1676">
          <input semantic="VERTEX" source="#ID1675" offset="0" />
          <input semantic="NORMAL" source="#ID1671" offset="1" />
          <input semantic="TEXCOORD" source="#ID1673" offset="2" set="0" />
          <p>5 5 5 0 0 0 4 4 4 4 4 4 0 0 0 1 1 1 3 3 3 1 1 1 2 2 2 3 3 3 4 4 4 1 1 1</p>
        </triangles>
      </mesh>
    </geometry>
    <geometry id="ID1677">
      <mesh>
        <source id="ID1678">
          <float_array id="ID1679" count="18">-0.0242867 0.0342726 -0.0009054 -0.0247076 0.0340082 -0.0011017 -0.025125 0.0337383 -0.0012963 -0.0255388 0.033463 -0.0014892 -0.0255388 0.055 -0.0014892 -0.0242867 0.055 -0.0009054</float_array>
          <technique_common>
            <accessor count="6" source="#ID1679" stride="3">
              <param name="X" type="float" />
              <param name="Y" type="float" />
              <param name="Z" type="float" />
            </accessor>
          </technique_common>
        </source>
        <source id="ID1680">
          <float_array id="ID1681" count="18">0.4226183 0 -0.9063078 0.4226183 0 -0.9063078 0.4226183 0 -0.9063078 0.4226183 0 -0.9063078 0.4226183 0 -0.9063078 0.4226183 0 -0.9063078</float_array>
          <technique_common>
            <accessor count="6" source="#ID1681" stride="3">
              <param name="X" type="float" />
              <param name="Y" type="float" />
              <param name="Z" type="float" />
            </accessor>
          </technique_common>
        </source>
        <source id="ID1682">
          <float_array id="ID1683" count="12">1 0.0375925 0.6638267 0.0253186 0.330474 0.0127868 0 0 0 1 1 1</float_array>
          <technique_common>
            <accessor count="6" source="#ID1683" stride="2">
              <param name="S" type="float" />
              <param name="T" type="float" />
            </accessor>
          </technique_common>
        </source>
        <vertices id="ID1684">
          <input semantic="POSITION" source="#ID1678" />
        </vertices>
        <triangles count="4" material="ID1685">
          <input semantic="VERTEX" source="#ID1684" offset="0" />
          <input semantic="NORMAL" source="#ID1680" offset="1" />
          <input semantic="TEXCOORD" source="#ID1682" offset="2" set="0" />
          <p>5 5 5 0 0 0 4 4 4 4 4 4 0 0 0 1 1 1 2 2 2 4 4 4 1 1 1 2 2 2 3 3 3 4 4 4</p>
        </triangles>
      </mesh>
    </geometry>
    <geometry id="ID1686">
      <mesh>
        <source id="ID1687">
          <float_array id="ID1688" count="42">-0.0255388 0.033463 -0.0014892 -0.0315968 0.0283661 -0.0035601 -0.0365328 0.0219891 -0.0042527 -0.0370439 0.021048 -0.004277 -0.037229 0.020659 -0.0042837 -0.037414 0.0202699 -0.0042892 -0.0382173 0.0187132 -0.0043 -0.0382173 0.0356767 -0.0043 -0.0380387 0.0366963 -0.0042995 -0.0382173 0.0377159 -0.0043 -0.0382173 0.055 -0.0043 -0.0338694 0.055 -0.0039832 -0.0296132 0.055 -0.0030397 -0.0255388 0.055 -0.0014892</float_array>
          <technique_common>
            <accessor count="14" source="#ID1688" stride="3">
              <param name="X" type="float" />
              <param name="Y" type="float" />
              <param name="Z" type="float" />
            </accessor>
          </technique_common>
        </source>
        <source id="ID1689">
          <float_array id="ID1690" count="42">0.4226183 0 -0.9063078 0.2206861 0 -0.9753449 0.0561516 0 -0.9984223 0.0391126 0 -0.9992348 0.0329453 0 -0.9994572 0.0267768 0 -0.9996414 0 0 -1 0 0 -1 0.0059528 0 -0.9999823 0 0 -1 0 0 -1 0.1449319 0 -0.9894416 0.2868032 0 -0.9579895 0.4226183 0 -0.9063078</float_array>
          <technique_common>
            <accessor count="14" source="#ID1690" stride="3">
              <param name="X" type="float" />
              <param name="Y" type="float" />
              <param name="Z" type="float" />
            </accessor>
          </technique_common>
        </source>
        <source id="ID1691">
          <float_array id="ID1692" count="28">0.4064775 1 0.2660173 0.5099733 0.0902791 0.1287577 0.0643424 0.0896624 0.0536227 0.0755188 0.0429006 0.0613753 0 0 0.4674844 0 0.495583 0.0136428 0.5236817 0 1 0 1 0.3333333 1 0.6666667 1 1</float_array>
          <technique_common>
            <accessor count="14" source="#ID1692" stride="2">
              <param name="S" type="float" />
              <param name="T" type="float" />
            </accessor>
          </technique_common>
        </source>
        <vertices id="ID1693">
          <input semantic="POSITION" source="#ID1687" />
        </vertices>
        <triangles count="12" material="ID1694">
          <input semantic="VERTEX" source="#ID1693" offset="0" />
          <input semantic="NORMAL" source="#ID1689" offset="1" />
          <input semantic="TEXCOORD" source="#ID1691" offset="2" set="0" />
          <p>13 13 13 0 0 0 12 12 12 12 12 12 0 0 0 1 1 1 11 11 11 1 1 1 2 2 2 8 8 8 2 2 2 3 3 3 4 4 4 8 8 8 3 3 3 4 4 4 7 7 7 8 8 8 4 4 4 5 5 5 7 7 7 7 7 7 5 5 5 6 6 6 9 9 9 10 10 10 8 8 8 8 8 8 10 10 10 11 11 11 2 2 2 8 8 8 11 11 11 11 11 11 12 12 12 1 1 1</p>
        </triangles>
      </mesh>
    </geometry>
    <geometry id="ID1695">
      <mesh>
        <source id="ID1696">
          <float_array id="ID1697" count="78">-0.063 0.048334 0.0145 -0.062167 0.0485572 0.0145 -0.0615572 0.049167 0.0145 -0.061334 0.05 0.0145 -0.0615572 0.050833 0.0145 -0.062167 0.0514428 0.0145 -0.063 0.051666 0.0145 -0.063833 0.0514428 0.0145 -0.0644428 0.050833 0.0145 -0.064666 0.05 0.0145 -0.0644428 0.049167 0.0145 -0.063833 0.0485572 0.0145 -0.063 0.048334 -0.0043 -0.063833 0.0485572 -0.0043 -0.0644428 0.049167 -0.0043 -0.064666 0.05 -0.0043 -0.0644428 0.050833 -0.0043 -0.063833 0.0514428 -0.0043 -0.063 0.051666 -0.0043 -0.062167 0.0514428 -0.0043 -0.0615572 0.050833 -0.0043 -0.061334 0.05 -0.0043 -0.0615572 0.049167 -0.0043 -0.062167 0.0485572 -0.0043 -0.063 0.048334 -0.0043 -0.063 0.048334 0.0145</float_array>
          <technique_common>
            <accessor count="26" source="#ID1697" stride="3">
              <param name="X" type="float" />
              <param name="Y" type="float" />
              <param name="Z" type="float" />
            </accessor>
          </technique_common>
        </source>
        <source id="ID1698">
          <float_array id="ID1699" count="78">0 1 0 -0.5 0.8660254 0 -0.8660254 0.5 0 -1 0 0 -0.8660254 -0.5 0 -0.5 -0.8660254 0 0 -1 0 0.5 -0.8660254 0 0.8660254 -0.5 0 1 0 0 0.8660254 0.5 0 0.5 0.8660254 0 0 1 0 0.5 0.8660254 0 0.8660254 0.5 0 1 0 0 0.8660254 -0.5 0 0.5 -0.8660254 0 0 -1 0 -0.5 -0.8660254 0 -0.8660254 -0.5 0 -1 0 0 -0.8660254 0.5 0 -0.5 0.8660254 0 0 1 0 0 1 0</float_array>
          <technique_common>
            <accessor count="26" source="#ID1699" stride="3">
              <param name="X" type="float" />
              <param name="Y" type="float" />
              <param name="Z" type="float" />
            </accessor>
          </technique_common>
        </source>
        <source id="ID1700">
          <float_array id="ID1701" count="52">0 0 0 0.0833334 0 0.1666667 0 0.25 0 0.3333333 0 0.4166667 0 0.5 0 0.5833334 0 0.6666667 0 0.75 0 0.8333333 0 0.9166666 1 1 1 0.9166666 1 0.8333333 1 0.75 1 0.6666667 1 0.5833334 1 0.5 1 0.4166667 1 0.3333333 1 0.25 1 0.1666667 1 0.0833334 1 0 0 1</float_array>
          <technique_common>
            <accessor count="26" source="#ID1701" stride="2">
              <param name="S" type="float" />
              <param name="T" type="float" />
            </accessor>
          </technique_common>
        </source>
        <vertices id="ID1702">
          <input semantic="POSITION" source="#ID1696" />
        </vertices>
        <triangles count="24" material="ID1703">
          <input semantic="VERTEX" source="#ID1702" offset="0" />
          <input semantic="NORMAL" source="#ID1698" offset="1" />
          <input semantic="TEXCOORD" source="#ID1700" offset="2" set="0" />
          <p>1 1 1 24 24 24 0 0 0 1 1 1 23 23 23 24 24 24 1 1 1 2 2 2 23 23 23 23 23 23 2 2 2 22 22 22 22 22 22 2 2 2 3 3 3 21 21 21 3 3 3 4 4 4 20 20 20 4 4 4 5 5 5 19 19 19 5 5 5 6 6 6 18 18 18 6 6 6 7 7 7 17 17 17 7 7 7 8 8 8 16 16 16 8 8 8 9 9 9 15 15 15 9 9 9 10 10 10 14 14 14 10 10 10 11 11 11 13 13 13 11 11 11 25 25 25 12 12 12 13 13 13 25 25 25 13 13 13 14 14 14 11 11 11 14 14 14 15 15 15 10 10 10 15 15 15 16 16 16 9 9 9 16 16 16 17 17 17 8 8 8 17 17 17 18 18 18 7 7 7 18 18 18 19 19 19 6 6 6 19 19 19 20 20 20 5 5 5 20 20 20 21 21 21 4 4 4 21 21 21 22 22 22 3 3 3</p>
        </triangles>
      </mesh>
    </geometry>
    <geometry id="ID1704">
      <mesh>
        <source id="ID1705">
          <float_array id="ID1706" count="78">-0.013 0.048334 0.0145 -0.012167 0.0485572 0.0145 -0.0115572 0.049167 0.0145 -0.011334 0.05 0.0145 -0.0115572 0.050833 0.0145 -0.012167 0.0514428 0.0145 -0.013 0.051666 0.0145 -0.013833 0.0514428 0.0145 -0.0144428 0.050833 0.0145 -0.014666 0.05 0.0145 -0.0144428 0.049167 0.0145 -0.013833 0.0485572 0.0145 -0.013 0.048334 0.0005 -0.013833 0.0485572 0.0005 -0.0144428 0.049167 0.0005 -0.014666 0.05 0.0005 -0.0144428 0.050833 0.0005 -0.013833 0.0514428 0.0005 -0.013 0.051666 0.0005 -0.012167 0.0514428 0.0005 -0.0115572 0.050833 0.0005 -0.011334 0.05 0.0005 -0.0115572 0.049167 0.0005 -0.012167 0.0485572 0.0005 -0.013 0.048334 0.0005 -0.013 0.048334 0.0145</float_array>
          <technique_common>
            <accessor count="26" source="#ID1706" stride="3">
              <param name="X" type="float" />
              <param name="Y" type="float" />
              <param name="Z" type="float" />
            </accessor>
          </technique_common>
        </source>
        <source id="ID1707">
          <float_array id="ID1708" count="78">0 1 0 -0.5 0.8660254 0 -0.8660254 0.5 0 -1 0 0 -0.8660254 -0.5 0 -0.5 -0.8660254 0 0 -1 0 0.5 -0.8660254 0 0.8660254 -0.5 0 1 0 0 0.8660254 0.5 0 0.5 0.8660254 0 0 1 0 0.5 0.8660254 0 0.8660254 0.5 0 1 0 0 0.8660254 -0.5 0 0.5 -0.8660254 0 0 -1 0 -0.5 -0.8660254 0 -0.8660254 -0.5 0 -1 0 0 -0.8660254 0.5 0 -0.5 0.8660254 0 0 1 0 0 1 0</float_array>
          <technique_common>
            <accessor count="26" source="#ID1708" stride="3">
              <param name="X" type="float" />
              <param name="Y" type="float" />
              <param name="Z" type="float" />
            </accessor>
          </technique_common>
        </source>
        <source id="ID1709">
          <float_array id="ID1710" count="52">0 0 0 0.0833334 0 0.1666667 0 0.25 0 0.3333333 0 0.4166667 0 0.5 0 0.5833334 0 0.6666667 0 0.75 0 0.8333333 0 0.9166666 1 1 1 0.9166666 1 0.8333333 1 0.75 1 0.6666667 1 0.5833334 1 0.5 1 0.4166667 1 0.3333333 1 0.25 1 0.1666667 1 0.0833334 1 0 0 1</float_array>
          <technique_common>
            <accessor count="26" source="#ID1710" stride="2">
              <param name="S" type="float" />
              <param name="T" type="float" />
            </accessor>
          </technique_common>
        </source>
        <vertices id="ID1711">
          <input semantic="POSITION" source="#ID1705" />
        </vertices>
        <triangles count="24" material="ID1712">
          <input semantic="VERTEX" source="#ID1711" offset="0" />
          <input semantic="NORMAL" source="#ID1707" offset="1" />
          <input semantic="TEXCOORD" source="#ID1709" offset="2" set="0" />
          <p>1 1 1 24 24 24 0 0 0 1 1 1 23 23 23 24 24 24 1 1 1 2 2 2 23 23 23 23 23 23 2 2 2 22 22 22 22 22 22 2 2 2 3 3 3 21 21 21 3 3 3 4 4 4 20 20 20 4 4 4 5 5 5 19 19 19 5 5 5 6 6 6 18 18 18 6 6 6 7 7 7 17 17 17 7 7 7 8 8 8 16 16 16 8 8 8 9 9 9 15 15 15 9 9 9 10 10 10 14 14 14 10 10 10 11 11 11 13 13 13 11 11 11 25 25 25 12 12 12 13 13 13 25 25 25 13 13 13 14 14 14 11 11 11 14 14 14 15 15 15 10 10 10 15 15 15 16 16 16 9 9 9 16 16 16 17 17 17 8 8 8 17 17 17 18 18 18 7 7 7 18 18 18 19 19 19 6 6 6 19 19 19 20 20 20 5 5 5 20 20 20 21 21 21 4 4 4 21 21 21 22 22 22 3 3 3</p>
        </triangles>
      </mesh>
    </geometry>
    <geometry id="ID1713">
      <mesh>
        <source id="ID1714">
          <float_array id="ID1715" count="30">-0.088866 0.0300558 0.0145 -0.0903054 0.0298488 0.0145 -0.091673 0.030343 0.0145 -0.0926476 0.0314224 0.0145 -0.093 0.0328332 0.0145 -0.093 0.0328332 0.008 -0.0926476 0.0314224 0.008 -0.091673 0.030343 0.008 -0.0903054 0.0298488 0.008 -0.088866 0.0300558 0.008</float_array>
          <technique_common>
            <accessor count="10" source="#ID1715" stride="3">
              <param name="X" type="float" />
              <param name="Y" type="float" />
              <param name="Z" type="float" />
            </accessor>
          </technique_common>
        </source>
        <source id="ID1716">
          <float_array id="ID1717" count="30">0.3780015 -0.925805 0 -0.101795 -0.9948054 0 -0.5576731 -0.8300607 0 -0.8825172 -0.4702802 0 -1 0 0 -1 0 0 -0.8825172 -0.4702802 0 -0.5576731 -0.8300607 0 -0.101795 -0.9948054 0 0.3780015 -0.925805 0</float_array>
          <technique_common>
            <accessor count="10" source="#ID1717" stride="3">
              <param name="X" type="float" />
              <param name="Y" type="float" />
              <param name="Z" type="float" />
            </accessor>
          </technique_common>
        </source>
        <source id="ID1718">
          <float_array id="ID1719" count="20">1 0 1 0.25 1 0.5 1 0.75 1 1 0 1 0 0.75 0 0.5 0 0.25 0 0</float_array>
          <technique_common>
            <accessor count="10" source="#ID1719" stride="2">
              <param name="S" type="float" />
              <param name="T" type="float" />
            </accessor>
          </technique_common>
        </source>
        <vertices id="ID1720">
          <input semantic="POSITION" source="#ID1714" />
        </vertices>
        <triangles count="8" material="ID1721">
          <input semantic="VERTEX" source="#ID1720" offset="0" />
          <input semantic="NORMAL" source="#ID1716" offset="1" />
          <input semantic="TEXCOORD" source="#ID1718" offset="2" set="0" />
          <p>0 0 0 1 1 1 9 9 9 9 9 9 1 1 1 8 8 8 8 8 8 1 1 1 2 2 2 7 7 7 2 2 2 3 3 3 6 6 6 3 3 3 4 4 4 5 5 5 6 6 6 4 4 4 6 6 6 7 7 7 3 3 3 7 7 7 8 8 8 2 2 2</p>
        </triangles>
      </mesh>
    </geometry>
    <geometry id="ID1722">
      <mesh>
        <source id="ID1723">
          <float_array id="ID1724" count="39">-0.093 -0.0328332 0.0145 -0.093 -0.0328332 0.008 -0.093 -0.0113032 0.008 -0.093 -0.0113032 0.0116646 -0.093 -0.0113032 0.0145 -0.093 0.0113032 0.0145 -0.093 0.0113032 0.008 -0.093 0.0328332 0.008 -0.093 0.0328332 0.0145 -0.093 0.04 0.0145 -0.093 0.04 -0.0043 -0.093 -0.04 -0.0043 -0.093 -0.04 0.0145</float_array>
          <technique_common>
            <accessor count="13" source="#ID1724" stride="3">
              <param name="X" type="float" />
              <param name="Y" type="float" />
              <param name="Z" type="float" />
            </accessor>
          </technique_common>
        </source>
        <source id="ID1725">
          <float_array id="ID1726" count="39">-1 0 0 -1 0 0 -1 0 0 -1 0 0 -1 0 0 -1 0 0 -1 0 0 -1 0 0 -1 0 0 -1 0 0 -1 0 0 -1 0 0 -1 0 0</float_array>
          <technique_common>
            <accessor count="13" source="#ID1726" stride="3">
              <param name="X" type="float" />
              <param name="Y" type="float" />
              <param name="Z" type="float" />
            </accessor>
          </technique_common>
        </source>
        <source id="ID1727">
          <float_array id="ID1728" count="26">0.9104149 0 0.9104149 0.3457447 0.6412905 0.3457447 0.6412905 0.1508183 0.6412905 0 0.3587095 0 0.3587095 0.3457447 0.0895851 0.3457447 0.0895851 0 0 0 0 1 1 1 1 0</float_array>
          <technique_common>
            <accessor count="13" source="#ID1728" stride="2">
              <param name="S" type="float" />
              <param name="T" type="float" />
            </accessor>
          </technique_common>
        </source>
        <vertices id="ID1729">
          <input semantic="POSITION" source="#ID1723" />
        </vertices>
        <triangles count="11" material="ID1730">
          <input semantic="VERTEX" source="#ID1729" offset="0" />
          <input semantic="NORMAL" source="#ID1725" offset="1" />
          <input semantic="TEXCOORD" source="#ID1727" offset="2" set="0" />
          <p>0 0 0 1 1 1 12 12 12 12 12 12 1 1 1 11 11 11 11 11 11 1 1 1 2 2 2 6 6 6 2 2 2 3 3 3 5 5 5 3 3 3 4 4 4 5 5 5 6 6 6 3 3 3 8 8 8 9 9 9 7 7 7 7 7 7 9 9 9 10 10 10 6 6 6 10 10 10 11 11 11 2 2 2 6 6 6 11 11 11 10 10 10 6 6 6 7 7 7</p>
        </triangles>
      </mesh>
    </geometry>
    <geometry id="ID1731">
      <mesh>
        <source id="ID1732">
          <float_array id="ID1733" count="30">-0.078 0.055 -0.0043 -0.0837402 0.0538582 -0.0043 -0.0886066 0.0506066 -0.0043 -0.0918582 0.0457402 -0.0043 -0.093 0.04 -0.0043 -0.093 0.04 0.0145 -0.0918582 0.0457402 0.0145 -0.0886066 0.0506066 0.0145 -0.0837402 0.0538582 0.0145 -0.078 0.055 0.0145</float_array>
          <technique_common>
            <accessor count="10" source="#ID1733" stride="3">
              <param name="X" type="float" />
              <param name="Y" type="float" />
              <param name="Z" type="float" />
            </accessor>
          </technique_common>
        </source>
        <source id="ID1734">
          <float_array id="ID1735" count="30">0 1 0 -0.3826834 0.9238795 0 -0.7071068 0.7071068 0 -0.9238795 0.3826834 0 -1 0 0 -1 0 0 -0.9238795 0.3826834 0 -0.7071068 0.7071068 0 -0.3826834 0.9238795 0 0 1 0</float_array>
          <technique_common>
            <accessor count="10" source="#ID1735" stride="3">
              <param name="X" type="float" />
              <param name="Y" type="float" />
              <param name="Z" type="float" />
            </accessor>
          </technique_common>
        </source>
        <source id="ID1736">
          <float_array id="ID1737" count="20">0 1 0 0.75 0 0.5 0 0.25 0 0 1 0 1 0.25 1 0.5 1 0.75 1 1</float_array>
          <technique_common>
            <accessor count="10" source="#ID1737" stride="2">
              <param name="S" type="float" />
              <param name="T" type="float" />
            </accessor>
          </technique_common>
        </source>
        <vertices id="ID1738">
          <input semantic="POSITION" source="#ID1732" />
        </vertices>
        <triangles count="8" material="ID1739">
          <input semantic="VERTEX" source="#ID1738" offset="0" />
          <input semantic="NORMAL" source="#ID1734" offset="1" />
          <input semantic="TEXCOORD" source="#ID1736" offset="2" set="0" />
          <p>0 0 0 1 1 1 9 9 9 9 9 9 1 1 1 8 8 8 8 8 8 1 1 1 2 2 2 7 7 7 2 2 2 3 3 3 6 6 6 3 3 3 4 4 4 5 5 5 6 6 6 4 4 4 6 6 6 7 7 7 3 3 3 7 7 7 8 8 8 2 2 2</p>
        </triangles>
      </mesh>
    </geometry>
    <geometry id="ID1740">
      <mesh>
        <source id="ID1741">
          <float_array id="ID1742" count="39">0.0558 0.055 0.0145 0.069 0.055 0.0138082 0.069 0.055 0.0005 -0.0179474 0.055 0.0005 -0.0201214 0.055 0.0003416 -0.0222495 0.055 -0.0001302 -0.0242867 0.055 -0.0009054 -0.0255388 0.055 -0.0014892 -0.0296132 0.055 -0.0030397 -0.0338694 0.055 -0.0039832 -0.0382173 0.055 -0.0043 -0.078 0.055 -0.0043 -0.078 0.055 0.0145</float_array>
          <technique_common>
            <accessor count="13" source="#ID1742" stride="3">
              <param name="X" type="float" />
              <param name="Y" type="float" />
              <param name="Z" type="float" />
            </accessor>
          </technique_common>
        </source>
        <source id="ID1743">
          <float_array id="ID1744" count="39">0 1 0 0 1 0 0 1 0 0 1 0 0 1 0 0 1 0 0 1 0 0 1 0 0 1 0 0 1 0 0 1 0 0 1 0 0 1 0</float_array>
          <technique_common>
            <accessor count="13" source="#ID1744" stride="3">
              <param name="X" type="float" />
              <param name="Y" type="float" />
              <param name="Z" type="float" />
            </accessor>
          </technique_common>
        </source>
        <source id="ID1745">
          <float_array id="ID1746" count="26">1 0.9102041 0.9632031 1 0.2553192 1 0.2553192 0.4085209 0.2468949 0.393732 0.2218001 0.3792553 0.1805647 0.3653966 0.1495088 0.3568791 0.067038 0.3291618 0.0168484 0.3002084 0 0.2706305 0 0 1 0</float_array>
          <technique_common>
            <accessor count="13" source="#ID1746" stride="2">
              <param name="S" type="float" />
              <param name="T" type="float" />
            </accessor>
          </technique_common>
        </source>
        <vertices id="ID1747">
          <input semantic="POSITION" source="#ID1741" />
        </vertices>
        <triangles count="11" material="ID1748">
          <input semantic="VERTEX" source="#ID1747" offset="0" />
          <input semantic="NORMAL" source="#ID1743" offset="1" />
          <input semantic="TEXCOORD" source="#ID1745" offset="2" set="0" />
          <p>1 1 1 2 2 2 0 0 0 0 0 0 2 2 2 3 3 3 12 12 12 3 3 3 4 4 4 5 5 5 12 12 12 4 4 4 5 5 5 6 6 6 12 12 12 12 12 12 6 6 6 10 10 10 11 11 11 12 12 12 10 10 10 6 6 6 7 7 7 10 10 10 10 10 10 7 7 7 9 9 9 9 9 9 7 7 7 8 8 8 12 12 12 0 0 0 3 3 3</p>
        </triangles>
      </mesh>
    </geometry>
    <geometry id="ID1749">
      <mesh>
        <source id="ID1750">
          <float_array id="ID1751" count="81">0.057 0.048334 0.0005 0.056167 0.0485572 0.0005 0.0555572 0.049167 0.0005 0.055334 0.05 0.0005 0.0555572 0.050833 0.0005 0.056167 0.0514428 0.0005 0.057 0.051666 0.0005 0.057833 0.0514428 0.0005 0.0584428 0.050833 0.0005 0.058666 0.05 0.0005 0.0584428 0.049167 0.0005 0.057833 0.0485572 0.0005 0.0558 0.0488443 0.0145 0.0564614 0.0484235 0.0144653 0.057242 0.0483517 0.0144244 0.0579691 0.0486448 0.0143863 0.0584816 0.0492381 0.0143595 0.058666 0.05 0.0143498 0.0584816 0.0507619 0.0143595 0.0579691 0.0513552 0.0143863 0.057242 0.0516483 0.0144244 0.0564614 0.0515765 0.0144653 0.0558 0.0511557 0.0145 0.0553881 0.0504211 0.0145 0.0553881 0.0495789 0.0145 0.0564614 0.0484235 0.0144653 0.057 0.048334 0.0005</float_array>
          <technique_common>
            <accessor count="27" source="#ID1751" stride="3">
              <param name="X" type="float" />
              <param name="Y" type="float" />
              <param name="Z" type="float" />
            </accessor>
          </technique_common>
        </source>
        <source id="ID1752">
          <float_array id="ID1753" count="81">0 1 0 0.5 0.8660254 0 0.8660254 0.5 0 1 0 0 0.8660254 -0.5 0 0.5 -0.8660254 0 0 -1 0 -0.5 -0.8660254 0 -0.8660254 -0.5 0 -1 0 0 -0.8660254 0.5 0 -0.5 0.8660254 0 0.7202881 0.693675 0 0.3233001 0.9462965 0 -0.1452721 0.9893917 0 -0.5816786 0.8134187 0 -0.8892915 0.4573409 0 -1 0 0 -0.8892915 -0.4573409 0 -0.5816786 -0.8134187 0 -0.1452721 -0.9893917 0 0.3233001 -0.9462965 0 0.7202881 -0.693675 0 0.9675304 -0.2527546 0 0.9675304 0.2527546 0 0.3233001 0.9462965 0 0 1 0</float_array>
          <technique_common>
            <accessor count="27" source="#ID1753" stride="3">
              <param name="X" type="float" />
              <param name="Y" type="float" />
              <param name="Z" type="float" />
            </accessor>
          </technique_common>
        </source>
        <source id="ID1754">
          <float_array id="ID1755" count="54">1 1 1 0.9208156 1 0.8416313 1 0.7624469 1 0.6832626 1 0.6040781 1 0.5248938 1 0.4457094 1 0.366525 1 0.2873406 1 0.2081562 1 0.1289719 0 0.8783774 0.0024758 0 0.0053981 0.0718352 0.0081198 0.1436703 0.0100382 0.2155055 0.0107286 0.2873406 0.0100382 0.3591758 0.0081198 0.431011 0.0053981 0.5028461 0.0024758 0.5746813 0 0.6465164 0 0.7238034 0 0.8010904 0.0024758 0.9502125 1 0.0497875</float_array>
          <technique_common>
            <accessor count="27" source="#ID1755" stride="2">
              <param name="S" type="float" />
              <param name="T" type="float" />
            </accessor>
          </technique_common>
        </source>
        <vertices id="ID1756">
          <input semantic="POSITION" source="#ID1750" />
        </vertices>
        <triangles count="25" material="ID1757">
          <input semantic="VERTEX" source="#ID1756" offset="0" />
          <input semantic="NORMAL" source="#ID1752" offset="1" />
          <input semantic="TEXCOORD" source="#ID1754" offset="2" set="0" />
          <p>16 16 16 17 17 17 9 9 9 10 10 10 16 16 16 9 9 9 10 10 10 15 15 15 16 16 16 10 10 10 11 11 11 15 15 15 15 15 15 11 11 11 14 14 14 14 14 14 11 11 11 26 26 26 25 25 25 0 0 0 1 1 1 12 12 12 1 1 1 2 2 2 24 24 24 2 2 2 3 3 3 23 23 23 3 3 3 4 4 4 22 22 22 4 4 4 5 5 5 21 21 21 5 5 5 6 6 6 20 20 20 6 6 6 7 7 7 19 19 19 7 7 7 8 8 8 18 18 18 8 8 8 9 9 9 17 17 17 18 18 18 9 9 9 12 12 12 25 25 25 1 1 1 13 13 13 14 14 14 26 26 26 18 18 18 19 19 19 8 8 8 19 19 19 20 20 20 7 7 7 20 20 20 21 21 21 6 6 6 21 21 21 22 22 22 5 5 5 22 22 22 23 23 23 4 4 4 23 23 23 24 24 24 3 3 3 24 24 24 12 12 12 2 2 2</p>
        </triangles>
      </mesh>
    </geometry>
    <geometry id="ID1758">
      <mesh>
        <source id="ID1759">
          <float_array id="ID1760" count="66">0.0558 0.0378 0.0145 0.0715247 0.0378 0.0136759 0.0717869 0.0384834 0.0136622 0.0719464 0.0391977 0.0136538 0.072 0.0399277 0.013651 0.072 0.052 0.013651 0.0718978 0.0527765 0.0136564 0.0715981 0.0535 0.0136721 0.0705 0.0545981 0.0137296 0.069 0.055 0.0138082 0.0558 0.055 0.0145 0.0558 0.0511557 0.0145 0.0564614 0.0515765 0.0144653 0.057242 0.0516483 0.0144244 0.0579691 0.0513552 0.0143863 0.0584816 0.0507619 0.0143595 0.058666 0.05 0.0143498 0.0584816 0.0492381 0.0143595 0.0579691 0.0486448 0.0143863 0.057242 0.0483517 0.0144244 0.0564614 0.0484235 0.0144653 0.0558 0.0488443 0.0145</float_array>
          <technique_common>
            <accessor count="22" source="#ID1760" stride="3">
              <param name="X" type="float" />
              <param name="Y" type="float" />
              <param name="Z" type="float" />
            </accessor>
          </technique_common>
        </source>
        <source id="ID1761">
          <float_array id="ID1762" count="66">0.052336 0 0.9986295 0.052336 0 0.9986295 0.052336 0 0.9986295 0.052336 0 0.9986295 0.052336 0 0.9986295 0.052336 0 0.9986295 0.052336 0 0.9986295 0.052336 0 0.9986295 0.052336 0 0.9986295 0.052336 0 0.9986295 0.052336 0 0.9986295 0.052336 0 0.9986295 0.052336 0 0.9986295 0.052336 0 0.9986295 0.052336 0 0.9986295 0.052336 0 0.9986295 0.052336 0 0.9986295 0.052336 0 0.9986295 0.052336 0 0.9986295 0.052336 0 0.9986295 0.052336 0 0.9986295 0.052336 0 0.9986295</float_array>
          <technique_common>
            <accessor count="22" source="#ID1762" stride="3">
              <param name="X" type="float" />
              <param name="Y" type="float" />
              <param name="Z" type="float" />
            </accessor>
          </technique_common>
        </source>
        <source id="ID1763">
          <float_array id="ID1764" count="44">0 0 0.9706612 0 0.986843 0.0397312 0.996693 0.0812617 1 0.1237017 1 0.8255814 0.9936899 0.8707243 0.9751899 0.9127907 0.9074074 0.9766324 0.8148147 1 0 1 0 0.776492 0.0408261 0.800961 0.0890138 0.8051353 0.1338936 0.7880905 0.1655284 0.7536006 0.1769136 0.7093023 0.1655284 0.6650041 0.1338936 0.6305142 0.0890138 0.6134694 0.0408261 0.6176437 0 0.6421127</float_array>
          <technique_common>
            <accessor count="22" source="#ID1764" stride="2">
              <param name="S" type="float" />
              <param name="T" type="float" />
            </accessor>
          </technique_common>
        </source>
        <vertices id="ID1765">
          <input semantic="POSITION" source="#ID1759" />
        </vertices>
        <triangles count="20" material="ID1766">
          <input semantic="VERTEX" source="#ID1765" offset="0" />
          <input semantic="NORMAL" source="#ID1761" offset="1" />
          <input semantic="TEXCOORD" source="#ID1763" offset="2" set="0" />
          <p>1 1 1 4 4 4 0 0 0 1 1 1 2 2 2 4 4 4 4 4 4 2 2 2 3 3 3 14 14 14 15 15 15 9 9 9 10 10 10 14 14 14 9 9 9 10 10 10 13 13 13 14 14 14 10 10 10 12 12 12 13 13 13 10 10 10 11 11 11 12 12 12 6 6 6 7 7 7 5 5 5 5 5 5 7 7 7 8 8 8 9 9 9 5 5 5 8 8 8 9 9 9 16 16 16 5 5 5 9 9 9 15 15 15 16 16 16 16 16 16 17 17 17 5 5 5 5 5 5 17 17 17 4 4 4 4 4 4 17 17 17 18 18 18 0 0 0 18 18 18 19 19 19 20 20 20 0 0 0 19 19 19 20 20 20 21 21 21 0 0 0 0 0 0 4 4 4 18 18 18</p>
        </triangles>
      </mesh>
    </geometry>
    <geometry id="ID1767">
      <mesh>
        <source id="ID1768">
          <float_array id="ID1769" count="15">0.0715247 0.0378 0.0135 0.0715247 0.0378 0.0136759 0.0558 0.0378 0.0145 0 0.0378 0.0145 0 0.0378 0.0135</float_array>
          <technique_common>
            <accessor count="5" source="#ID1769" stride="3">
              <param name="X" type="float" />
              <param name="Y" type="float" />
              <param name="Z" type="float" />
            </accessor>
          </technique_common>
        </source>
        <source id="ID1770">
          <float_array id="ID1771" count="15">0 -1 0 0 -1 0 0 -1 0 0 -1 0 0 -1 0</float_array>
          <technique_common>
            <accessor count="5" source="#ID1771" stride="3">
              <param name="X" type="float" />
              <param name="Y" type="float" />
              <param name="Z" type="float" />
            </accessor>
          </technique_common>
        </source>
        <source id="ID1772">
          <float_array id="ID1773" count="10">1 0 1 0.1759028 0.7801499 1 0 1 0 0</float_array>
          <technique_common>
            <accessor count="5" source="#ID1773" stride="2">
              <param name="S" type="float" />
              <param name="T" type="float" />
            </accessor>
          </technique_common>
        </source>
        <vertices id="ID1774">
          <input semantic="POSITION" source="#ID1768" />
        </vertices>
        <triangles count="3" material="ID1775">
          <input semantic="VERTEX" source="#ID1774" offset="0" />
          <input semantic="NORMAL" source="#ID1770" offset="1" />
          <input semantic="TEXCOORD" source="#ID1772" offset="2" set="0" />
          <p>1 1 1 2 2 2 0 0 0 0 0 0 2 2 2 4 4 4 4 4 4 2 2 2 3 3 3</p>
        </triangles>
      </mesh>
    </geometry>
    <geometry id="ID1776">
      <mesh>
        <source id="ID1777">
          <float_array id="ID1778" count="24">0 0.0378 0.0145 -0.0073396 0.0370806 0.0145 -0.0143998 0.0349497 0.0145 -0.0209119 0.0314886 0.0145 -0.0209119 0.0314886 0.0135 -0.0143998 0.0349497 0.0135 -0.0073396 0.0370806 0.0135 0 0.0378 0.0135</float_array>
          <technique_common>
            <accessor count="8" source="#ID1778" stride="3">
              <param name="X" type="float" />
              <param name="Y" type="float" />
              <param name="Z" type="float" />
            </accessor>
          </technique_common>
        </source>
        <source id="ID1779">
          <float_array id="ID1780" count="24">0 -1 0 0.1941694 -0.980968 0 0.3809479 -0.9245965 0 0.5532261 -0.8330312 0 0.5532261 -0.8330312 0 0.3809479 -0.9245965 0 0.1941694 -0.980968 0 0 -1 0</float_array>
          <technique_common>
            <accessor count="8" source="#ID1780" stride="3">
              <param name="X" type="float" />
              <param name="Y" type="float" />
              <param name="Z" type="float" />
            </accessor>
          </technique_common>
        </source>
        <source id="ID1781">
          <float_array id="ID1782" count="16">0 0 0 0.3333334 0 0.6666667 0 1 1 1 1 0.6666667 1 0.3333334 1 0</float_array>
          <technique_common>
            <accessor count="8" source="#ID1782" stride="2">
              <param name="S" type="float" />
              <param name="T" type="float" />
            </accessor>
          </technique_common>
        </source>
        <vertices id="ID1783">
          <input semantic="POSITION" source="#ID1777" />
        </vertices>
        <triangles count="6" material="ID1784">
          <input semantic="VERTEX" source="#ID1783" offset="0" />
          <input semantic="NORMAL" source="#ID1779" offset="1" />
          <input semantic="TEXCOORD" source="#ID1781" offset="2" set="0" />
          <p>7 7 7 0 0 0 6 6 6 6 6 6 0 0 0 1 1 1 5 5 5 1 1 1 2 2 2 4 4 4 2 2 2 3 3 3 4 4 4 5 5 5 2 2 2 5 5 5 6 6 6 1 1 1</p>
        </triangles>
      </mesh>
    </geometry>
    <geometry id="ID1785">
      <mesh>
        <source id="ID1786">
          <float_array id="ID1787" count="12">-0.0209119 0.0314886 0.0145 -0.0240283 0.0287905 0.0145 -0.0240283 0.0287905 0.0135 -0.0209119 0.0314886 0.0135</float_array>
          <technique_common>
            <accessor count="4" source="#ID1787" stride="3">
              <param name="X" type="float" />
              <param name="Y" type="float" />
              <param name="Z" type="float" />
            </accessor>
          </technique_common>
        </source>
        <source id="ID1788">
          <float_array id="ID1789" count="12">0.6545527 -0.7560164 0 0.6545527 -0.7560164 0 0.6545527 -0.7560164 0 0.6545527 -0.7560164 0</float_array>
          <technique_common>
            <accessor count="4" source="#ID1789" stride="3">
              <param name="X" type="float" />
              <param name="Y" type="float" />
              <param name="Z" type="float" />
            </accessor>
          </technique_common>
        </source>
        <source id="ID1790">
          <float_array id="ID1791" count="8">1 1 0 1 0 0 1 0</float_array>
          <technique_common>
            <accessor count="4" source="#ID1791" stride="2">
              <param name="S" type="float" />
              <param name="T" type="float" />
            </accessor>
          </technique_common>
        </source>
        <vertices id="ID1792">
          <input semantic="POSITION" source="#ID1786" />
        </vertices>
        <triangles count="2" material="ID1793">
          <input semantic="VERTEX" source="#ID1792" offset="0" />
          <input semantic="NORMAL" source="#ID1788" offset="1" />
          <input semantic="TEXCOORD" source="#ID1790" offset="2" set="0" />
          <p>0 0 0 1 1 1 3 3 3 3 3 3 1 1 1 2 2 2</p>
        </triangles>
      </mesh>
    </geometry>
    <geometry id="ID1794">
      <mesh>
        <source id="ID1795">
          <float_array id="ID1796" count="24">-0.0241601 0.02868 0.0145 -0.0241601 0.02868 0.0135 -0.0241162 0.0287169 0.0135 -0.0240723 0.0287537 0.0135 -0.0240283 0.0287905 0.0135 -0.0240283 0.0287905 0.0145 -0.0240723 0.0287537 0.0145 -0.0241162 0.0287169 0.0145</float_array>
          <technique_common>
            <accessor count="8" source="#ID1796" stride="3">
              <param name="X" type="float" />
              <param name="Y" type="float" />
              <param name="Z" type="float" />
            </accessor>
          </technique_common>
        </source>
        <source id="ID1797">
          <float_array id="ID1798" count="24">0.6442683 -0.7647995 0 0.6442683 -0.7647995 0 0.6430988 -0.7657833 0 0.6419277 -0.7667652 0 0.6407551 -0.7677454 0 0.6407551 -0.7677454 0 0.6419277 -0.7667652 0 0.6430988 -0.7657833 0</float_array>
          <technique_common>
            <accessor count="8" source="#ID1798" stride="3">
              <param name="X" type="float" />
              <param name="Y" type="float" />
              <param name="Z" type="float" />
            </accessor>
          </technique_common>
        </source>
        <source id="ID1799">
          <float_array id="ID1800" count="16">1 0 0 0 0 0.3333377 0 0.6666623 0 1 1 1 1 0.6666623 1 0.3333377</float_array>
          <technique_common>
            <accessor count="8" source="#ID1800" stride="2">
              <param name="S" type="float" />
              <param name="T" type="float" />
            </accessor>
          </technique_common>
        </source>
        <vertices id="ID1801">
          <input semantic="POSITION" source="#ID1795" />
        </vertices>
        <triangles count="6" material="ID1802">
          <input semantic="VERTEX" source="#ID1801" offset="0" />
          <input semantic="NORMAL" source="#ID1797" offset="1" />
          <input semantic="TEXCOORD" source="#ID1799" offset="2" set="0" />
          <p>0 0 0 1 1 1 7 7 7 7 7 7 1 1 1 2 2 2 6 6 6 2 2 2 3 3 3 5 5 5 3 3 3 4 4 4 5 5 5 6 6 6 3 3 3 6 6 6 7 7 7 2 2 2</p>
        </triangles>
      </mesh>
    </geometry>
    <geometry id="ID1803">
      <mesh>
        <source id="ID1804">
          <float_array id="ID1805" count="24">-0.0241601 0.02868 0.0145 -0.0247555 0.0282037 0.0145 -0.0253744 0.0277583 0.0145 -0.0260151 0.027345 0.0145 -0.0260151 0.027345 0.0135 -0.0253744 0.0277583 0.0135 -0.0247555 0.0282037 0.0135 -0.0241601 0.02868 0.0135</float_array>
          <technique_common>
            <accessor count="8" source="#ID1805" stride="3">
              <param name="X" type="float" />
              <param name="Y" type="float" />
              <param name="Z" type="float" />
            </accessor>
          </technique_common>
        </source>
        <source id="ID1806">
          <float_array id="ID1807" count="24">0.6442683 -0.7647995 0 0.6045729 -0.7965498 0 0.5633153 -0.826242 0 0.5206022 -0.8537993 0 0.5206022 -0.8537993 0 0.5633153 -0.826242 0 0.6045729 -0.7965498 0 0.6442683 -0.7647995 0</float_array>
          <technique_common>
            <accessor count="8" source="#ID1807" stride="3">
              <param name="X" type="float" />
              <param name="Y" type="float" />
              <param name="Z" type="float" />
            </accessor>
          </technique_common>
        </source>
        <source id="ID1808">
          <float_array id="ID1809" count="16">1 0 1 0.3333333 1 0.6666667 1 1 0 1 0 0.6666667 0 0.3333333 0 0</float_array>
          <technique_common>
            <accessor count="8" source="#ID1809" stride="2">
              <param name="S" type="float" />
              <param name="T" type="float" />
            </accessor>
          </technique_common>
        </source>
        <vertices id="ID1810">
          <input semantic="POSITION" source="#ID1804" />
        </vertices>
        <triangles count="6" material="ID1811">
          <input semantic="VERTEX" source="#ID1810" offset="0" />
          <input semantic="NORMAL" source="#ID1806" offset="1" />
          <input semantic="TEXCOORD" source="#ID1808" offset="2" set="0" />
          <p>7 7 7 0 0 0 6 6 6 6 6 6 0 0 0 1 1 1 5 5 5 1 1 1 2 2 2 4 4 4 2 2 2 3 3 3 4 4 4 5 5 5 2 2 2 5 5 5 6 6 6 1 1 1</p>
        </triangles>
      </mesh>
    </geometry>
    <geometry id="ID1812">
      <mesh>
        <source id="ID1813">
          <float_array id="ID1814" count="36">-0.0260151 0.027345 0.0135 -0.0260151 0.027345 0.0145 -0.0262655 0.0271902 0.0145 -0.0265142 0.0270325 0.0145 -0.026761 0.0268719 0.0145 -0.026761 0.0268719 0.009 -0.0224722 0.0291361 0.009 -0.0178269 0.0305296 0.009 -0.013 0.031 0.009 -0.013 0.031 0.0135 -0.0175377 0.0305847 0.0135 -0.0219246 0.0293528 0.0135</float_array>
          <technique_common>
            <accessor count="12" source="#ID1814" stride="3">
              <param name="X" type="float" />
              <param name="Y" type="float" />
              <param name="Z" type="float" />
            </accessor>
          </technique_common>
        </source>
        <source id="ID1815">
          <float_array id="ID1816" count="36">0.5206022 -0.8537993 0 0.5206022 -0.8537993 0 0.530622 -0.8476086 0 0.5405682 -0.8413002 0 0.5504394 -0.8348752 0 0.5504394 -0.8348752 0 0.3788872 -0.9254428 0 0.1930766 -0.9811837 0 0 -1 0 0 -1 0 0.181507 -0.9833897 0 0.3569843 -0.9341104 0</float_array>
          <technique_common>
            <accessor count="12" source="#ID1816" stride="3">
              <param name="X" type="float" />
              <param name="Y" type="float" />
              <param name="Z" type="float" />
            </accessor>
          </technique_common>
        </source>
        <source id="ID1817">
          <float_array id="ID1818" count="24">0.818182 0.060619 1 0.060619 1 0.0404127 1 0.0202063 1 0 0 0 0 0.3333333 0 0.6666666 0 1 0.818182 1 0.818182 0.686873 0.818182 0.373746</float_array>
          <technique_common>
            <accessor count="12" source="#ID1818" stride="2">
              <param name="S" type="float" />
              <param name="T" type="float" />
            </accessor>
          </technique_common>
        </source>
        <vertices id="ID1819">
          <input semantic="POSITION" source="#ID1813" />
        </vertices>
        <triangles count="10" material="ID1820">
          <input semantic="VERTEX" source="#ID1819" offset="0" />
          <input semantic="NORMAL" source="#ID1815" offset="1" />
          <input semantic="TEXCOORD" source="#ID1817" offset="2" set="0" />
          <p>1 1 1 2 2 2 0 0 0 0 0 0 2 2 2 3 3 3 4 4 4 0 0 0 3 3 3 4 4 4 5 5 5 0 0 0 0 0 0 5 5 5 6 6 6 11 11 11 6 6 6 7 7 7 10 10 10 7 7 7 8 8 8 9 9 9 10 10 10 8 8 8 10 10 10 11 11 11 7 7 7 11 11 11 0 0 0 6 6 6</p>
        </triangles>
      </mesh>
    </geometry>
    <geometry id="ID1821">
      <mesh>
        <source id="ID1822">
          <float_array id="ID1823" count="30">-0.026761 0.0268719 0.0145 -0.0277355 0.0265456 0.0145 -0.0287434 0.0267464 0.0145 -0.0295186 0.0274212 0.0145 -0.0298562 0.0283918 0.0145 -0.0298562 0.0283918 0.009 -0.0295186 0.0274212 0.009 -0.0287434 0.0267464 0.009 -0.0277355 0.0265456 0.009 -0.026761 0.0268719 0.009</float_array>
          <technique_common>
            <accessor count="10" source="#ID1823" stride="3">
              <param name="X" type="float" />
              <param name="Y" type="float" />
              <param name="Z" type="float" />
            </accessor>
          </technique_common>
        </source>
        <source id="ID1824">
          <float_array id="ID1825" count="30">0.5504394 -0.8348752 0 0.0631691 -0.9980028 0 -0.4407805 -0.8976149 0 -0.8283451 -0.5602181 0 -0.9971911 -0.0748997 0 -0.9971911 -0.0748997 0 -0.8283451 -0.5602181 0 -0.4407805 -0.8976149 0 0.0631691 -0.9980028 0 0.5504394 -0.8348752 0</float_array>
          <technique_common>
            <accessor count="10" source="#ID1825" stride="3">
              <param name="X" type="float" />
              <param name="Y" type="float" />
              <param name="Z" type="float" />
            </accessor>
          </technique_common>
        </source>
        <source id="ID1826">
          <float_array id="ID1827" count="20">0 1 0 0.75 0 0.5 0 0.25 0 0 1 0 1 0.25 1 0.5 1 0.75 1 1</float_array>
          <technique_common>
            <accessor count="10" source="#ID1827" stride="2">
              <param name="S" type="float" />
              <param name="T" type="float" />
            </accessor>
          </technique_common>
        </source>
        <vertices id="ID1828">
          <input semantic="POSITION" source="#ID1822" />
        </vertices>
        <triangles count="8" material="ID1829">
          <input semantic="VERTEX" source="#ID1828" offset="0" />
          <input semantic="NORMAL" source="#ID1824" offset="1" />
          <input semantic="TEXCOORD" source="#ID1826" offset="2" set="0" />
          <p>0 0 0 1 1 1 9 9 9 9 9 9 1 1 1 8 8 8 8 8 8 1 1 1 2 2 2 7 7 7 2 2 2 3 3 3 6 6 6 3 3 3 4 4 4 5 5 5 6 6 6 4 4 4 6 6 6 7 7 7 3 3 3 7 7 7 8 8 8 2 2 2</p>
        </triangles>
      </mesh>
    </geometry>
    <geometry id="ID1830">
      <mesh>
        <source id="ID1831">
          <float_array id="ID1832" count="78">-0.0410387 0.0351963 0.0075 -0.0402887 0.0353973 0.0075 -0.0397397 0.0359463 0.0075 -0.0395387 0.0366963 0.0075 -0.0397397 0.0374463 0.0075 -0.0402887 0.0379953 0.0075 -0.0410387 0.0381963 0.0075 -0.0417887 0.0379953 0.0075 -0.0423378 0.0374463 0.0075 -0.0425387 0.0366963 0.0075 -0.0423378 0.0359463 0.0075 -0.0417887 0.0353973 0.0075 -0.0410387 0.0351963 -0.0013 -0.0417887 0.0353973 -0.0013 -0.0423378 0.0359463 -0.0013 -0.0425387 0.0366963 -0.0013 -0.0423378 0.0374463 -0.0013 -0.0417887 0.0379953 -0.0013 -0.0410387 0.0381963 -0.0013 -0.0402887 0.0379953 -0.0013 -0.0397397 0.0374463 -0.0013 -0.0395387 0.0366963 -0.0013 -0.0397397 0.0359463 -0.0013 -0.0402887 0.0353973 -0.0013 -0.0410387 0.0351963 0.0075 -0.0410387 0.0351963 -0.0013</float_array>
          <technique_common>
            <accessor count="26" source="#ID1832" stride="3">
              <param name="X" type="float" />
              <param name="Y" type="float" />
              <param name="Z" type="float" />
            </accessor>
          </technique_common>
        </source>
        <source id="ID1833">
          <float_array id="ID1834" count="78">0 1 0 -0.5 0.8660254 0 -0.8660254 0.5 0 -1 0 0 -0.8660254 -0.5 0 -0.5 -0.8660254 0 0 -1 0 0.5 -0.8660254 0 0.8660254 -0.5 0 1 0 0 0.8660254 0.5 0 0.5 0.8660254 0 0 1 0 0.5 0.8660254 0 0.8660254 0.5 0 1 0 0 0.8660254 -0.5 0 0.5 -0.8660254 0 0 -1 0 -0.5 -0.8660254 0 -0.8660254 -0.5 0 -1 0 0 -0.8660254 0.5 0 -0.5 0.8660254 0 0 1 0 0 1 0</float_array>
          <technique_common>
            <accessor count="26" source="#ID1834" stride="3">
              <param name="X" type="float" />
              <param name="Y" type="float" />
              <param name="Z" type="float" />
            </accessor>
          </technique_common>
        </source>
        <source id="ID1835">
          <float_array id="ID1836" count="52">1 1 1 0.9166666 1 0.8333333 1 0.75 1 0.6666667 1 0.5833334 1 0.5 1 0.4166667 1 0.3333333 1 0.25 1 0.1666667 1 0.0833334 0 0 0 0.0833334 0 0.1666667 0 0.25 0 0.3333333 0 0.4166667 0 0.5 0 0.5833334 0 0.6666667 0 0.75 0 0.8333333 0 0.9166666 1 0 0 1</float_array>
          <technique_common>
            <accessor count="26" source="#ID1836" stride="2">
              <param name="S" type="float" />
              <param name="T" type="float" />
            </accessor>
          </technique_common>
        </source>
        <vertices id="ID1837">
          <input semantic="POSITION" source="#ID1831" />
        </vertices>
        <triangles count="24" material="ID1838">
          <input semantic="VERTEX" source="#ID1837" offset="0" />
          <input semantic="NORMAL" source="#ID1833" offset="1" />
          <input semantic="TEXCOORD" source="#ID1835" offset="2" set="0" />
          <p>1 1 1 25 25 25 0 0 0 1 1 1 23 23 23 25 25 25 1 1 1 2 2 2 23 23 23 23 23 23 2 2 2 22 22 22 22 22 22 2 2 2 3 3 3 21 21 21 3 3 3 4 4 4 20 20 20 4 4 4 5 5 5 19 19 19 5 5 5 6 6 6 18 18 18 6 6 6 7 7 7 17 17 17 7 7 7 8 8 8 16 16 16 8 8 8 9 9 9 15 15 15 9 9 9 10 10 10 14 14 14 10 10 10 11 11 11 13 13 13 11 11 11 24 24 24 12 12 12 13 13 13 24 24 24 13 13 13 14 14 14 11 11 11 14 14 14 15 15 15 10 10 10 15 15 15 16 16 16 9 9 9 16 16 16 17 17 17 8 8 8 17 17 17 18 18 18 7 7 7 18 18 18 19 19 19 6 6 6 19 19 19 20 20 20 5 5 5 20 20 20 21 21 21 4 4 4 21 21 21 22 22 22 3 3 3</p>
        </triangles>
      </mesh>
    </geometry>
    <geometry id="ID1839">
      <mesh>
        <source id="ID1840">
          <float_array id="ID1841" count="78">-0.0445108 0.0263535 0.0075 -0.0437608 0.0265545 0.0075 -0.0432117 0.0271035 0.0075 -0.0430108 0.0278535 0.0075 -0.0432117 0.0286035 0.0075 -0.0437608 0.0291525 0.0075 -0.0445108 0.0293535 0.0075 -0.0452608 0.0291525 0.0075 -0.0458098 0.0286035 0.0075 -0.0460108 0.0278535 0.0075 -0.0458098 0.0271035 0.0075 -0.0452608 0.0265545 0.0075 -0.0445108 0.0263535 -0.0013 -0.0452608 0.0265545 -0.0013 -0.0458098 0.0271035 -0.0013 -0.0460108 0.0278535 -0.0013 -0.0458098 0.0286035 -0.0013 -0.0452608 0.0291525 -0.0013 -0.0445108 0.0293535 -0.0013 -0.0437608 0.0291525 -0.0013 -0.0432117 0.0286035 -0.0013 -0.0430108 0.0278535 -0.0013 -0.0432117 0.0271035 -0.0013 -0.0437608 0.0265545 -0.0013 -0.0445108 0.0263535 0.0075 -0.0445108 0.0263535 -0.0013</float_array>
          <technique_common>
            <accessor count="26" source="#ID1841" stride="3">
              <param name="X" type="float" />
              <param name="Y" type="float" />
              <param name="Z" type="float" />
            </accessor>
          </technique_common>
        </source>
        <source id="ID1842">
          <float_array id="ID1843" count="78">0 1 0 -0.5 0.8660254 0 -0.8660254 0.5 0 -1 0 0 -0.8660254 -0.5 0 -0.5 -0.8660254 0 0 -1 0 0.5 -0.8660254 0 0.8660254 -0.5 0 1 0 0 0.8660254 0.5 0 0.5 0.8660254 0 0 1 0 0.5 0.8660254 0 0.8660254 0.5 0 1 0 0 0.8660254 -0.5 0 0.5 -0.8660254 0 0 -1 0 -0.5 -0.8660254 0 -0.8660254 -0.5 0 -1 0 0 -0.8660254 0.5 0 -0.5 0.8660254 0 0 1 0 0 1 0</float_array>
          <technique_common>
            <accessor count="26" source="#ID1843" stride="3">
              <param name="X" type="float" />
              <param name="Y" type="float" />
              <param name="Z" type="float" />
            </accessor>
          </technique_common>
        </source>
        <source id="ID1844">
          <float_array id="ID1845" count="52">1 1 1 0.9166666 1 0.8333333 1 0.75 1 0.6666667 1 0.5833334 1 0.5 1 0.4166667 1 0.3333333 1 0.25 1 0.1666667 1 0.0833334 0 0 0 0.0833334 0 0.1666667 0 0.25 0 0.3333333 0 0.4166667 0 0.5 0 0.5833334 0 0.6666667 0 0.75 0 0.8333333 0 0.9166666 1 0 0 1</float_array>
          <technique_common>
            <accessor count="26" source="#ID1845" stride="2">
              <param name="S" type="float" />
              <param name="T" type="float" />
            </accessor>
          </technique_common>
        </source>
        <vertices id="ID1846">
          <input semantic="POSITION" source="#ID1840" />
        </vertices>
        <triangles count="24" material="ID1847">
          <input semantic="VERTEX" source="#ID1846" offset="0" />
          <input semantic="NORMAL" source="#ID1842" offset="1" />
          <input semantic="TEXCOORD" source="#ID1844" offset="2" set="0" />
          <p>1 1 1 25 25 25 0 0 0 1 1 1 23 23 23 25 25 25 1 1 1 2 2 2 23 23 23 23 23 23 2 2 2 22 22 22 22 22 22 2 2 2 3 3 3 21 21 21 3 3 3 4 4 4 20 20 20 4 4 4 5 5 5 19 19 19 5 5 5 6 6 6 18 18 18 6 6 6 7 7 7 17 17 17 7 7 7 8 8 8 16 16 16 8 8 8 9 9 9 15 15 15 9 9 9 10 10 10 14 14 14 10 10 10 11 11 11 13 13 13 11 11 11 24 24 24 12 12 12 13 13 13 24 24 24 13 13 13 14 14 14 11 11 11 14 14 14 15 15 15 10 10 10 15 15 15 16 16 16 9 9 9 16 16 16 17 17 17 8 8 8 17 17 17 18 18 18 7 7 7 18 18 18 19 19 19 6 6 6 19 19 19 20 20 20 5 5 5 20 20 20 21 21 21 4 4 4 21 21 21 22 22 22 3 3 3</p>
        </triangles>
      </mesh>
    </geometry>
    <geometry id="ID1848">
      <mesh>
        <source id="ID1849">
          <float_array id="ID1850" count="18">-0.0370439 0.021048 -0.004277 -0.0365328 0.0219891 -0.0042527 -0.0365328 0.0219891 0.0075 -0.0367143 0.0216816 0.0075 -0.0368848 0.0213677 0.0075 -0.0370439 0.021048 0.0075</float_array>
          <technique_common>
            <accessor count="6" source="#ID1850" stride="3">
              <param name="X" type="float" />
              <param name="Y" type="float" />
              <param name="Z" type="float" />
            </accessor>
          </technique_common>
        </source>
        <source id="ID1851">
          <float_array id="ID1852" count="18">0.9030524 -0.4295305 0 0.8519354 -0.5236469 0 0.8519354 -0.5236469 0 0.8700916 -0.4928901 0 0.8871378 -0.4615047 0 0.9030524 -0.4295305 0</float_array>
          <technique_common>
            <accessor count="6" source="#ID1852" stride="3">
              <param name="X" type="float" />
              <param name="Y" type="float" />
              <param name="Z" type="float" />
            </accessor>
          </technique_common>
        </source>
        <source id="ID1853">
          <float_array id="ID1854" count="12">0 0 0.0020698 1 1 1 1 0.6666667 1 0.3333333 1 0</float_array>
          <technique_common>
            <accessor count="6" source="#ID1854" stride="2">
              <param name="S" type="float" />
              <param name="T" type="float" />
            </accessor>
          </technique_common>
        </source>
        <vertices id="ID1855">
          <input semantic="POSITION" source="#ID1849" />
        </vertices>
        <triangles count="4" material="ID1856">
          <input semantic="VERTEX" source="#ID1855" offset="0" />
          <input semantic="NORMAL" source="#ID1851" offset="1" />
          <input semantic="TEXCOORD" source="#ID1853" offset="2" set="0" />
          <p>5 5 5 0 0 0 4 4 4 4 4 4 0 0 0 1 1 1 3 3 3 1 1 1 2 2 2 3 3 3 4 4 4 1 1 1</p>
        </triangles>
      </mesh>
    </geometry>
    <geometry id="ID1857">
      <mesh>
        <source id="ID1858">
          <float_array id="ID1859" count="15">-0.0370439 0.021048 -0.004277 -0.0370439 0.021048 0.0075 -0.037414 0.0202699 0.0075 -0.037414 0.0202699 -0.0042892 -0.037229 0.020659 -0.0042837</float_array>
          <technique_common>
            <accessor count="5" source="#ID1859" stride="3">
              <param name="X" type="float" />
              <param name="Y" type="float" />
              <param name="Z" type="float" />
            </accessor>
          </technique_common>
        </source>
        <source id="ID1860">
          <float_array id="ID1861" count="15">0.9030524 -0.4295305 0 0.9030524 -0.4295305 0 0.9030524 -0.4295305 0 0.9030524 -0.4295305 0 0.9030524 -0.4295305 0</float_array>
          <technique_common>
            <accessor count="5" source="#ID1861" stride="3">
              <param name="X" type="float" />
              <param name="Y" type="float" />
              <param name="Z" type="float" />
            </accessor>
          </technique_common>
        </source>
        <source id="ID1862">
          <float_array id="ID1863" count="10">0 0.9989653 0 0 1 0 1 1 0.4999492 0.999531</float_array>
          <technique_common>
            <accessor count="5" source="#ID1863" stride="2">
              <param name="S" type="float" />
              <param name="T" type="float" />
            </accessor>
          </technique_common>
        </source>
        <vertices id="ID1864">
          <input semantic="POSITION" source="#ID1858" />
        </vertices>
        <triangles count="3" material="ID1865">
          <input semantic="VERTEX" source="#ID1864" offset="0" />
          <input semantic="NORMAL" source="#ID1860" offset="1" />
          <input semantic="TEXCOORD" source="#ID1862" offset="2" set="0" />
          <p>0 0 0 1 1 1 4 4 4 4 4 4 1 1 1 2 2 2 3 3 3 4 4 4 2 2 2</p>
        </triangles>
      </mesh>
    </geometry>
    <geometry id="ID1866">
      <mesh>
        <source id="ID1867">
          <float_array id="ID1868" count="54">-0.0392096 0.0164948 0.0075 -0.0392096 0.0164948 0.009 -0.0407511 0.0118972 0.009 -0.0416865 0.007139 0.009 -0.042 0.0023 0.009 -0.042 0.0023 0.0047 -0.0419902 0.003155 0.0047 -0.041961 0.0040096 0.0047 -0.0419123 0.0048633 0.0047 -0.0419123 0.0048633 0.0014881 -0.0419123 0.0048633 -0.0043 -0.0412775 0.0096256 -0.0043 -0.0400391 0.0142676 -0.0043 -0.0382173 0.0187132 -0.0043 -0.037414 0.0202699 -0.0042892 -0.037414 0.0202699 0.0075 -0.0380592 0.0190341 0.0075 -0.038658 0.0177751 0.0075</float_array>
          <technique_common>
            <accessor count="18" source="#ID1868" stride="3">
              <param name="X" type="float" />
              <param name="Y" type="float" />
              <param name="Z" type="float" />
            </accessor>
          </technique_common>
        </source>
        <source id="ID1869">
          <float_array id="ID1870" count="54">0.9255899 -0.3785279 0 0.9255899 -0.3785279 0 0.9666969 -0.2559241 0 0.9916393 -0.1290409 0 1 0 0 1 0 0 0.99974 -0.0228006 0 0.9989603 -0.0455894 0 0.9976611 -0.0683544 0 0.9976611 -0.0683544 0 0.9976611 -0.0683544 0 0.9807339 -0.1953482 0 0.947709 -0.3191356 0 0.8991285 -0.4376847 0 0.8777071 -0.4791976 0 0.8777071 -0.4791976 0 0.8949122 -0.4462423 0 0.9108805 -0.4126703 0</float_array>
          <technique_common>
            <accessor count="18" source="#ID1870" stride="3">
              <param name="X" type="float" />
              <param name="Y" type="float" />
              <param name="Z" type="float" />
            </accessor>
          </technique_common>
        </source>
        <source id="ID1871">
          <float_array id="ID1872" count="36">0.1127819 0.2231859 0 0.2231859 0 0.482124 0 0.7410621 0 1 0.3233083 1 0.3233083 0.9543711 0.3233083 0.9087422 0.3233083 0.8631133 0.5648077 0.8631133 1 0.8631133 1 0.6065707 1 0.350028 1 0.0934853 0.9991912 0 0.1127819 0 0.1127819 0.0743952 0.1127819 0.1487906</float_array>
          <technique_common>
            <accessor count="18" source="#ID1872" stride="2">
              <param name="S" type="float" />
              <param name="T" type="float" />
            </accessor>
          </technique_common>
        </source>
        <vertices id="ID1873">
          <input semantic="POSITION" source="#ID1867" />
        </vertices>
        <triangles count="16" material="ID1874">
          <input semantic="VERTEX" source="#ID1873" offset="0" />
          <input semantic="NORMAL" source="#ID1869" offset="1" />
          <input semantic="TEXCOORD" source="#ID1871" offset="2" set="0" />
          <p>1 1 1 2 2 2 0 0 0 0 0 0 2 2 2 12 12 12 13 13 13 0 0 0 12 12 12 13 13 13 17 17 17 0 0 0 13 13 13 16 16 16 17 17 17 13 13 13 15 15 15 16 16 16 13 13 13 14 14 14 15 15 15 12 12 12 2 2 2 11 11 11 11 11 11 2 2 2 3 3 3 9 9 9 3 3 3 8 8 8 9 9 9 11 11 11 3 3 3 9 9 9 10 10 10 11 11 11 3 3 3 4 4 4 8 8 8 8 8 8 4 4 4 7 7 7 7 7 7 4 4 4 6 6 6 6 6 6 4 4 4 5 5 5</p>
        </triangles>
      </mesh>
    </geometry>
    <geometry id="ID1875">
      <mesh>
        <source id="ID1876">
          <float_array id="ID1877" count="18">-0.0402737 0.0183433 0.0145 -0.0374761 0.0134835 0.0145 -0.0374761 0.0134835 0.009 -0.0392096 0.0164948 0.009 -0.0392096 0.0164948 0.0075 -0.0402737 0.0183433 0.0075</float_array>
          <technique_common>
            <accessor count="6" source="#ID1877" stride="3">
              <param name="X" type="float" />
              <param name="Y" type="float" />
              <param name="Z" type="float" />
            </accessor>
          </technique_common>
        </source>
        <source id="ID1878">
          <float_array id="ID1879" count="18">0.8666604 0.4988985 0 0.8666604 0.4988985 0 0.8666604 0.4988985 0 0.8666604 0.4988985 0 0.8666604 0.4988985 0 0.8666604 0.4988985 0</float_array>
          <technique_common>
            <accessor count="6" source="#ID1879" stride="3">
              <param name="X" type="float" />
              <param name="Y" type="float" />
              <param name="Z" type="float" />
            </accessor>
          </technique_common>
        </source>
        <source id="ID1880">
          <float_array id="ID1881" count="12">1 1 0 1 0 0.2142857 0.6196386 0.2142857 0.6196386 0 1 0</float_array>
          <technique_common>
            <accessor count="6" source="#ID1881" stride="2">
              <param name="S" type="float" />
              <param name="T" type="float" />
            </accessor>
          </technique_common>
        </source>
        <vertices id="ID1882">
          <input semantic="POSITION" source="#ID1876" />
        </vertices>
        <triangles count="4" material="ID1883">
          <input semantic="VERTEX" source="#ID1882" offset="0" />
          <input semantic="NORMAL" source="#ID1878" offset="1" />
          <input semantic="TEXCOORD" source="#ID1880" offset="2" set="0" />
          <p>5 5 5 0 0 0 3 3 3 4 4 4 5 5 5 3 3 3 2 2 2 3 3 3 1 1 1 1 1 1 3 3 3 0 0 0</p>
        </triangles>
      </mesh>
    </geometry>
    <geometry id="ID1884">
      <mesh>
        <source id="ID1885">
          <float_array id="ID1886" count="24">-0.0430302 0.0207188 0.0145 -0.0419397 0.020142 0.0145 -0.0410052 0.0193367 0.0145 -0.0402737 0.0183433 0.0145 -0.0402737 0.0183433 0.0075 -0.0410052 0.0193367 0.0075 -0.0419397 0.020142 0.0075 -0.0430302 0.0207188 0.0075</float_array>
          <technique_common>
            <accessor count="8" source="#ID1886" stride="3">
              <param name="X" type="float" />
              <param name="Y" type="float" />
              <param name="Z" type="float" />
            </accessor>
          </technique_common>
        </source>
        <source id="ID1887">
          <float_array id="ID1888" count="24">0.3654757 0.9308209 0 0.5637498 0.8259456 0 0.7336609 0.6795158 0 0.8666604 0.4988985 0 0.8666604 0.4988985 0 0.7336609 0.6795158 0 0.5637498 0.8259456 0 0.3654757 0.9308209 0</float_array>
          <technique_common>
            <accessor count="8" source="#ID1888" stride="3">
              <param name="X" type="float" />
              <param name="Y" type="float" />
              <param name="Z" type="float" />
            </accessor>
          </technique_common>
        </source>
        <source id="ID1889">
          <float_array id="ID1890" count="16">0 1 0 0.6666667 0 0.3333333 0 0 1 0 1 0.3333333 1 0.6666667 1 1</float_array>
          <technique_common>
            <accessor count="8" source="#ID1890" stride="2">
              <param name="S" type="float" />
              <param name="T" type="float" />
            </accessor>
          </technique_common>
        </source>
        <vertices id="ID1891">
          <input semantic="POSITION" source="#ID1885" />
        </vertices>
        <triangles count="6" material="ID1892">
          <input semantic="VERTEX" source="#ID1891" offset="0" />
          <input semantic="NORMAL" source="#ID1887" offset="1" />
          <input semantic="TEXCOORD" source="#ID1889" offset="2" set="0" />
          <p>7 7 7 0 0 0 6 6 6 6 6 6 0 0 0 1 1 1 2 2 2 6 6 6 1 1 1 2 2 2 5 5 5 6 6 6 2 2 2 4 4 4 5 5 5 2 2 2 3 3 3 4 4 4</p>
        </triangles>
      </mesh>
    </geometry>
    <geometry id="ID1893">
      <mesh>
        <source id="ID1894">
          <float_array id="ID1895" count="18">-0.0516192 0.0240912 0.008 -0.0516192 0.0240912 0.0145 -0.0430302 0.0207188 0.0145 -0.0430302 0.0207188 0.0075 -0.0535073 0.0248326 0.0075 -0.0535073 0.0248326 0.008</float_array>
          <technique_common>
            <accessor count="6" source="#ID1895" stride="3">
              <param name="X" type="float" />
              <param name="Y" type="float" />
              <param name="Z" type="float" />
            </accessor>
          </technique_common>
        </source>
        <source id="ID1896">
          <float_array id="ID1897" count="18">0.3654757 0.9308209 0 0.3654757 0.9308209 0 0.3654757 0.9308209 0 0.3654757 0.9308209 0 0.3654757 0.9308209 0 0.3654757 0.9308209 0</float_array>
          <technique_common>
            <accessor count="6" source="#ID1897" stride="3">
              <param name="X" type="float" />
              <param name="Y" type="float" />
              <param name="Z" type="float" />
            </accessor>
          </technique_common>
        </source>
        <source id="ID1898">
          <float_array id="ID1899" count="12">0.8197878 0.0714286 0.8197878 1 0 1 0 0 1 0 1 0.0714286</float_array>
          <technique_common>
            <accessor count="6" source="#ID1899" stride="2">
              <param name="S" type="float" />
              <param name="T" type="float" />
            </accessor>
          </technique_common>
        </source>
        <vertices id="ID1900">
          <input semantic="POSITION" source="#ID1894" />
        </vertices>
        <triangles count="4" material="ID1901">
          <input semantic="VERTEX" source="#ID1900" offset="0" />
          <input semantic="NORMAL" source="#ID1896" offset="1" />
          <input semantic="TEXCOORD" source="#ID1898" offset="2" set="0" />
          <p>1 1 1 2 2 2 0 0 0 0 0 0 2 2 2 3 3 3 4 4 4 0 0 0 3 3 3 4 4 4 5 5 5 0 0 0</p>
        </triangles>
      </mesh>
    </geometry>
    <geometry id="ID1902">
      <mesh>
        <source id="ID1903">
          <float_array id="ID1904" count="12">-0.0338903 0.0405504 0.0145 -0.04554 0.0451244 0.0145 -0.04554 0.0451244 0.0075 -0.0338903 0.0405504 0.0075</float_array>
          <technique_common>
            <accessor count="4" source="#ID1904" stride="3">
              <param name="X" type="float" />
              <param name="Y" type="float" />
              <param name="Z" type="float" />
            </accessor>
          </technique_common>
        </source>
        <source id="ID1905">
          <float_array id="ID1906" count="12">-0.3654757 -0.9308209 0 -0.3654757 -0.9308209 0 -0.3654757 -0.9308209 0 -0.3654757 -0.9308209 0</float_array>
          <technique_common>
            <accessor count="4" source="#ID1906" stride="3">
              <param name="X" type="float" />
              <param name="Y" type="float" />
              <param name="Z" type="float" />
            </accessor>
          </technique_common>
        </source>
        <source id="ID1907">
          <float_array id="ID1908" count="8">1 1 0 1 0 0 1 0</float_array>
          <technique_common>
            <accessor count="4" source="#ID1908" stride="2">
              <param name="S" type="float" />
              <param name="T" type="float" />
            </accessor>
          </technique_common>
        </source>
        <vertices id="ID1909">
          <input semantic="POSITION" source="#ID1903" />
        </vertices>
        <triangles count="2" material="ID1910">
          <input semantic="VERTEX" source="#ID1909" offset="0" />
          <input semantic="NORMAL" source="#ID1905" offset="1" />
          <input semantic="TEXCOORD" source="#ID1907" offset="2" set="0" />
          <p>0 0 0 1 1 1 3 3 3 3 3 3 1 1 1 2 2 2</p>
        </triangles>
      </mesh>
    </geometry>
    <geometry id="ID1911">
      <mesh>
        <source id="ID1912">
          <float_array id="ID1913" count="24">-0.0304159 0.0358428 0.0145 -0.0309453 0.0378175 0.0145 -0.0321593 0.0394625 0.0145 -0.0338903 0.0405504 0.0145 -0.0338903 0.0405504 0.0075 -0.0321593 0.0394625 0.0075 -0.0309453 0.0378175 0.0075 -0.0304159 0.0358428 0.0075</float_array>
          <technique_common>
            <accessor count="8" source="#ID1913" stride="3">
              <param name="X" type="float" />
              <param name="Y" type="float" />
              <param name="Z" type="float" />
            </accessor>
          </technique_common>
        </source>
        <source id="ID1914">
          <float_array id="ID1915" count="24">-0.9971911 -0.0748997 0 -0.9009406 -0.4339424 0 -0.6802019 -0.7330248 0 -0.3654757 -0.9308209 0 -0.3654757 -0.9308209 0 -0.6802019 -0.7330248 0 -0.9009406 -0.4339424 0 -0.9971911 -0.0748997 0</float_array>
          <technique_common>
            <accessor count="8" source="#ID1915" stride="3">
              <param name="X" type="float" />
              <param name="Y" type="float" />
              <param name="Z" type="float" />
            </accessor>
          </technique_common>
        </source>
        <source id="ID1916">
          <float_array id="ID1917" count="16">0 0 0 0.3333333 0 0.6666666 0 1 1 1 1 0.6666666 1 0.3333333 1 0</float_array>
          <technique_common>
            <accessor count="8" source="#ID1917" stride="2">
              <param name="S" type="float" />
              <param name="T" type="float" />
            </accessor>
          </technique_common>
        </source>
        <vertices id="ID1918">
          <input semantic="POSITION" source="#ID1912" />
        </vertices>
        <triangles count="6" material="ID1919">
          <input semantic="VERTEX" source="#ID1918" offset="0" />
          <input semantic="NORMAL" source="#ID1914" offset="1" />
          <input semantic="TEXCOORD" source="#ID1916" offset="2" set="0" />
          <p>7 7 7 0 0 0 6 6 6 6 6 6 0 0 0 1 1 1 5 5 5 1 1 1 2 2 2 4 4 4 2 2 2 3 3 3 4 4 4 5 5 5 2 2 2 5 5 5 6 6 6 1 1 1</p>
        </triangles>
      </mesh>
    </geometry>
    <geometry id="ID1920">
      <mesh>
        <source id="ID1921">
          <float_array id="ID1922" count="18">-0.0298562 0.0283918 0.0145 -0.0304159 0.0358428 0.0145 -0.0304159 0.0358428 0.0075 -0.0299737 0.0299559 0.0075 -0.0299737 0.0299559 0.009 -0.0298562 0.0283918 0.009</float_array>
          <technique_common>
            <accessor count="6" source="#ID1922" stride="3">
              <param name="X" type="float" />
              <param name="Y" type="float" />
              <param name="Z" type="float" />
            </accessor>
          </technique_common>
        </source>
        <source id="ID1923">
          <float_array id="ID1924" count="18">-0.9971911 -0.0748997 0 -0.9971911 -0.0748997 0 -0.9971911 -0.0748997 0 -0.9971911 -0.0748997 0 -0.9971911 -0.0748997 0 -0.9971911 -0.0748997 0</float_array>
          <technique_common>
            <accessor count="6" source="#ID1924" stride="3">
              <param name="X" type="float" />
              <param name="Y" type="float" />
              <param name="Z" type="float" />
            </accessor>
          </technique_common>
        </source>
        <source id="ID1925">
          <float_array id="ID1926" count="12">1 1 0 1 0 0 0.7900834 0 0.7900834 0.2142857 1 0.2142857</float_array>
          <technique_common>
            <accessor count="6" source="#ID1926" stride="2">
              <param name="S" type="float" />
              <param name="T" type="float" />
            </accessor>
          </technique_common>
        </source>
        <vertices id="ID1927">
          <input semantic="POSITION" source="#ID1921" />
        </vertices>
        <triangles count="4" material="ID1928">
          <input semantic="VERTEX" source="#ID1927" offset="0" />
          <input semantic="NORMAL" source="#ID1923" offset="1" />
          <input semantic="TEXCOORD" source="#ID1925" offset="2" set="0" />
          <p>5 5 5 0 0 0 4 4 4 4 4 4 0 0 0 1 1 1 2 2 2 4 4 4 1 1 1 2 2 2 3 3 3 4 4 4</p>
        </triangles>
      </mesh>
    </geometry>
    <geometry id="ID1929">
      <mesh>
        <source id="ID1930">
          <float_array id="ID1931" count="54">-0.0365328 0.0219891 0.0075 -0.0365328 0.0219891 -0.0042527 -0.0315968 0.0283661 -0.0035601 -0.0255388 0.033463 -0.0014892 -0.025125 0.0337383 -0.0012963 -0.0247076 0.0340082 -0.0011017 -0.0242867 0.0342726 -0.0009054 -0.0179474 0.0374131 0.0005 -0.0135774 0.0387878 0.0005 -0.0090726 0.0396209 0.0005 -0.0045 0.0399 0.0005 -0.0045 0.0399 0.009 -0.0137337 0.0387486 0.009 -0.0224019 0.0353648 0.009 -0.0299737 0.0299559 0.009 -0.0299737 0.0299559 0.0075 -0.0324011 0.027505 0.0075 -0.0345936 0.0248419 0.0075</float_array>
          <technique_common>
            <accessor count="18" source="#ID1931" stride="3">
              <param name="X" type="float" />
              <param name="Y" type="float" />
              <param name="Z" type="float" />
            </accessor>
          </technique_common>
        </source>
        <source id="ID1932">
          <float_array id="ID1933" count="54">0.8519354 -0.5236469 0 0.8519354 -0.5236469 0 0.7206801 -0.6932678 0 0.5595418 -0.8288022 0 0.5485371 -0.8361262 0 0.5374365 -0.8433042 0 0.526242 -0.8503348 0 0.3576443 -0.9338579 0 0.2414205 -0.9704206 0 0.1216129 -0.9925776 0 0 -1 0 0 -1 0 0.2455782 -0.9693768 0 0.4761156 -0.8793827 0 0.6774927 -0.7355295 0 0.6774927 -0.7355295 0 0.7420493 -0.6703453 0 0.8003605 -0.599519 0</float_array>
          <technique_common>
            <accessor count="18" source="#ID1933" stride="3">
              <param name="X" type="float" />
              <param name="Y" type="float" />
              <param name="Z" type="float" />
            </accessor>
          </technique_common>
        </source>
        <source id="ID1934">
          <float_array id="ID1935" count="36">0.8868152 0 0 0 0.0522556 0.210742 0.2085191 0.4176226 0.2230782 0.4305869 0.2377642 0.4435511 0.2525744 0.4565153 0.3586197 0.6413113 0.3586197 0.7608742 0.3586197 0.8804371 0.3586197 1 1 1 1 0.7566702 1 0.5133404 1 0.2700107 0.8868152 0.2700107 0.8868152 0.1800071 0.8868152 0.0900035</float_array>
          <technique_common>
            <accessor count="18" source="#ID1935" stride="2">
              <param name="S" type="float" />
              <param name="T" type="float" />
            </accessor>
          </technique_common>
        </source>
        <vertices id="ID1936">
          <input semantic="POSITION" source="#ID1930" />
        </vertices>
        <triangles count="16" material="ID1937">
          <input semantic="VERTEX" source="#ID1936" offset="0" />
          <input semantic="NORMAL" source="#ID1932" offset="1" />
          <input semantic="TEXCOORD" source="#ID1934" offset="2" set="0" />
          <p>0 0 0 1 1 1 17 17 17 17 17 17 1 1 1 2 2 2 16 16 16 2 2 2 15 15 15 16 16 16 17 17 17 2 2 2 2 2 2 3 3 3 15 15 15 15 15 15 3 3 3 13 13 13 14 14 14 15 15 15 13 13 13 3 3 3 4 4 4 13 13 13 13 13 13 4 4 4 5 5 5 6 6 6 13 13 13 5 5 5 6 6 6 7 7 7 13 13 13 13 13 13 7 7 7 12 12 12 12 12 12 7 7 7 8 8 8 9 9 9 12 12 12 8 8 8 9 9 9 11 11 11 12 12 12 9 9 9 10 10 10 11 11 11</p>
        </triangles>
      </mesh>
    </geometry>
    <geometry id="ID1938">
      <mesh>
        <source id="ID1939">
          <float_array id="ID1940" count="24">-0.0535073 0.0248326 0.008 -0.0535073 0.0248326 0.0075 -0.0557978 0.0265235 0.0075 -0.0569359 0.0291331 0.0075 -0.0566167 0.0319622 0.0075 -0.0566167 0.0319622 0.008 -0.0569359 0.0291331 0.008 -0.0557978 0.0265235 0.008</float_array>
          <technique_common>
            <accessor count="8" source="#ID1940" stride="3">
              <param name="X" type="float" />
              <param name="Y" type="float" />
              <param name="Z" type="float" />
            </accessor>
          </technique_common>
        </source>
        <source id="ID1941">
          <float_array id="ID1942" count="24">0.3654757 0.9308209 0 0.3654757 0.9308209 0 0.7819216 0.6233767 0 0.9888524 0.1488993 0 0.9308209 -0.3654757 0 0.9308209 -0.3654757 0 0.9888524 0.1488993 0 0.7819216 0.6233767 0</float_array>
          <technique_common>
            <accessor count="8" source="#ID1942" stride="3">
              <param name="X" type="float" />
              <param name="Y" type="float" />
              <param name="Z" type="float" />
            </accessor>
          </technique_common>
        </source>
        <source id="ID1943">
          <float_array id="ID1944" count="16">0 1 1 1 1 0.6666667 1 0.3333333 1 0 0 0 0 0.3333333 0 0.6666667</float_array>
          <technique_common>
            <accessor count="8" source="#ID1944" stride="2">
              <param name="S" type="float" />
              <param name="T" type="float" />
            </accessor>
          </technique_common>
        </source>
        <vertices id="ID1945">
          <input semantic="POSITION" source="#ID1939" />
        </vertices>
        <triangles count="6" material="ID1946">
          <input semantic="VERTEX" source="#ID1945" offset="0" />
          <input semantic="NORMAL" source="#ID1941" offset="1" />
          <input semantic="TEXCOORD" source="#ID1943" offset="2" set="0" />
          <p>1 1 1 2 2 2 0 0 0 0 0 0 2 2 2 7 7 7 7 7 7 2 2 2 3 3 3 6 6 6 3 3 3 4 4 4 5 5 5 6 6 6 4 4 4 6 6 6 7 7 7 3 3 3</p>
        </triangles>
      </mesh>
    </geometry>
    <geometry id="ID1947">
      <mesh>
        <source id="ID1948">
          <float_array id="ID1949" count="24">-0.0649656 0.0398142 0.008 -0.0646066 0.0399456 0.008 -0.0642389 0.0400503 0.008 -0.0638645 0.0401276 0.008 -0.0638645 0.0401276 0.0145 -0.0642389 0.0400503 0.0145 -0.0646066 0.0399456 0.0145 -0.0649656 0.0398142 0.0145</float_array>
          <technique_common>
            <accessor count="8" source="#ID1949" stride="3">
              <param name="X" type="float" />
              <param name="Y" type="float" />
              <param name="Z" type="float" />
            </accessor>
          </technique_common>
        </source>
        <source id="ID1950">
          <float_array id="ID1951" count="24">0.3780015 -0.925805 0 0.3089601 -0.951075 0 0.2382486 -0.9712042 0 0.1662494 -0.9860837 0 0.1662494 -0.9860837 0 0.2382486 -0.9712042 0 0.3089601 -0.951075 0 0.3780015 -0.925805 0</float_array>
          <technique_common>
            <accessor count="8" source="#ID1951" stride="3">
              <param name="X" type="float" />
              <param name="Y" type="float" />
              <param name="Z" type="float" />
            </accessor>
          </technique_common>
        </source>
        <source id="ID1952">
          <float_array id="ID1953" count="16">1 1 1 0.666667 1 0.333333 1 0 0 0 0 0.333333 0 0.666667 0 1</float_array>
          <technique_common>
            <accessor count="8" source="#ID1953" stride="2">
              <param name="S" type="float" />
              <param name="T" type="float" />
            </accessor>
          </technique_common>
        </source>
        <vertices id="ID1954">
          <input semantic="POSITION" source="#ID1948" />
        </vertices>
        <triangles count="6" material="ID1955">
          <input semantic="VERTEX" source="#ID1954" offset="0" />
          <input semantic="NORMAL" source="#ID1950" offset="1" />
          <input semantic="TEXCOORD" source="#ID1952" offset="2" set="0" />
          <p>7 7 7 0 0 0 6 6 6 6 6 6 0 0 0 1 1 1 5 5 5 1 1 1 2 2 2 4 4 4 2 2 2 3 3 3 4 4 4 5 5 5 2 2 2 5 5 5 6 6 6 1 1 1</p>
        </triangles>
      </mesh>
    </geometry>
    <geometry id="ID1956">
      <mesh>
        <source id="ID1957">
          <float_array id="ID1958" count="12">-0.0541175 0.0417709 0.008 -0.0541175 0.0417709 0.0145 -0.0638645 0.0401276 0.0145 -0.0638645 0.0401276 0.008</float_array>
          <technique_common>
            <accessor count="4" source="#ID1958" stride="3">
              <param name="X" type="float" />
              <param name="Y" type="float" />
              <param name="Z" type="float" />
            </accessor>
          </technique_common>
        </source>
        <source id="ID1959">
          <float_array id="ID1960" count="12">0.1662494 -0.9860837 0 0.1662494 -0.9860837 0 0.1662494 -0.9860837 0 0.1662494 -0.9860837 0</float_array>
          <technique_common>
            <accessor count="4" source="#ID1960" stride="3">
              <param name="X" type="float" />
              <param name="Y" type="float" />
              <param name="Z" type="float" />
            </accessor>
          </technique_common>
        </source>
        <source id="ID1961">
          <float_array id="ID1962" count="8">1 0 1 1 0 1 0 0</float_array>
          <technique_common>
            <accessor count="4" source="#ID1962" stride="2">
              <param name="S" type="float" />
              <param name="T" type="float" />
            </accessor>
          </technique_common>
        </source>
        <vertices id="ID1963">
          <input semantic="POSITION" source="#ID1957" />
        </vertices>
        <triangles count="2" material="ID1964">
          <input semantic="VERTEX" source="#ID1963" offset="0" />
          <input semantic="NORMAL" source="#ID1959" offset="1" />
          <input semantic="TEXCOORD" source="#ID1961" offset="2" set="0" />
          <p>1 1 1 2 2 2 0 0 0 0 0 0 2 2 2 3 3 3</p>
        </triangles>
      </mesh>
    </geometry>
    <geometry id="ID1965">
      <mesh>
        <source id="ID1966">
          <float_array id="ID1967" count="36">-0.0521223 0.0430618 0.0145 -0.0521223 0.0430618 0.0106277 -0.0521223 0.0430618 0.0089978 -0.0521223 0.0430618 0.0075 -0.0503286 0.0447515 0.0075 -0.0479772 0.0454883 0.0075 -0.0466794 0.0454356 0.0075 -0.04554 0.0451244 0.0075 -0.04554 0.0451244 0.0145 -0.0466794 0.0454356 0.0145 -0.0479772 0.0454883 0.0145 -0.0503286 0.0447515 0.0145</float_array>
          <technique_common>
            <accessor count="12" source="#ID1967" stride="3">
              <param name="X" type="float" />
              <param name="Y" type="float" />
              <param name="Z" type="float" />
            </accessor>
          </technique_common>
        </source>
        <source id="ID1968">
          <float_array id="ID1969" count="36">0.8313202 -0.5557939 0 0.8313202 -0.5557939 0 0.8313202 -0.5557939 0 0.8313202 -0.5557939 0 0.5051921 -0.8630069 0 0.0776522 -0.9969805 0 -0.1583012 -0.9873909 0 -0.3654757 -0.9308209 0 -0.3654757 -0.9308209 0 -0.1583012 -0.9873909 0 0.0776522 -0.9969805 0 0.5051921 -0.8630069 0</float_array>
          <technique_common>
            <accessor count="12" source="#ID1969" stride="3">
              <param name="X" type="float" />
              <param name="Y" type="float" />
              <param name="Z" type="float" />
            </accessor>
          </technique_common>
        </source>
        <source id="ID1970">
          <float_array id="ID1971" count="24">0 1 0.5531813 1 0.7860347 1 1 1 1 0.6666666 1 0.3333333 1 0.158727 1 0 0 0 0 0.158727 0 0.3333333 0 0.6666666</float_array>
          <technique_common>
            <accessor count="12" source="#ID1971" stride="2">
              <param name="S" type="float" />
              <param name="T" type="float" />
            </accessor>
          </technique_common>
        </source>
        <vertices id="ID1972">
          <input semantic="POSITION" source="#ID1966" />
        </vertices>
        <triangles count="10" material="ID1973">
          <input semantic="VERTEX" source="#ID1972" offset="0" />
          <input semantic="NORMAL" source="#ID1968" offset="1" />
          <input semantic="TEXCOORD" source="#ID1970" offset="2" set="0" />
          <p>0 0 0 1 1 1 11 11 11 11 11 11 1 1 1 4 4 4 5 5 5 11 11 11 4 4 4 5 5 5 10 10 10 11 11 11 5 5 5 6 6 6 10 10 10 10 10 10 6 6 6 9 9 9 9 9 9 6 6 6 7 7 7 8 8 8 9 9 9 7 7 7 1 1 1 2 2 2 4 4 4 4 4 4 2 2 2 3 3 3</p>
        </triangles>
      </mesh>
    </geometry>
    <geometry id="ID1974">
      <mesh>
        <source id="ID1975">
          <float_array id="ID1976" count="165">-0.0365328 0.0219891 0.0075 -0.0345936 0.0248419 0.0075 -0.0324011 0.027505 0.0075 -0.0299737 0.0299559 0.0075 -0.0304159 0.0358428 0.0075 -0.0309453 0.0378175 0.0075 -0.0321593 0.0394625 0.0075 -0.0338903 0.0405504 0.0075 -0.04554 0.0451244 0.0075 -0.0466794 0.0454356 0.0075 -0.0479772 0.0454883 0.0075 -0.0503286 0.0447515 0.0075 -0.0521223 0.0430618 0.0075 -0.0522078 0.0429406 0.0075 -0.0522991 0.0428237 0.0075 -0.0523961 0.0427116 0.0075 -0.0566167 0.0319622 0.0075 -0.0569359 0.0291331 0.0075 -0.0557978 0.0265235 0.0075 -0.0535073 0.0248326 0.0075 -0.0430302 0.0207188 0.0075 -0.0419397 0.020142 0.0075 -0.0410052 0.0193367 0.0075 -0.0402737 0.0183433 0.0075 -0.0392096 0.0164948 0.0075 -0.038658 0.0177751 0.0075 -0.0380592 0.0190341 0.0075 -0.037414 0.0202699 0.0075 -0.0370439 0.021048 0.0075 -0.0368848 0.0213677 0.0075 -0.0367143 0.0216816 0.0075 -0.0445108 0.0263535 0.0075 -0.0452608 0.0265545 0.0075 -0.0458098 0.0271035 0.0075 -0.0460108 0.0278535 0.0075 -0.0458098 0.0286035 0.0075 -0.0452608 0.0291525 0.0075 -0.0445108 0.0293535 0.0075 -0.0437608 0.0291525 0.0075 -0.0432117 0.0286035 0.0075 -0.0430108 0.0278535 0.0075 -0.0432117 0.0271035 0.0075 -0.0437608 0.0265545 0.0075 -0.0410387 0.0351963 0.0075 -0.0417887 0.0353973 0.0075 -0.0423378 0.0359463 0.0075 -0.0425387 0.0366963 0.0075 -0.0423378 0.0374463 0.0075 -0.0417887 0.0379953 0.0075 -0.0410387 0.0381963 0.0075 -0.0402887 0.0379953 0.0075 -0.0397397 0.0374463 0.0075 -0.0395387 0.0366963 0.0075 -0.0397397 0.0359463 0.0075 -0.0402887 0.0353973 0.0075</float_array>
          <technique_common>
            <accessor count="55" source="#ID1976" stride="3">
              <param name="X" type="float" />
              <param name="Y" type="float" />
              <param name="Z" type="float" />
            </accessor>
          </technique_common>
        </source>
        <source id="ID1977">
          <float_array id="ID1978" count="165">0 0 1 0 0 1 0 0 1 0 0 1 0 0 1 0 0 1 0 0 1 0 0 1 0 0 1 0 0 1 0 0 1 0 0 1 0 0 1 0 0 1 0 0 1 0 0 1 0 0 1 0 0 1 0 0 1 0 0 1 0 0 1 0 0 1 0 0 1 0 0 1 0 0 1 0 0 1 0 0 1 0 0 1 0 0 1 0 0 1 0 0 1 0 0 1 0 0 1 0 0 1 0 0 1 0 0 1 0 0 1 0 0 1 0 0 1 0 0 1 0 0 1 0 0 1 0 0 1 0 0 1 0 0 1 0 0 1 0 0 1 0 0 1 0 0 1 0 0 1 0 0 1 0 0 1 0 0 1 0 0 1 0 0 1</float_array>
          <technique_common>
            <accessor count="55" source="#ID1978" stride="3">
              <param name="X" type="float" />
              <param name="Y" type="float" />
              <param name="Z" type="float" />
            </accessor>
          </technique_common>
        </source>
        <source id="ID1979">
          <float_array id="ID1980" count="110">0.8104982 0.2432685 0.712104 0.1713449 0.6202536 0.0900273 0.5357201 0 0.3326788 0.0163996 0.2645692 0.0360336 0.2078341 0.081062 0.1703126 0.1452629 0.0125503 0.577336 0.0018191 0.6195974 0 0.6677294 0.0254145 0.754943 0.083692 0.8214698 0.0878727 0.824639 0.0919025 0.8280263 0.0957718 0.8316239 0.4665228 0.9881623 0.5640984 1 0.6541056 0.9577883 0.712427 0.8728377 0.8543107 0.4842525 0.8742052 0.4438067 0.9019826 0.4091466 0.9362452 0.3820161 1 0.3425502 0.9558405 0.3220918 0.9124187 0.2998825 0.8697945 0.275953 0.8429593 0.2622273 0.8319312 0.2563247 0.8211063 0.2500024 0.6599684 0.5391639 0.6530371 0.5669807 0.6341006 0.587344 0.6082327 0.5947974 0.5823649 0.587344 0.5634283 0.5669807 0.556497 0.5391639 0.5634283 0.5113472 0.5823649 0.4909839 0.6082327 0.4835305 0.6341006 0.4909839 0.6530371 0.5113472 0.3549763 0.4103903 0.348045 0.438207 0.3291084 0.4585703 0.3032406 0.4660237 0.2773727 0.4585703 0.2584362 0.438207 0.2515049 0.4103903 0.2584362 0.3825735 0.2773727 0.3622102 0.3032406 0.3547568 0.3291084 0.3622102 0.348045 0.3825735</float_array>
          <technique_common>
            <accessor count="55" source="#ID1980" stride="2">
              <param name="S" type="float" />
              <param name="T" type="float" />
            </accessor>
          </technique_common>
        </source>
        <vertices id="ID1981">
          <input semantic="POSITION" source="#ID1975" />
        </vertices>
        <triangles count="57" material="ID1982">
          <input semantic="VERTEX" source="#ID1981" offset="0" />
          <input semantic="NORMAL" source="#ID1977" offset="1" />
          <input semantic="TEXCOORD" source="#ID1979" offset="2" set="0" />
          <p>54 54 54 39 39 39 2 2 2 53 53 53 2 2 2 4 4 4 52 52 52 4 4 4 5 5 5 6 6 6 52 52 52 5 5 5 6 6 6 7 7 7 52 52 52 52 52 52 7 7 7 51 51 51 51 51 51 7 7 7 50 50 50 50 50 50 7 7 7 49 49 49 49 49 49 7 7 7 8 8 8 48 48 48 8 8 8 47 47 47 48 48 48 49 49 49 8 8 8 2 2 2 40 40 40 1 1 1 2 2 2 39 39 39 40 40 40 2 2 2 3 3 3 4 4 4 47 47 47 8 8 8 12 12 12 13 13 13 47 47 47 12 12 12 13 13 13 14 14 14 47 47 47 47 47 47 14 14 14 15 15 15 46 46 46 15 15 15 16 16 16 36 36 36 16 16 16 35 35 35 36 36 36 46 46 46 16 16 16 36 36 36 45 45 45 46 46 46 36 36 36 37 37 37 45 45 45 45 45 45 37 37 37 44 44 44 44 44 44 37 37 37 38 38 38 43 43 43 38 38 38 39 39 39 54 54 54 43 43 43 39 39 39 8 8 8 9 9 9 12 12 12 12 12 12 9 9 9 10 10 10 11 11 11 12 12 12 10 10 10 17 17 17 18 18 18 16 16 16 16 16 16 18 18 18 19 19 19 35 35 35 19 19 19 34 34 34 35 35 35 16 16 16 19 19 19 42 42 42 31 31 31 20 20 20 41 41 41 20 20 20 21 21 21 0 0 0 21 21 21 30 30 30 0 0 0 41 41 41 21 21 21 0 0 0 1 1 1 41 41 41 41 41 41 1 1 1 40 40 40 24 24 24 25 25 25 23 23 23 23 23 23 25 25 25 26 26 26 22 22 22 26 26 26 27 27 27 21 21 21 27 27 27 28 28 28 29 29 29 21 21 21 28 28 28 29 29 29 30 30 30 21 21 21 22 22 22 23 23 23 26 26 26 31 31 31 32 32 32 20 20 20 20 20 20 32 32 32 19 19 19 19 19 19 32 32 32 33 33 33 34 34 34 19 19 19 33 33 33 41 41 41 42 42 42 20 20 20 43 43 43 44 44 44 38 38 38 46 46 46 47 47 47 15 15 15 52 52 52 53 53 53 4 4 4 53 53 53 54 54 54 2 2 2 22 22 22 27 27 27 21 21 21</p>
        </triangles>
      </mesh>
    </geometry>
    <geometry id="ID1983">
      <mesh>
        <source id="ID1984">
          <float_array id="ID1985" count="12">-0.0523961 0.0427116 0.008 -0.0566167 0.0319622 0.008 -0.0566167 0.0319622 0.0075 -0.0523961 0.0427116 0.0075</float_array>
          <technique_common>
            <accessor count="4" source="#ID1985" stride="3">
              <param name="X" type="float" />
              <param name="Y" type="float" />
              <param name="Z" type="float" />
            </accessor>
          </technique_common>
        </source>
        <source id="ID1986">
          <float_array id="ID1987" count="12">0.9308209 -0.3654757 0 0.9308209 -0.3654757 0 0.9308209 -0.3654757 0 0.9308209 -0.3654757 0</float_array>
          <technique_common>
            <accessor count="4" source="#ID1987" stride="3">
              <param name="X" type="float" />
              <param name="Y" type="float" />
              <param name="Z" type="float" />
            </accessor>
          </technique_common>
        </source>
        <source id="ID1988">
          <float_array id="ID1989" count="8">1 1 0 1 0 0 1 0</float_array>
          <technique_common>
            <accessor count="4" source="#ID1989" stride="2">
              <param name="S" type="float" />
              <param name="T" type="float" />
            </accessor>
          </technique_common>
        </source>
        <vertices id="ID1990">
          <input semantic="POSITION" source="#ID1984" />
        </vertices>
        <triangles count="2" material="ID1991">
          <input semantic="VERTEX" source="#ID1990" offset="0" />
          <input semantic="NORMAL" source="#ID1986" offset="1" />
          <input semantic="TEXCOORD" source="#ID1988" offset="2" set="0" />
          <p>0 0 0 1 1 1 3 3 3 3 3 3 1 1 1 2 2 2</p>
        </triangles>
      </mesh>
    </geometry>
    <geometry id="ID1992">
      <mesh>
        <source id="ID1993">
          <float_array id="ID1994" count="141">-0.078 0.02825 0.008 -0.076375 0.0278146 0.008 -0.0751854 0.026625 0.008 -0.07475 0.025 0.008 -0.0751854 0.023375 0.008 -0.076375 0.0221854 0.008 -0.078 0.02175 0.008 -0.079625 0.0221854 0.008 -0.0808146 0.023375 0.008 -0.08125 0.025 0.008 -0.0808146 0.026625 0.008 -0.079625 0.0278146 0.008 -0.0566167 0.0319622 0.008 -0.0523961 0.0427116 0.008 -0.0528949 0.0422722 0.008 -0.0534783 0.0419534 0.008 -0.0541175 0.0417709 0.008 -0.0638645 0.0401276 0.008 -0.0642389 0.0400503 0.008 -0.0646066 0.0399456 0.008 -0.0649656 0.0398142 0.008 -0.0708181 0.0374246 0.008 -0.0719524 0.0368119 0.008 -0.0729296 0.0359711 0.008 -0.0737046 0.0349408 0.008 -0.0751648 0.0333816 0.008 -0.0771425 0.0325741 0.008 -0.0792767 0.0326657 0.008 -0.0805513 0.0328591 0.008 -0.0818378 0.0327757 0.008 -0.0830768 0.0324195 0.008 -0.088866 0.0300558 0.008 -0.0903054 0.0298488 0.008 -0.091673 0.030343 0.008 -0.0926476 0.0314224 0.008 -0.093 0.0328332 0.008 -0.093 0.0113032 0.008 -0.0927257 0.0125565 0.008 -0.0919529 0.0135806 0.008 -0.0908229 0.0141882 0.008 -0.0554579 0.0242761 0.008 -0.0541751 0.0244953 0.008 -0.0528751 0.0244327 0.008 -0.0516192 0.0240912 0.008 -0.0535073 0.0248326 0.008 -0.0557978 0.0265235 0.008 -0.0569359 0.0291331 0.008</float_array>
          <technique_common>
            <accessor count="47" source="#ID1994" stride="3">
              <param name="X" type="float" />
              <param name="Y" type="float" />
              <param name="Z" type="float" />
            </accessor>
          </technique_common>
        </source>
        <source id="ID1995">
          <float_array id="ID1996" count="141">0 0 1 0 0 1 0 0 1 0 0 1 0 0 1 0 0 1 0 0 1 0 0 1 0 0 1 0 0 1 0 0 1 0 0 1 0 0 1 0 0 1 0 0 1 0 0 1 0 0 1 0 0 1 0 0 1 0 0 1 0 0 1 0 0 1 0 0 1 0 0 1 0 0 1 0 0 1 0 0 1 0 0 1 0 0 1 0 0 1 0 0 1 0 0 1 0 0 1 0 0 1 0 0 1 0 0 1 0 0 1 0 0 1 0 0 1 0 0 1 0 0 1 0 0 1 0 0 1 0 0 1 0 0 1 0 0 1 0 0 1</float_array>
          <technique_common>
            <accessor count="47" source="#ID1996" stride="3">
              <param name="X" type="float" />
              <param name="Y" type="float" />
              <param name="Z" type="float" />
            </accessor>
          </technique_common>
        </source>
        <source id="ID1997">
          <float_array id="ID1998" count="94">0.4604373 0.6375129 0.4743004 0.5982434 0.5121751 0.5694962 0.563913 0.558974 0.6156509 0.5694962 0.6535257 0.5982434 0.6673889 0.6375129 0.6535257 0.6767823 0.6156509 0.7055296 0.563913 0.7160518 0.5121751 0.7055296 0.4743004 0.6767823 0.3422462 0.1207687 0 0.018774 0.0139901 0.0308289 0.0241391 0.0449263 0.0299485 0.060374 0.0822689 0.295917 0.0847323 0.3049645 0.0880649 0.3138503 0.0922487 0.3225262 0.1683284 0.4639561 0.1878366 0.4913667 0.2146091 0.5149817 0.2474101 0.5337105 0.2970546 0.5689971 0.3227641 0.6167902 0.3198456 0.6683659 0.3136888 0.6991677 0.3163433 0.7302567 0.3276865 0.7601978 0.4029436 0.9000985 0.4095343 0.9348824 0.3937985 0.9679325 0.3594337 0.9914828 0.3145144 1 1 1 0.9600976 0.9933707 0.9274925 0.9746955 0.9081478 0.9473894 0.58696 0.0927658 0.5799821 0.0617639 0.5819759 0.0303493 0.5928476 0 0.5692444 0.0456275 0.515407 0.1009782 0.4323198 0.1284817</float_array>
          <technique_common>
            <accessor count="47" source="#ID1998" stride="2">
              <param name="S" type="float" />
              <param name="T" type="float" />
            </accessor>
          </technique_common>
        </source>
        <vertices id="ID1999">
          <input semantic="POSITION" source="#ID1993" />
        </vertices>
        <triangles count="47" material="ID2000">
          <input semantic="VERTEX" source="#ID1999" offset="0" />
          <input semantic="NORMAL" source="#ID1995" offset="1" />
          <input semantic="TEXCOORD" source="#ID1997" offset="2" set="0" />
          <p>21 21 21 24 24 24 2 2 2 46 46 46 2 2 2 3 3 3 45 45 45 3 3 3 40 40 40 41 41 41 45 45 45 40 40 40 41 41 41 44 44 44 45 45 45 41 41 41 42 42 42 44 44 44 44 44 44 42 42 42 43 43 43 2 2 2 25 25 25 1 1 1 2 2 2 24 24 24 25 25 25 3 3 3 4 4 4 40 40 40 40 40 40 4 4 4 5 5 5 39 39 39 5 5 5 6 6 6 7 7 7 39 39 39 6 6 6 7 7 7 8 8 8 39 39 39 39 39 39 8 8 8 32 32 32 33 33 33 39 39 39 32 32 32 33 33 33 38 38 38 39 39 39 33 33 33 34 34 34 38 38 38 38 38 38 34 34 34 37 37 37 37 37 37 34 34 34 35 35 35 36 36 36 37 37 37 35 35 35 8 8 8 9 9 9 32 32 32 32 32 32 9 9 9 31 31 31 31 31 31 9 9 9 10 10 10 30 30 30 10 10 10 11 11 11 29 29 29 11 11 11 28 28 28 29 29 29 30 30 30 11 11 11 28 28 28 11 11 11 27 27 27 27 27 27 11 11 11 0 0 0 26 26 26 0 0 0 1 1 1 25 25 25 26 26 26 1 1 1 13 13 13 14 14 14 12 12 12 12 12 12 14 14 14 15 15 15 16 16 16 12 12 12 15 15 15 16 16 16 17 17 17 12 12 12 12 12 12 17 17 17 20 20 20 46 46 46 20 20 20 21 21 21 2 2 2 46 46 46 21 21 21 17 17 17 18 18 18 20 20 20 20 20 20 18 18 18 19 19 19 21 21 21 22 22 22 24 24 24 24 24 24 22 22 22 23 23 23 26 26 26 27 27 27 0 0 0 30 30 30 31 31 31 10 10 10 39 39 39 40 40 40 5 5 5 45 45 45 46 46 46 3 3 3 46 46 46 12 12 12 20 20 20</p>
        </triangles>
      </mesh>
    </geometry>
  </library_geometries>
  <library_visual_scenes>
    <visual_scene id="ID2001">
      <node id="ID2002" name="station sim1">
        <instance_geometry url="#ID3">
          <bind_material>
            <technique_common>
              <instance_material symbol="ID11" target="#ID2" />
            </technique_common>
          </bind_material>
        </instance_geometry>
        <instance_geometry url="#ID12">
          <bind_material>
            <technique_common>
              <instance_material symbol="ID20" target="#ID2" />
            </technique_common>
          </bind_material>
        </instance_geometry>
        <instance_geometry url="#ID21">
          <bind_material>
            <technique_common>
              <instance_material symbol="ID29" target="#ID2" />
            </technique_common>
          </bind_material>
        </instance_geometry>
        <instance_geometry url="#ID30">
          <bind_material>
            <technique_common>
              <instance_material symbol="ID38" target="#ID2" />
            </technique_common>
          </bind_material>
        </instance_geometry>
        <instance_geometry url="#ID39">
          <bind_material>
            <technique_common>
              <instance_material symbol="ID47" target="#ID2" />
            </technique_common>
          </bind_material>
        </instance_geometry>
        <instance_geometry url="#ID48">
          <bind_material>
            <technique_common>
              <instance_material symbol="ID56" target="#ID2" />
            </technique_common>
          </bind_material>
        </instance_geometry>
        <instance_geometry url="#ID57">
          <bind_material>
            <technique_common>
              <instance_material symbol="ID65" target="#ID2" />
            </technique_common>
          </bind_material>
        </instance_geometry>
        <instance_geometry url="#ID66">
          <bind_material>
            <technique_common>
              <instance_material symbol="ID74" target="#ID2" />
            </technique_common>
          </bind_material>
        </instance_geometry>
        <instance_geometry url="#ID75">
          <bind_material>
            <technique_common>
              <instance_material symbol="ID83" target="#ID2" />
            </technique_common>
          </bind_material>
        </instance_geometry>
        <instance_geometry url="#ID84">
          <bind_material>
            <technique_common>
              <instance_material symbol="ID92" target="#ID2" />
            </technique_common>
          </bind_material>
        </instance_geometry>
        <instance_geometry url="#ID93">
          <bind_material>
            <technique_common>
              <instance_material symbol="ID101" target="#ID2" />
            </technique_common>
          </bind_material>
        </instance_geometry>
        <instance_geometry url="#ID102">
          <bind_material>
            <technique_common>
              <instance_material symbol="ID110" target="#ID2" />
            </technique_common>
          </bind_material>
        </instance_geometry>
        <instance_geometry url="#ID111">
          <bind_material>
            <technique_common>
              <instance_material symbol="ID119" target="#ID2" />
            </technique_common>
          </bind_material>
        </instance_geometry>
        <instance_geometry url="#ID120">
          <bind_material>
            <technique_common>
              <instance_material symbol="ID128" target="#ID2" />
            </technique_common>
          </bind_material>
        </instance_geometry>
        <instance_geometry url="#ID129">
          <bind_material>
            <technique_common>
              <instance_material symbol="ID137" target="#ID2" />
            </technique_common>
          </bind_material>
        </instance_geometry>
        <instance_geometry url="#ID138">
          <bind_material>
            <technique_common>
              <instance_material symbol="ID146" target="#ID2" />
            </technique_common>
          </bind_material>
        </instance_geometry>
        <instance_geometry url="#ID147">
          <bind_material>
            <technique_common>
              <instance_material symbol="ID155" target="#ID2" />
            </technique_common>
          </bind_material>
        </instance_geometry>
        <instance_geometry url="#ID156">
          <bind_material>
            <technique_common>
              <instance_material symbol="ID164" target="#ID2" />
            </technique_common>
          </bind_material>
        </instance_geometry>
        <instance_geometry url="#ID165">
          <bind_material>
            <technique_common>
              <instance_material symbol="ID173" target="#ID2" />
            </technique_common>
          </bind_material>
        </instance_geometry>
        <instance_geometry url="#ID174">
          <bind_material>
            <technique_common>
              <instance_material symbol="ID182" target="#ID2" />
            </technique_common>
          </bind_material>
        </instance_geometry>
        <instance_geometry url="#ID183">
          <bind_material>
            <technique_common>
              <instance_material symbol="ID191" target="#ID2" />
            </technique_common>
          </bind_material>
        </instance_geometry>
        <instance_geometry url="#ID192">
          <bind_material>
            <technique_common>
              <instance_material symbol="ID200" target="#ID2" />
            </technique_common>
          </bind_material>
        </instance_geometry>
        <instance_geometry url="#ID201">
          <bind_material>
            <technique_common>
              <instance_material symbol="ID209" target="#ID2" />
            </technique_common>
          </bind_material>
        </instance_geometry>
        <instance_geometry url="#ID210">
          <bind_material>
            <technique_common>
              <instance_material symbol="ID218" target="#ID2" />
            </technique_common>
          </bind_material>
        </instance_geometry>
        <instance_geometry url="#ID219">
          <bind_material>
            <technique_common>
              <instance_material symbol="ID227" target="#ID2" />
            </technique_common>
          </bind_material>
        </instance_geometry>
        <instance_geometry url="#ID228">
          <bind_material>
            <technique_common>
              <instance_material symbol="ID236" target="#ID2" />
            </technique_common>
          </bind_material>
        </instance_geometry>
        <instance_geometry url="#ID237">
          <bind_material>
            <technique_common>
              <instance_material symbol="ID245" target="#ID2" />
            </technique_common>
          </bind_material>
        </instance_geometry>
        <instance_geometry url="#ID246">
          <bind_material>
            <technique_common>
              <instance_material symbol="ID254" target="#ID2" />
            </technique_common>
          </bind_material>
        </instance_geometry>
        <instance_geometry url="#ID255">
          <bind_material>
            <technique_common>
              <instance_material symbol="ID263" target="#ID2" />
            </technique_common>
          </bind_material>
        </instance_geometry>
        <instance_geometry url="#ID264">
          <bind_material>
            <technique_common>
              <instance_material symbol="ID272" target="#ID2" />
            </technique_common>
          </bind_material>
        </instance_geometry>
        <instance_geometry url="#ID273">
          <bind_material>
            <technique_common>
              <instance_material symbol="ID281" target="#ID2" />
            </technique_common>
          </bind_material>
        </instance_geometry>
        <instance_geometry url="#ID282">
          <bind_material>
            <technique_common>
              <instance_material symbol="ID290" target="#ID2" />
            </technique_common>
          </bind_material>
        </instance_geometry>
        <instance_geometry url="#ID291">
          <bind_material>
            <technique_common>
              <instance_material symbol="ID299" target="#ID2" />
            </technique_common>
          </bind_material>
        </instance_geometry>
        <instance_geometry url="#ID300">
          <bind_material>
            <technique_common>
              <instance_material symbol="ID308" target="#ID2" />
            </technique_common>
          </bind_material>
        </instance_geometry>
        <instance_geometry url="#ID309">
          <bind_material>
            <technique_common>
              <instance_material symbol="ID317" target="#ID2" />
            </technique_common>
          </bind_material>
        </instance_geometry>
        <instance_geometry url="#ID318">
          <bind_material>
            <technique_common>
              <instance_material symbol="ID326" target="#ID2" />
            </technique_common>
          </bind_material>
        </instance_geometry>
        <instance_geometry url="#ID327">
          <bind_material>
            <technique_common>
              <instance_material symbol="ID335" target="#ID2" />
            </technique_common>
          </bind_material>
        </instance_geometry>
        <instance_geometry url="#ID336">
          <bind_material>
            <technique_common>
              <instance_material symbol="ID344" target="#ID2" />
            </technique_common>
          </bind_material>
        </instance_geometry>
        <instance_geometry url="#ID345">
          <bind_material>
            <technique_common>
              <instance_material symbol="ID353" target="#ID2" />
            </technique_common>
          </bind_material>
        </instance_geometry>
        <instance_geometry url="#ID354">
          <bind_material>
            <technique_common>
              <instance_material symbol="ID362" target="#ID2" />
            </technique_common>
          </bind_material>
        </instance_geometry>
        <instance_geometry url="#ID363">
          <bind_material>
            <technique_common>
              <instance_material symbol="ID371" target="#ID2" />
            </technique_common>
          </bind_material>
        </instance_geometry>
        <instance_geometry url="#ID372">
          <bind_material>
            <technique_common>
              <instance_material symbol="ID380" target="#ID2" />
            </technique_common>
          </bind_material>
        </instance_geometry>
        <instance_geometry url="#ID381">
          <bind_material>
            <technique_common>
              <instance_material symbol="ID389" target="#ID2" />
            </technique_common>
          </bind_material>
        </instance_geometry>
        <instance_geometry url="#ID390">
          <bind_material>
            <technique_common>
              <instance_material symbol="ID398" target="#ID2" />
            </technique_common>
          </bind_material>
        </instance_geometry>
        <instance_geometry url="#ID399">
          <bind_material>
            <technique_common>
              <instance_material symbol="ID407" target="#ID2" />
            </technique_common>
          </bind_material>
        </instance_geometry>
        <instance_geometry url="#ID408">
          <bind_material>
            <technique_common>
              <instance_material symbol="ID416" target="#ID2" />
            </technique_common>
          </bind_material>
        </instance_geometry>
        <instance_geometry url="#ID417">
          <bind_material>
            <technique_common>
              <instance_material symbol="ID425" target="#ID2" />
            </technique_common>
          </bind_material>
        </instance_geometry>
        <instance_geometry url="#ID426">
          <bind_material>
            <technique_common>
              <instance_material symbol="ID434" target="#ID2" />
            </technique_common>
          </bind_material>
        </instance_geometry>
        <instance_geometry url="#ID435">
          <bind_material>
            <technique_common>
              <instance_material symbol="ID443" target="#ID2" />
            </technique_common>
          </bind_material>
        </instance_geometry>
        <instance_geometry url="#ID444">
          <bind_material>
            <technique_common>
              <instance_material symbol="ID452" target="#ID2" />
            </technique_common>
          </bind_material>
        </instance_geometry>
        <instance_geometry url="#ID453">
          <bind_material>
            <technique_common>
              <instance_material symbol="ID461" target="#ID2" />
            </technique_common>
          </bind_material>
        </instance_geometry>
        <instance_geometry url="#ID462">
          <bind_material>
            <technique_common>
              <instance_material symbol="ID470" target="#ID2" />
            </technique_common>
          </bind_material>
        </instance_geometry>
        <instance_geometry url="#ID471">
          <bind_material>
            <technique_common>
              <instance_material symbol="ID479" target="#ID2" />
            </technique_common>
          </bind_material>
        </instance_geometry>
        <instance_geometry url="#ID480">
          <bind_material>
            <technique_common>
              <instance_material symbol="ID488" target="#ID2" />
            </technique_common>
          </bind_material>
        </instance_geometry>
        <instance_geometry url="#ID489">
          <bind_material>
            <technique_common>
              <instance_material symbol="ID497" target="#ID2" />
            </technique_common>
          </bind_material>
        </instance_geometry>
        <instance_geometry url="#ID498">
          <bind_material>
            <technique_common>
              <instance_material symbol="ID506" target="#ID2" />
            </technique_common>
          </bind_material>
        </instance_geometry>
        <instance_geometry url="#ID507">
          <bind_material>
            <technique_common>
              <instance_material symbol="ID515" target="#ID2" />
            </technique_common>
          </bind_material>
        </instance_geometry>
        <instance_geometry url="#ID516">
          <bind_material>
            <technique_common>
              <instance_material symbol="ID524" target="#ID2" />
            </technique_common>
          </bind_material>
        </instance_geometry>
        <instance_geometry url="#ID525">
          <bind_material>
            <technique_common>
              <instance_material symbol="ID533" target="#ID2" />
            </technique_common>
          </bind_material>
        </instance_geometry>
        <instance_geometry url="#ID534">
          <bind_material>
            <technique_common>
              <instance_material symbol="ID542" target="#ID2" />
            </technique_common>
          </bind_material>
        </instance_geometry>
        <instance_geometry url="#ID543">
          <bind_material>
            <technique_common>
              <instance_material symbol="ID551" target="#ID2" />
            </technique_common>
          </bind_material>
        </instance_geometry>
        <instance_geometry url="#ID552">
          <bind_material>
            <technique_common>
              <instance_material symbol="ID560" target="#ID2" />
            </technique_common>
          </bind_material>
        </instance_geometry>
        <instance_geometry url="#ID561">
          <bind_material>
            <technique_common>
              <instance_material symbol="ID569" target="#ID2" />
            </technique_common>
          </bind_material>
        </instance_geometry>
        <instance_geometry url="#ID570">
          <bind_material>
            <technique_common>
              <instance_material symbol="ID578" target="#ID2" />
            </technique_common>
          </bind_material>
        </instance_geometry>
        <instance_geometry url="#ID579">
          <bind_material>
            <technique_common>
              <instance_material symbol="ID587" target="#ID2" />
            </technique_common>
          </bind_material>
        </instance_geometry>
        <instance_geometry url="#ID588">
          <bind_material>
            <technique_common>
              <instance_material symbol="ID596" target="#ID2" />
            </technique_common>
          </bind_material>
        </instance_geometry>
        <instance_geometry url="#ID597">
          <bind_material>
            <technique_common>
              <instance_material symbol="ID605" target="#ID2" />
            </technique_common>
          </bind_material>
        </instance_geometry>
        <instance_geometry url="#ID606">
          <bind_material>
            <technique_common>
              <instance_material symbol="ID614" target="#ID2" />
            </technique_common>
          </bind_material>
        </instance_geometry>
        <instance_geometry url="#ID615">
          <bind_material>
            <technique_common>
              <instance_material symbol="ID623" target="#ID2" />
            </technique_common>
          </bind_material>
        </instance_geometry>
        <instance_geometry url="#ID624">
          <bind_material>
            <technique_common>
              <instance_material symbol="ID632" target="#ID2" />
            </technique_common>
          </bind_material>
        </instance_geometry>
        <instance_geometry url="#ID633">
          <bind_material>
            <technique_common>
              <instance_material symbol="ID641" target="#ID2" />
            </technique_common>
          </bind_material>
        </instance_geometry>
        <instance_geometry url="#ID642">
          <bind_material>
            <technique_common>
              <instance_material symbol="ID650" target="#ID2" />
            </technique_common>
          </bind_material>
        </instance_geometry>
        <instance_geometry url="#ID651">
          <bind_material>
            <technique_common>
              <instance_material symbol="ID659" target="#ID2" />
            </technique_common>
          </bind_material>
        </instance_geometry>
        <instance_geometry url="#ID660">
          <bind_material>
            <technique_common>
              <instance_material symbol="ID668" target="#ID2" />
            </technique_common>
          </bind_material>
        </instance_geometry>
        <instance_geometry url="#ID669">
          <bind_material>
            <technique_common>
              <instance_material symbol="ID677" target="#ID2" />
            </technique_common>
          </bind_material>
        </instance_geometry>
        <instance_geometry url="#ID678">
          <bind_material>
            <technique_common>
              <instance_material symbol="ID686" target="#ID2" />
            </technique_common>
          </bind_material>
        </instance_geometry>
        <instance_geometry url="#ID687">
          <bind_material>
            <technique_common>
              <instance_material symbol="ID695" target="#ID2" />
            </technique_common>
          </bind_material>
        </instance_geometry>
        <instance_geometry url="#ID696">
          <bind_material>
            <technique_common>
              <instance_material symbol="ID704" target="#ID2" />
            </technique_common>
          </bind_material>
        </instance_geometry>
        <instance_geometry url="#ID705">
          <bind_material>
            <technique_common>
              <instance_material symbol="ID713" target="#ID2" />
            </technique_common>
          </bind_material>
        </instance_geometry>
        <instance_geometry url="#ID714">
          <bind_material>
            <technique_common>
              <instance_material symbol="ID722" target="#ID2" />
            </technique_common>
          </bind_material>
        </instance_geometry>
        <instance_geometry url="#ID723">
          <bind_material>
            <technique_common>
              <instance_material symbol="ID731" target="#ID2" />
            </technique_common>
          </bind_material>
        </instance_geometry>
        <instance_geometry url="#ID732">
          <bind_material>
            <technique_common>
              <instance_material symbol="ID740" target="#ID2" />
            </technique_common>
          </bind_material>
        </instance_geometry>
        <instance_geometry url="#ID741">
          <bind_material>
            <technique_common>
              <instance_material symbol="ID749" target="#ID2" />
            </technique_common>
          </bind_material>
        </instance_geometry>
        <instance_geometry url="#ID750">
          <bind_material>
            <technique_common>
              <instance_material symbol="ID758" target="#ID2" />
            </technique_common>
          </bind_material>
        </instance_geometry>
        <instance_geometry url="#ID759">
          <bind_material>
            <technique_common>
              <instance_material symbol="ID767" target="#ID2" />
            </technique_common>
          </bind_material>
        </instance_geometry>
        <instance_geometry url="#ID768">
          <bind_material>
            <technique_common>
              <instance_material symbol="ID776" target="#ID2" />
            </technique_common>
          </bind_material>
        </instance_geometry>
        <instance_geometry url="#ID777">
          <bind_material>
            <technique_common>
              <instance_material symbol="ID785" target="#ID2" />
            </technique_common>
          </bind_material>
        </instance_geometry>
        <instance_geometry url="#ID786">
          <bind_material>
            <technique_common>
              <instance_material symbol="ID794" target="#ID2" />
            </technique_common>
          </bind_material>
        </instance_geometry>
        <instance_geometry url="#ID795">
          <bind_material>
            <technique_common>
              <instance_material symbol="ID803" target="#ID2" />
            </technique_common>
          </bind_material>
        </instance_geometry>
        <instance_geometry url="#ID804">
          <bind_material>
            <technique_common>
              <instance_material symbol="ID812" target="#ID2" />
            </technique_common>
          </bind_material>
        </instance_geometry>
        <instance_geometry url="#ID813">
          <bind_material>
            <technique_common>
              <instance_material symbol="ID821" target="#ID2" />
            </technique_common>
          </bind_material>
        </instance_geometry>
        <instance_geometry url="#ID822">
          <bind_material>
            <technique_common>
              <instance_material symbol="ID830" target="#ID2" />
            </technique_common>
          </bind_material>
        </instance_geometry>
        <instance_geometry url="#ID831">
          <bind_material>
            <technique_common>
              <instance_material symbol="ID839" target="#ID2" />
            </technique_common>
          </bind_material>
        </instance_geometry>
        <instance_geometry url="#ID840">
          <bind_material>
            <technique_common>
              <instance_material symbol="ID848" target="#ID2" />
            </technique_common>
          </bind_material>
        </instance_geometry>
        <instance_geometry url="#ID849">
          <bind_material>
            <technique_common>
              <instance_material symbol="ID857" target="#ID2" />
            </technique_common>
          </bind_material>
        </instance_geometry>
        <instance_geometry url="#ID858">
          <bind_material>
            <technique_common>
              <instance_material symbol="ID866" target="#ID2" />
            </technique_common>
          </bind_material>
        </instance_geometry>
        <instance_geometry url="#ID867">
          <bind_material>
            <technique_common>
              <instance_material symbol="ID875" target="#ID2" />
            </technique_common>
          </bind_material>
        </instance_geometry>
        <instance_geometry url="#ID876">
          <bind_material>
            <technique_common>
              <instance_material symbol="ID884" target="#ID2" />
            </technique_common>
          </bind_material>
        </instance_geometry>
        <instance_geometry url="#ID885">
          <bind_material>
            <technique_common>
              <instance_material symbol="ID893" target="#ID2" />
            </technique_common>
          </bind_material>
        </instance_geometry>
        <instance_geometry url="#ID894">
          <bind_material>
            <technique_common>
              <instance_material symbol="ID902" target="#ID2" />
            </technique_common>
          </bind_material>
        </instance_geometry>
        <instance_geometry url="#ID903">
          <bind_material>
            <technique_common>
              <instance_material symbol="ID911" target="#ID2" />
            </technique_common>
          </bind_material>
        </instance_geometry>
        <instance_geometry url="#ID912">
          <bind_material>
            <technique_common>
              <instance_material symbol="ID920" target="#ID2" />
            </technique_common>
          </bind_material>
        </instance_geometry>
        <instance_geometry url="#ID921">
          <bind_material>
            <technique_common>
              <instance_material symbol="ID929" target="#ID2" />
            </technique_common>
          </bind_material>
        </instance_geometry>
        <instance_geometry url="#ID930">
          <bind_material>
            <technique_common>
              <instance_material symbol="ID938" target="#ID2" />
            </technique_common>
          </bind_material>
        </instance_geometry>
        <instance_geometry url="#ID939">
          <bind_material>
            <technique_common>
              <instance_material symbol="ID947" target="#ID2" />
            </technique_common>
          </bind_material>
        </instance_geometry>
        <instance_geometry url="#ID948">
          <bind_material>
            <technique_common>
              <instance_material symbol="ID956" target="#ID2" />
            </technique_common>
          </bind_material>
        </instance_geometry>
        <instance_geometry url="#ID957">
          <bind_material>
            <technique_common>
              <instance_material symbol="ID965" target="#ID2" />
            </technique_common>
          </bind_material>
        </instance_geometry>
        <instance_geometry url="#ID966">
          <bind_material>
            <technique_common>
              <instance_material symbol="ID974" target="#ID2" />
            </technique_common>
          </bind_material>
        </instance_geometry>
        <instance_geometry url="#ID975">
          <bind_material>
            <technique_common>
              <instance_material symbol="ID983" target="#ID2" />
            </technique_common>
          </bind_material>
        </instance_geometry>
        <instance_geometry url="#ID984">
          <bind_material>
            <technique_common>
              <instance_material symbol="ID992" target="#ID2" />
            </technique_common>
          </bind_material>
        </instance_geometry>
        <instance_geometry url="#ID993">
          <bind_material>
            <technique_common>
              <instance_material symbol="ID1001" target="#ID2" />
            </technique_common>
          </bind_material>
        </instance_geometry>
        <instance_geometry url="#ID1002">
          <bind_material>
            <technique_common>
              <instance_material symbol="ID1010" target="#ID2" />
            </technique_common>
          </bind_material>
        </instance_geometry>
        <instance_geometry url="#ID1011">
          <bind_material>
            <technique_common>
              <instance_material symbol="ID1019" target="#ID2" />
            </technique_common>
          </bind_material>
        </instance_geometry>
        <instance_geometry url="#ID1020">
          <bind_material>
            <technique_common>
              <instance_material symbol="ID1028" target="#ID2" />
            </technique_common>
          </bind_material>
        </instance_geometry>
        <instance_geometry url="#ID1029">
          <bind_material>
            <technique_common>
              <instance_material symbol="ID1037" target="#ID2" />
            </technique_common>
          </bind_material>
        </instance_geometry>
        <instance_geometry url="#ID1038">
          <bind_material>
            <technique_common>
              <instance_material symbol="ID1046" target="#ID2" />
            </technique_common>
          </bind_material>
        </instance_geometry>
        <instance_geometry url="#ID1047">
          <bind_material>
            <technique_common>
              <instance_material symbol="ID1055" target="#ID2" />
            </technique_common>
          </bind_material>
        </instance_geometry>
        <instance_geometry url="#ID1056">
          <bind_material>
            <technique_common>
              <instance_material symbol="ID1064" target="#ID2" />
            </technique_common>
          </bind_material>
        </instance_geometry>
        <instance_geometry url="#ID1065">
          <bind_material>
            <technique_common>
              <instance_material symbol="ID1073" target="#ID2" />
            </technique_common>
          </bind_material>
        </instance_geometry>
        <instance_geometry url="#ID1074">
          <bind_material>
            <technique_common>
              <instance_material symbol="ID1082" target="#ID2" />
            </technique_common>
          </bind_material>
        </instance_geometry>
        <instance_geometry url="#ID1083">
          <bind_material>
            <technique_common>
              <instance_material symbol="ID1091" target="#ID2" />
            </technique_common>
          </bind_material>
        </instance_geometry>
        <instance_geometry url="#ID1092">
          <bind_material>
            <technique_common>
              <instance_material symbol="ID1100" target="#ID2" />
            </technique_common>
          </bind_material>
        </instance_geometry>
        <instance_geometry url="#ID1101">
          <bind_material>
            <technique_common>
              <instance_material symbol="ID1109" target="#ID2" />
            </technique_common>
          </bind_material>
        </instance_geometry>
        <instance_geometry url="#ID1110">
          <bind_material>
            <technique_common>
              <instance_material symbol="ID1118" target="#ID2" />
            </technique_common>
          </bind_material>
        </instance_geometry>
        <instance_geometry url="#ID1119">
          <bind_material>
            <technique_common>
              <instance_material symbol="ID1127" target="#ID2" />
            </technique_common>
          </bind_material>
        </instance_geometry>
        <instance_geometry url="#ID1128">
          <bind_material>
            <technique_common>
              <instance_material symbol="ID1136" target="#ID2" />
            </technique_common>
          </bind_material>
        </instance_geometry>
        <instance_geometry url="#ID1137">
          <bind_material>
            <technique_common>
              <instance_material symbol="ID1145" target="#ID2" />
            </technique_common>
          </bind_material>
        </instance_geometry>
        <instance_geometry url="#ID1146">
          <bind_material>
            <technique_common>
              <instance_material symbol="ID1154" target="#ID2" />
            </technique_common>
          </bind_material>
        </instance_geometry>
        <instance_geometry url="#ID1155">
          <bind_material>
            <technique_common>
              <instance_material symbol="ID1163" target="#ID2" />
            </technique_common>
          </bind_material>
        </instance_geometry>
        <instance_geometry url="#ID1164">
          <bind_material>
            <technique_common>
              <instance_material symbol="ID1172" target="#ID2" />
            </technique_common>
          </bind_material>
        </instance_geometry>
        <instance_geometry url="#ID1173">
          <bind_material>
            <technique_common>
              <instance_material symbol="ID1181" target="#ID2" />
            </technique_common>
          </bind_material>
        </instance_geometry>
        <instance_geometry url="#ID1182">
          <bind_material>
            <technique_common>
              <instance_material symbol="ID1190" target="#ID2" />
            </technique_common>
          </bind_material>
        </instance_geometry>
        <instance_geometry url="#ID1191">
          <bind_material>
            <technique_common>
              <instance_material symbol="ID1199" target="#ID2" />
            </technique_common>
          </bind_material>
        </instance_geometry>
        <instance_geometry url="#ID1200">
          <bind_material>
            <technique_common>
              <instance_material symbol="ID1208" target="#ID2" />
            </technique_common>
          </bind_material>
        </instance_geometry>
        <instance_geometry url="#ID1209">
          <bind_material>
            <technique_common>
              <instance_material symbol="ID1217" target="#ID2" />
            </technique_common>
          </bind_material>
        </instance_geometry>
        <instance_geometry url="#ID1218">
          <bind_material>
            <technique_common>
              <instance_material symbol="ID1226" target="#ID2" />
            </technique_common>
          </bind_material>
        </instance_geometry>
        <instance_geometry url="#ID1227">
          <bind_material>
            <technique_common>
              <instance_material symbol="ID1235" target="#ID2" />
            </technique_common>
          </bind_material>
        </instance_geometry>
        <instance_geometry url="#ID1236">
          <bind_material>
            <technique_common>
              <instance_material symbol="ID1244" target="#ID2" />
            </technique_common>
          </bind_material>
        </instance_geometry>
        <instance_geometry url="#ID1245">
          <bind_material>
            <technique_common>
              <instance_material symbol="ID1253" target="#ID2" />
            </technique_common>
          </bind_material>
        </instance_geometry>
        <instance_geometry url="#ID1254">
          <bind_material>
            <technique_common>
              <instance_material symbol="ID1262" target="#ID2" />
            </technique_common>
          </bind_material>
        </instance_geometry>
        <instance_geometry url="#ID1263">
          <bind_material>
            <technique_common>
              <instance_material symbol="ID1271" target="#ID2" />
            </technique_common>
          </bind_material>
        </instance_geometry>
        <instance_geometry url="#ID1272">
          <bind_material>
            <technique_common>
              <instance_material symbol="ID1280" target="#ID2" />
            </technique_common>
          </bind_material>
        </instance_geometry>
        <instance_geometry url="#ID1281">
          <bind_material>
            <technique_common>
              <instance_material symbol="ID1289" target="#ID2" />
            </technique_common>
          </bind_material>
        </instance_geometry>
        <instance_geometry url="#ID1290">
          <bind_material>
            <technique_common>
              <instance_material symbol="ID1298" target="#ID2" />
            </technique_common>
          </bind_material>
        </instance_geometry>
        <instance_geometry url="#ID1299">
          <bind_material>
            <technique_common>
              <instance_material symbol="ID1307" target="#ID2" />
            </technique_common>
          </bind_material>
        </instance_geometry>
        <instance_geometry url="#ID1308">
          <bind_material>
            <technique_common>
              <instance_material symbol="ID1316" target="#ID2" />
            </technique_common>
          </bind_material>
        </instance_geometry>
        <instance_geometry url="#ID1317">
          <bind_material>
            <technique_common>
              <instance_material symbol="ID1325" target="#ID2" />
            </technique_common>
          </bind_material>
        </instance_geometry>
        <instance_geometry url="#ID1326">
          <bind_material>
            <technique_common>
              <instance_material symbol="ID1334" target="#ID2" />
            </technique_common>
          </bind_material>
        </instance_geometry>
        <instance_geometry url="#ID1335">
          <bind_material>
            <technique_common>
              <instance_material symbol="ID1343" target="#ID2" />
            </technique_common>
          </bind_material>
        </instance_geometry>
        <instance_geometry url="#ID1344">
          <bind_material>
            <technique_common>
              <instance_material symbol="ID1352" target="#ID2" />
            </technique_common>
          </bind_material>
        </instance_geometry>
        <instance_geometry url="#ID1353">
          <bind_material>
            <technique_common>
              <instance_material symbol="ID1361" target="#ID2" />
            </technique_common>
          </bind_material>
        </instance_geometry>
        <instance_geometry url="#ID1362">
          <bind_material>
            <technique_common>
              <instance_material symbol="ID1370" target="#ID2" />
            </technique_common>
          </bind_material>
        </instance_geometry>
        <instance_geometry url="#ID1371">
          <bind_material>
            <technique_common>
              <instance_material symbol="ID1379" target="#ID2" />
            </technique_common>
          </bind_material>
        </instance_geometry>
        <instance_geometry url="#ID1380">
          <bind_material>
            <technique_common>
              <instance_material symbol="ID1388" target="#ID2" />
            </technique_common>
          </bind_material>
        </instance_geometry>
        <instance_geometry url="#ID1389">
          <bind_material>
            <technique_common>
              <instance_material symbol="ID1397" target="#ID2" />
            </technique_common>
          </bind_material>
        </instance_geometry>
        <instance_geometry url="#ID1398">
          <bind_material>
            <technique_common>
              <instance_material symbol="ID1406" target="#ID2" />
            </technique_common>
          </bind_material>
        </instance_geometry>
        <instance_geometry url="#ID1407">
          <bind_material>
            <technique_common>
              <instance_material symbol="ID1415" target="#ID2" />
            </technique_common>
          </bind_material>
        </instance_geometry>
        <instance_geometry url="#ID1416">
          <bind_material>
            <technique_common>
              <instance_material symbol="ID1424" target="#ID2" />
            </technique_common>
          </bind_material>
        </instance_geometry>
        <instance_geometry url="#ID1425">
          <bind_material>
            <technique_common>
              <instance_material symbol="ID1433" target="#ID2" />
            </technique_common>
          </bind_material>
        </instance_geometry>
        <instance_geometry url="#ID1434">
          <bind_material>
            <technique_common>
              <instance_material symbol="ID1442" target="#ID2" />
            </technique_common>
          </bind_material>
        </instance_geometry>
        <instance_geometry url="#ID1443">
          <bind_material>
            <technique_common>
              <instance_material symbol="ID1451" target="#ID2" />
            </technique_common>
          </bind_material>
        </instance_geometry>
        <instance_geometry url="#ID1452">
          <bind_material>
            <technique_common>
              <instance_material symbol="ID1460" target="#ID2" />
            </technique_common>
          </bind_material>
        </instance_geometry>
        <instance_geometry url="#ID1461">
          <bind_material>
            <technique_common>
              <instance_material symbol="ID1469" target="#ID2" />
            </technique_common>
          </bind_material>
        </instance_geometry>
        <instance_geometry url="#ID1470">
          <bind_material>
            <technique_common>
              <instance_material symbol="ID1478" target="#ID2" />
            </technique_common>
          </bind_material>
        </instance_geometry>
        <instance_geometry url="#ID1479">
          <bind_material>
            <technique_common>
              <instance_material symbol="ID1487" target="#ID2" />
            </technique_common>
          </bind_material>
        </instance_geometry>
        <instance_geometry url="#ID1488">
          <bind_material>
            <technique_common>
              <instance_material symbol="ID1496" target="#ID2" />
            </technique_common>
          </bind_material>
        </instance_geometry>
        <instance_geometry url="#ID1497">
          <bind_material>
            <technique_common>
              <instance_material symbol="ID1505" target="#ID2" />
            </technique_common>
          </bind_material>
        </instance_geometry>
        <instance_geometry url="#ID1506">
          <bind_material>
            <technique_common>
              <instance_material symbol="ID1514" target="#ID2" />
            </technique_common>
          </bind_material>
        </instance_geometry>
        <instance_geometry url="#ID1515">
          <bind_material>
            <technique_common>
              <instance_material symbol="ID1523" target="#ID2" />
            </technique_common>
          </bind_material>
        </instance_geometry>
        <instance_geometry url="#ID1524">
          <bind_material>
            <technique_common>
              <instance_material symbol="ID1532" target="#ID2" />
            </technique_common>
          </bind_material>
        </instance_geometry>
        <instance_geometry url="#ID1533">
          <bind_material>
            <technique_common>
              <instance_material symbol="ID1541" target="#ID2" />
            </technique_common>
          </bind_material>
        </instance_geometry>
        <instance_geometry url="#ID1542">
          <bind_material>
            <technique_common>
              <instance_material symbol="ID1550" target="#ID2" />
            </technique_common>
          </bind_material>
        </instance_geometry>
        <instance_geometry url="#ID1551">
          <bind_material>
            <technique_common>
              <instance_material symbol="ID1559" target="#ID2" />
            </technique_common>
          </bind_material>
        </instance_geometry>
        <instance_geometry url="#ID1560">
          <bind_material>
            <technique_common>
              <instance_material symbol="ID1568" target="#ID2" />
            </technique_common>
          </bind_material>
        </instance_geometry>
        <instance_geometry url="#ID1569">
          <bind_material>
            <technique_common>
              <instance_material symbol="ID1577" target="#ID2" />
            </technique_common>
          </bind_material>
        </instance_geometry>
        <instance_geometry url="#ID1578">
          <bind_material>
            <technique_common>
              <instance_material symbol="ID1586" target="#ID2" />
            </technique_common>
          </bind_material>
        </instance_geometry>
        <instance_geometry url="#ID1587">
          <bind_material>
            <technique_common>
              <instance_material symbol="ID1595" target="#ID2" />
            </technique_common>
          </bind_material>
        </instance_geometry>
        <instance_geometry url="#ID1596">
          <bind_material>
            <technique_common>
              <instance_material symbol="ID1604" target="#ID2" />
            </technique_common>
          </bind_material>
        </instance_geometry>
        <instance_geometry url="#ID1605">
          <bind_material>
            <technique_common>
              <instance_material symbol="ID1613" target="#ID2" />
            </technique_common>
          </bind_material>
        </instance_geometry>
        <instance_geometry url="#ID1614">
          <bind_material>
            <technique_common>
              <instance_material symbol="ID1622" target="#ID2" />
            </technique_common>
          </bind_material>
        </instance_geometry>
        <instance_geometry url="#ID1623">
          <bind_material>
            <technique_common>
              <instance_material symbol="ID1631" target="#ID2" />
            </technique_common>
          </bind_material>
        </instance_geometry>
        <instance_geometry url="#ID1632">
          <bind_material>
            <technique_common>
              <instance_material symbol="ID1640" target="#ID2" />
            </technique_common>
          </bind_material>
        </instance_geometry>
        <instance_geometry url="#ID1641">
          <bind_material>
            <technique_common>
              <instance_material symbol="ID1649" target="#ID2" />
            </technique_common>
          </bind_material>
        </instance_geometry>
        <instance_geometry url="#ID1650">
          <bind_material>
            <technique_common>
              <instance_material symbol="ID1658" target="#ID2" />
            </technique_common>
          </bind_material>
        </instance_geometry>
        <instance_geometry url="#ID1659">
          <bind_material>
            <technique_common>
              <instance_material symbol="ID1667" target="#ID2" />
            </technique_common>
          </bind_material>
        </instance_geometry>
        <instance_geometry url="#ID1668">
          <bind_material>
            <technique_common>
              <instance_material symbol="ID1676" target="#ID2" />
            </technique_common>
          </bind_material>
        </instance_geometry>
        <instance_geometry url="#ID1677">
          <bind_material>
            <technique_common>
              <instance_material symbol="ID1685" target="#ID2" />
            </technique_common>
          </bind_material>
        </instance_geometry>
        <instance_geometry url="#ID1686">
          <bind_material>
            <technique_common>
              <instance_material symbol="ID1694" target="#ID2" />
            </technique_common>
          </bind_material>
        </instance_geometry>
        <instance_geometry url="#ID1695">
          <bind_material>
            <technique_common>
              <instance_material symbol="ID1703" target="#ID2" />
            </technique_common>
          </bind_material>
        </instance_geometry>
        <instance_geometry url="#ID1704">
          <bind_material>
            <technique_common>
              <instance_material symbol="ID1712" target="#ID2" />
            </technique_common>
          </bind_material>
        </instance_geometry>
        <instance_geometry url="#ID1713">
          <bind_material>
            <technique_common>
              <instance_material symbol="ID1721" target="#ID2" />
            </technique_common>
          </bind_material>
        </instance_geometry>
        <instance_geometry url="#ID1722">
          <bind_material>
            <technique_common>
              <instance_material symbol="ID1730" target="#ID2" />
            </technique_common>
          </bind_material>
        </instance_geometry>
        <instance_geometry url="#ID1731">
          <bind_material>
            <technique_common>
              <instance_material symbol="ID1739" target="#ID2" />
            </technique_common>
          </bind_material>
        </instance_geometry>
        <instance_geometry url="#ID1740">
          <bind_material>
            <technique_common>
              <instance_material symbol="ID1748" target="#ID2" />
            </technique_common>
          </bind_material>
        </instance_geometry>
        <instance_geometry url="#ID1749">
          <bind_material>
            <technique_common>
              <instance_material symbol="ID1757" target="#ID2" />
            </technique_common>
          </bind_material>
        </instance_geometry>
        <instance_geometry url="#ID1758">
          <bind_material>
            <technique_common>
              <instance_material symbol="ID1766" target="#ID2" />
            </technique_common>
          </bind_material>
        </instance_geometry>
        <instance_geometry url="#ID1767">
          <bind_material>
            <technique_common>
              <instance_material symbol="ID1775" target="#ID2" />
            </technique_common>
          </bind_material>
        </instance_geometry>
        <instance_geometry url="#ID1776">
          <bind_material>
            <technique_common>
              <instance_material symbol="ID1784" target="#ID2" />
            </technique_common>
          </bind_material>
        </instance_geometry>
        <instance_geometry url="#ID1785">
          <bind_material>
            <technique_common>
              <instance_material symbol="ID1793" target="#ID2" />
            </technique_common>
          </bind_material>
        </instance_geometry>
        <instance_geometry url="#ID1794">
          <bind_material>
            <technique_common>
              <instance_material symbol="ID1802" target="#ID2" />
            </technique_common>
          </bind_material>
        </instance_geometry>
        <instance_geometry url="#ID1803">
          <bind_material>
            <technique_common>
              <instance_material symbol="ID1811" target="#ID2" />
            </technique_common>
          </bind_material>
        </instance_geometry>
        <instance_geometry url="#ID1812">
          <bind_material>
            <technique_common>
              <instance_material symbol="ID1820" target="#ID2" />
            </technique_common>
          </bind_material>
        </instance_geometry>
        <instance_geometry url="#ID1821">
          <bind_material>
            <technique_common>
              <instance_material symbol="ID1829" target="#ID2" />
            </technique_common>
          </bind_material>
        </instance_geometry>
        <instance_geometry url="#ID1830">
          <bind_material>
            <technique_common>
              <instance_material symbol="ID1838" target="#ID2" />
            </technique_common>
          </bind_material>
        </instance_geometry>
        <instance_geometry url="#ID1839">
          <bind_material>
            <technique_common>
              <instance_material symbol="ID1847" target="#ID2" />
            </technique_common>
          </bind_material>
        </instance_geometry>
        <instance_geometry url="#ID1848">
          <bind_material>
            <technique_common>
              <instance_material symbol="ID1856" target="#ID2" />
            </technique_common>
          </bind_material>
        </instance_geometry>
        <instance_geometry url="#ID1857">
          <bind_material>
            <technique_common>
              <instance_material symbol="ID1865" target="#ID2" />
            </technique_common>
          </bind_material>
        </instance_geometry>
        <instance_geometry url="#ID1866">
          <bind_material>
            <technique_common>
              <instance_material symbol="ID1874" target="#ID2" />
            </technique_common>
          </bind_material>
        </instance_geometry>
        <instance_geometry url="#ID1875">
          <bind_material>
            <technique_common>
              <instance_material symbol="ID1883" target="#ID2" />
            </technique_common>
          </bind_material>
        </instance_geometry>
        <instance_geometry url="#ID1884">
          <bind_material>
            <technique_common>
              <instance_material symbol="ID1892" target="#ID2" />
            </technique_common>
          </bind_material>
        </instance_geometry>
        <instance_geometry url="#ID1893">
          <bind_material>
            <technique_common>
              <instance_material symbol="ID1901" target="#ID2" />
            </technique_common>
          </bind_material>
        </instance_geometry>
        <instance_geometry url="#ID1902">
          <bind_material>
            <technique_common>
              <instance_material symbol="ID1910" target="#ID2" />
            </technique_common>
          </bind_material>
        </instance_geometry>
        <instance_geometry url="#ID1911">
          <bind_material>
            <technique_common>
              <instance_material symbol="ID1919" target="#ID2" />
            </technique_common>
          </bind_material>
        </instance_geometry>
        <instance_geometry url="#ID1920">
          <bind_material>
            <technique_common>
              <instance_material symbol="ID1928" target="#ID2" />
            </technique_common>
          </bind_material>
        </instance_geometry>
        <instance_geometry url="#ID1929">
          <bind_material>
            <technique_common>
              <instance_material symbol="ID1937" target="#ID2" />
            </technique_common>
          </bind_material>
        </instance_geometry>
        <instance_geometry url="#ID1938">
          <bind_material>
            <technique_common>
              <instance_material symbol="ID1946" target="#ID2" />
            </technique_common>
          </bind_material>
        </instance_geometry>
        <instance_geometry url="#ID1947">
          <bind_material>
            <technique_common>
              <instance_material symbol="ID1955" target="#ID2" />
            </technique_common>
          </bind_material>
        </instance_geometry>
        <instance_geometry url="#ID1956">
          <bind_material>
            <technique_common>
              <instance_material symbol="ID1964" target="#ID2" />
            </technique_common>
          </bind_material>
        </instance_geometry>
        <instance_geometry url="#ID1965">
          <bind_material>
            <technique_common>
              <instance_material symbol="ID1973" target="#ID2" />
            </technique_common>
          </bind_material>
        </instance_geometry>
        <instance_geometry url="#ID1974">
          <bind_material>
            <technique_common>
              <instance_material symbol="ID1982" target="#ID2" />
            </technique_common>
          </bind_material>
        </instance_geometry>
        <instance_geometry url="#ID1983">
          <bind_material>
            <technique_common>
              <instance_material symbol="ID1991" target="#ID2" />
            </technique_common>
          </bind_material>
        </instance_geometry>
        <instance_geometry url="#ID1992">
          <bind_material>
            <technique_common>
              <instance_material symbol="ID2000" target="#ID2" />
            </technique_common>
          </bind_material>
        </instance_geometry>
      </node>
    </visual_scene>
  </library_visual_scenes>
  <scene>
    <instance_visual_scene url="#ID2001" />
  </scene>
</COLLADA>